order_id,order_date,region,country,category,product,sales_channel,customer_segment,sales_rep,units_sold,unit_price,unit_cost,discount_%,gross_revenue,discount_amount,net_revenue,total_cost,profit,payment_method,customer_rating,returned
100001,2024-01-01,Middle East & Africa,UAE,Electronics,Laptop Stand,Retail Store,Consumer,Casey Garcia,7,$182.96,$110.20,0%,"$1,280.72",$0.00,"$1,280.72",$771.40,$509.32,PayPal,4.2,No
100002,2024-01-01,Latin America,Chile,Apparel,Backpack,Wholesale,Small Business,Riley Muller,7,$129.22,$71.18,0%,$904.54,$0.00,$904.54,$498.26,$406.28,Debit Card,3.6,No
100003,2024-01-01,Asia Pacific,South Korea,Office Supplies,Monitor Arm,Online,Consumer,Casey Garcia,2,$380.66,$157.92,0%,$761.32,$0.00,$761.32,$315.84,$445.48,PayPal,4.3,No
100004,2024-01-01,Europe,Spain,Office Supplies,Ergonomic Chair,Retail Store,Small Business,Jamie Johansson,8,$65.84,$39.02,10%,$526.72,$52.67,$474.05,$312.16,$161.89,Credit Card,4.0,No
100005,2024-01-01,North America,Canada,Office Supplies,Monitor Arm,Retail Store,Consumer,Jamie Johansson,3,$124.97,$53.95,0%,$374.91,$0.00,$374.91,$161.85,$213.06,Credit Card,5.0,No
100006,2024-01-01,Europe,Germany,Apparel,Backpack,Online,Enterprise,Casey Garcia,1,$72.00,$42.92,0%,$72.00,$0.00,$72.00,$42.92,$29.08,Credit Card,3.5,No
100007,2024-01-01,Europe,Netherlands,Home & Kitchen,Vacuum Cleaner,Retail Store,Small Business,Diego Weber,23,$170.53,$93.86,0%,"$3,922.19",$0.00,"$3,922.19","$2,158.78","$1,763.41",Credit Card,3.4,Yes
100008,2024-01-01,Latin America,Brazil,Office Supplies,Desk Organizer,Marketplace,Small Business,Wei Dubois,10,$143.47,$78.45,0%,"$1,434.70",$0.00,"$1,434.70",$784.50,$650.20,Cash,3.3,Yes
100009,2024-01-01,Latin America,Brazil,Apparel,Yoga Pants,Wholesale,Consumer,Jamie Johansson,1,$109.72,$62.68,0%,$109.72,$0.00,$109.72,$62.68,$47.04,Cash,5.0,No
100010,2024-01-01,North America,United States,Home & Kitchen,Air Fryer,Online,Consumer,Amara Costa,4,$68.84,$43.14,0%,$275.36,$0.00,$275.36,$172.56,$102.80,Debit Card,4.9,No
100011,2024-01-02,Asia Pacific,Japan,Health & Beauty,Electric Toothbrush,Retail Store,Enterprise,Sofia Kowalski,20,$124.78,$52.78,0%,"$2,495.60",$0.00,"$2,495.60","$1,055.60","$1,440.00",Cash,4.9,No
100012,2024-01-02,Europe,United Kingdom,Home & Kitchen,Toaster,Online,Consumer,Drew Okafor,13,$84.78,$42.57,0%,"$1,102.14",$0.00,"$1,102.14",$553.41,$548.73,PayPal,5.0,No
100013,2024-01-02,Europe,France,Health & Beauty,Yoga Mat,Retail Store,Small Business,Jordan Chen,8,$53.96,$30.51,0%,$431.68,$0.00,$431.68,$244.08,$187.60,Debit Card,4.3,No
100014,2024-01-02,North America,Canada,Health & Beauty,Fitness Tracker,Marketplace,Consumer,Morgan Kim,6,$77.19,$38.90,0%,$463.14,$0.00,$463.14,$233.40,$229.74,Credit Card,3.9,No
100015,2024-01-02,Europe,United Kingdom,Apparel,Running Shoes,Retail Store,Consumer,Alex Reyes,5,$55.40,$27.73,0%,$277.00,$0.00,$277.00,$138.65,$138.35,PayPal,3.7,No
100016,2024-01-02,Asia Pacific,China,Home & Kitchen,Toaster,Online,Consumer,Lucas Novak,5,$88.12,$50.31,0%,$440.60,$0.00,$440.60,$251.55,$189.05,PayPal,3.0,No
100017,2024-01-03,Europe,United Kingdom,Health & Beauty,Skincare Set,Marketplace,Consumer,Sam Silva,3,$82.90,$45.28,10%,$248.70,$24.87,$223.83,$135.84,$87.99,Cash,4.7,No
100018,2024-01-03,North America,United States,Electronics,USB-C Hub,Online,Small Business,Priya Rossi,4,$331.29,$193.65,0%,"$1,325.16",$0.00,"$1,325.16",$774.60,$550.56,Credit Card,3.5,No
100019,2024-01-03,Asia Pacific,India,Health & Beauty,Yoga Mat,Online,Enterprise,Fatima Ahmed,9,$78.36,$36.82,0%,$705.24,$0.00,$705.24,$331.38,$373.86,Debit Card,4.6,No
100020,2024-01-03,North America,Canada,Electronics,Laptop Stand,Online,Consumer,Fatima Ahmed,2,$329.69,$145.60,0%,$659.38,$0.00,$659.38,$291.20,$368.18,Debit Card,3.8,No
100021,2024-01-03,North America,Canada,Apparel,Sunglasses,Wholesale,Consumer,Wei Dubois,12,$89.43,$36.52,5%,"$1,073.16",$53.66,"$1,019.50",$438.24,$581.26,PayPal,5.0,No
100022,2024-01-03,Asia Pacific,Singapore,Office Supplies,Ergonomic Chair,Marketplace,Consumer,Taylor Patel,5,$37.87,$24.43,10%,$189.35,$18.93,$170.42,$122.15,$48.27,PayPal,5.0,No
100023,2024-01-03,Middle East & Africa,UAE,Apparel,Backpack,Online,Consumer,Lucas Novak,1,$80.32,$35.52,0%,$80.32,$0.00,$80.32,$35.52,$44.80,Credit Card,4.1,No
100024,2024-01-03,Middle East & Africa,UAE,Office Supplies,Desk Organizer,Online,Consumer,Lucas Novak,13,$172.58,$80.78,15%,"$2,243.54",$336.53,"$1,907.01","$1,050.14",$856.87,Credit Card,4.3,No
100025,2024-01-04,North America,Canada,Electronics,Power Bank,Marketplace,Small Business,Wei Dubois,7,$97.90,$50.36,5%,$685.30,$34.26,$651.04,$352.52,$298.52,PayPal,3.9,Yes
100026,2024-01-04,Asia Pacific,Australia,Apparel,Running Shoes,Retail Store,Small Business,Lucas Novak,2,$62.36,$28.73,5%,$124.72,$6.24,$118.48,$57.46,$61.02,Credit Card,4.7,No
100027,2024-01-04,Europe,Germany,Health & Beauty,Yoga Mat,Marketplace,Consumer,Alex Reyes,2,$159.44,$88.99,0%,$318.88,$0.00,$318.88,$177.98,$140.90,PayPal,3.7,No
100028,2024-01-05,Europe,Germany,Office Supplies,Monitor Arm,Retail Store,Consumer,Sofia Kowalski,3,$357.22,$229.10,0%,"$1,071.66",$0.00,"$1,071.66",$687.30,$384.36,Credit Card,5.0,No
100029,2024-01-05,Latin America,Colombia,Home & Kitchen,Toaster,Online,Enterprise,Wei Dubois,3,$71.64,$34.73,5%,$214.92,$10.75,$204.17,$104.19,$99.98,Debit Card,4.5,No
100030,2024-01-05,Europe,Spain,Health & Beauty,Skincare Set,Retail Store,Consumer,Amara Costa,1,$172.42,$97.02,0%,$172.42,$0.00,$172.42,$97.02,$75.40,Cash,3.8,No
100031,2024-01-05,Europe,Spain,Office Supplies,Ergonomic Chair,Marketplace,Consumer,Fatima Ahmed,9,$31.88,$16.86,10%,$286.92,$28.69,$258.23,$151.74,$106.49,PayPal,5.0,No
100032,2024-01-05,North America,Canada,Home & Kitchen,Coffee Maker,Wholesale,Consumer,Jamie Johansson,5,$210.52,$118.92,10%,"$1,052.60",$105.26,$947.34,$594.60,$352.74,Credit Card,4.0,Yes
100033,2024-01-05,North America,Canada,Health & Beauty,Massage Gun,Online,Consumer,Alex Reyes,5,$88.56,$38.87,20%,$442.80,$88.56,$354.24,$194.35,$159.89,PayPal,2.9,Yes
100034,2024-01-06,Europe,France,Apparel,Sunglasses,Online,Consumer,Sam Silva,8,$95.62,$59.53,0%,$764.96,$0.00,$764.96,$476.24,$288.72,Credit Card,3.4,No
100035,2024-01-06,Middle East & Africa,UAE,Health & Beauty,Skincare Set,Marketplace,Small Business,Priya Rossi,21,$167.55,$91.50,10%,"$3,518.55",$351.86,"$3,166.69","$1,921.50","$1,245.19",Cash,4.0,No
100036,2024-01-07,Europe,Germany,Health & Beauty,Fitness Tracker,Online,Consumer,Jamie Johansson,4,$31.70,$20.39,0%,$126.80,$0.00,$126.80,$81.56,$45.24,Debit Card,3.4,Yes
100037,2024-01-07,Asia Pacific,China,Electronics,Wireless Earbuds,Marketplace,Enterprise,Diego Weber,4,$152.99,$89.73,0%,$611.96,$0.00,$611.96,$358.92,$253.04,PayPal,5.0,No
100038,2024-01-07,Asia Pacific,South Korea,Apparel,Denim Jacket,Retail Store,Consumer,Casey Garcia,17,$87.92,$53.81,0%,"$1,494.64",$0.00,"$1,494.64",$914.77,$579.87,Debit Card,3.3,Yes
100039,2024-01-07,Latin America,Argentina,Health & Beauty,Yoga Mat,Retail Store,Enterprise,Drew Okafor,3,$149.19,$68.74,0%,$447.57,$0.00,$447.57,$206.22,$241.35,Bank Transfer,3.0,No
100040,2024-01-07,North America,Mexico,Office Supplies,Ergonomic Chair,Online,Enterprise,Priya Rossi,9,$71.83,$37.28,15%,$646.47,$96.97,$549.50,$335.52,$213.98,Credit Card,2.9,No
100041,2024-01-07,North America,Mexico,Office Supplies,Standing Desk,Retail Store,Consumer,Diego Weber,3,$30.84,$13.47,0%,$92.52,$0.00,$92.52,$40.41,$52.11,Debit Card,4.0,No
100042,2024-01-07,North America,Canada,Apparel,Running Shoes,Online,Consumer,Casey Garcia,7,$134.34,$69.96,0%,$940.38,$0.00,$940.38,$489.72,$450.66,Credit Card,4.8,No
100043,2024-01-07,Europe,United Kingdom,Office Supplies,Monitor Arm,Online,Consumer,Taylor Patel,13,$175.52,$87.63,15%,"$2,281.76",$342.26,"$1,939.50","$1,139.19",$800.31,PayPal,5.0,No
100044,2024-01-07,Latin America,Argentina,Office Supplies,Monitor Arm,Online,Consumer,Riley Muller,5,$38.61,$22.22,0%,$193.05,$0.00,$193.05,$111.10,$81.95,Credit Card,5.0,No
100045,2024-01-08,Europe,United Kingdom,Health & Beauty,Hair Dryer,Retail Store,Consumer,Noah Santos,5,$155.40,$63.03,0%,$777.00,$0.00,$777.00,$315.15,$461.85,Credit Card,3.4,No
100046,2024-01-08,Europe,Netherlands,Apparel,Wool Sweater,Retail Store,Consumer,Amara Costa,13,$125.18,$80.52,0%,"$1,627.34",$0.00,"$1,627.34","$1,046.76",$580.58,PayPal,4.2,No
100047,2024-01-08,North America,Mexico,Apparel,Sunglasses,Retail Store,Consumer,Sofia Kowalski,6,$19.05,$9.62,15%,$114.30,$17.14,$97.16,$57.72,$39.44,Credit Card,5.0,No
100048,2024-01-08,Asia Pacific,Australia,Apparel,Backpack,Marketplace,Small Business,Elena Lindqvist,11,$114.39,$73.56,10%,"$1,258.29",$125.83,"$1,132.46",$809.16,$323.30,Credit Card,5.0,No
100049,2024-01-08,Latin America,Colombia,Electronics,Laptop Stand,Online,Enterprise,Drew Okafor,2,$297.97,$164.27,5%,$595.94,$29.80,$566.14,$328.54,$237.60,Credit Card,4.0,No
100050,2024-01-08,Europe,United Kingdom,Electronics,Smartwatch,Marketplace,Consumer,Wei Dubois,13,$170.29,$86.32,0%,"$2,213.77",$0.00,"$2,213.77","$1,122.16","$1,091.61",Credit Card,4.3,No
100051,2024-01-08,North America,Canada,Office Supplies,Standing Desk,Online,Consumer,Jordan Chen,2,$117.29,$73.91,0%,$234.58,$0.00,$234.58,$147.82,$86.76,Credit Card,5.0,No
100052,2024-01-08,North America,Mexico,Electronics,USB-C Hub,Retail Store,Small Business,Kenji Haddad,9,$84.37,$49.24,0%,$759.33,$0.00,$759.33,$443.16,$316.17,Credit Card,5.0,No
100053,2024-01-08,North America,Mexico,Health & Beauty,Massage Gun,Retail Store,Consumer,Drew Okafor,9,$80.52,$38.20,0%,$724.68,$0.00,$724.68,$343.80,$380.88,Debit Card,3.1,No
100054,2024-01-09,Asia Pacific,Singapore,Home & Kitchen,Air Fryer,Retail Store,Consumer,Sofia Kowalski,5,$41.65,$18.74,0%,$208.25,$0.00,$208.25,$93.70,$114.55,PayPal,4.6,No
100055,2024-01-09,Europe,Spain,Office Supplies,Ergonomic Chair,Marketplace,Small Business,Casey Garcia,7,$293.36,$122.69,0%,"$2,053.52",$0.00,"$2,053.52",$858.83,"$1,194.69",Debit Card,3.6,No
100056,2024-01-09,Asia Pacific,India,Apparel,Sunglasses,Retail Store,Consumer,Taylor Patel,18,$28.77,$15.57,15%,$517.86,$77.68,$440.18,$280.26,$159.92,PayPal,4.0,No
100057,2024-01-10,North America,Canada,Electronics,Smartwatch,Online,Consumer,Cameron Nakamura,3,$172.14,$102.39,0%,$516.42,$0.00,$516.42,$307.17,$209.25,Credit Card,4.2,Yes
100058,2024-01-10,North America,Canada,Health & Beauty,Yoga Mat,Marketplace,Enterprise,Sofia Kowalski,2,$108.38,$70.00,15%,$216.76,$32.51,$184.25,$140.00,$44.25,Credit Card,2.7,No
100059,2024-01-10,North America,Canada,Electronics,Bluetooth Speaker,Marketplace,Consumer,Drew Okafor,7,$302.79,$177.32,0%,"$2,119.53",$0.00,"$2,119.53","$1,241.24",$878.29,PayPal,4.0,No
100060,2024-01-10,Latin America,Chile,Office Supplies,Pen Set,Marketplace,Small Business,Riley Muller,16,$307.29,$189.82,15%,"$4,916.64",$737.50,"$4,179.14","$3,037.12","$1,142.02",Credit Card,5.0,No
100061,2024-01-10,North America,Canada,Home & Kitchen,Air Fryer,Retail Store,Consumer,Casey Garcia,12,$150.37,$95.91,0%,"$1,804.44",$0.00,"$1,804.44","$1,150.92",$653.52,Bank Transfer,3.7,No
100062,2024-01-10,Middle East & Africa,Nigeria,Electronics,Wireless Earbuds,Online,Consumer,Cameron Nakamura,15,$50.84,$27.84,0%,$762.60,$0.00,$762.60,$417.60,$345.00,Debit Card,2.5,No
100063,2024-01-10,Europe,Netherlands,Health & Beauty,Hair Dryer,Online,Small Business,Wei Dubois,9,$15.62,$6.92,10%,$140.58,$14.06,$126.52,$62.28,$64.24,Credit Card,2.9,No
100064,2024-01-10,Asia Pacific,India,Apparel,Denim Jacket,Retail Store,Consumer,Diego Weber,7,$135.63,$70.49,0%,$949.41,$0.00,$949.41,$493.43,$455.98,Credit Card,2.9,No
100065,2024-01-10,Europe,Italy,Office Supplies,Notebook Set,Marketplace,Consumer,Drew Okafor,17,$78.76,$45.61,10%,"$1,338.92",$133.89,"$1,205.03",$775.37,$429.66,PayPal,4.4,No
100066,2024-01-11,Europe,Italy,Home & Kitchen,Coffee Maker,Retail Store,Consumer,Riley Muller,4,$34.03,$15.37,15%,$136.12,$20.42,$115.70,$61.48,$54.22,Debit Card,4.7,No
100067,2024-01-11,North America,Mexico,Apparel,Yoga Pants,Online,Small Business,Elena Lindqvist,2,$130.64,$63.82,0%,$261.28,$0.00,$261.28,$127.64,$133.64,Debit Card,4.2,No
100068,2024-01-11,North America,United States,Health & Beauty,Massage Gun,Marketplace,Enterprise,Wei Dubois,11,$120.80,$72.37,0%,"$1,328.80",$0.00,"$1,328.80",$796.07,$532.73,Debit Card,3.7,No
100069,2024-01-11,North America,Mexico,Health & Beauty,Yoga Mat,Online,Consumer,Lucas Novak,7,$23.46,$10.56,0%,$164.22,$0.00,$164.22,$73.92,$90.30,Credit Card,4.1,No
100070,2024-01-11,North America,Mexico,Home & Kitchen,Toaster,Online,Small Business,Riley Muller,7,$134.45,$78.17,0%,$941.15,$0.00,$941.15,$547.19,$393.96,PayPal,3.9,No
100071,2024-01-12,Asia Pacific,Australia,Apparel,Denim Jacket,Wholesale,Consumer,Fatima Ahmed,9,$37.00,$18.26,0%,$333.00,$0.00,$333.00,$164.34,$168.66,PayPal,5.0,No
100072,2024-01-12,Europe,United Kingdom,Apparel,Wool Sweater,Online,Consumer,Fatima Ahmed,8,$32.06,$17.94,0%,$256.48,$0.00,$256.48,$143.52,$112.96,Bank Transfer,5.0,No
100073,2024-01-12,Asia Pacific,South Korea,Home & Kitchen,Air Fryer,Online,Small Business,Kenji Haddad,9,$141.99,$76.18,0%,"$1,277.91",$0.00,"$1,277.91",$685.62,$592.29,PayPal,3.9,No
100074,2024-01-12,North America,United States,Apparel,Sunglasses,Marketplace,Consumer,Fatima Ahmed,12,$59.38,$29.15,0%,$712.56,$0.00,$712.56,$349.80,$362.76,Debit Card,4.1,No
100075,2024-01-12,Europe,United Kingdom,Home & Kitchen,Coffee Maker,Marketplace,Consumer,Kenji Haddad,18,$108.34,$68.07,10%,"$1,950.12",$195.01,"$1,755.11","$1,225.26",$529.85,Credit Card,5.0,No
100076,2024-01-12,Asia Pacific,China,Office Supplies,Notebook Set,Online,Consumer,Diego Weber,13,$237.69,$119.46,10%,"$3,089.97",$309.00,"$2,780.97","$1,552.98","$1,227.99",Credit Card,3.9,No
100077,2024-01-12,North America,Canada,Home & Kitchen,Vacuum Cleaner,Marketplace,Consumer,Alex Reyes,4,$143.99,$75.26,20%,$575.96,$115.19,$460.77,$301.04,$159.73,Debit Card,3.8,No
100078,2024-01-12,North America,Canada,Home & Kitchen,Toaster,Retail Store,Small Business,Lucas Novak,2,$217.59,$112.10,0%,$435.18,$0.00,$435.18,$224.20,$210.98,Credit Card,4.2,No
100079,2024-01-12,Europe,Spain,Electronics,Bluetooth Speaker,Online,Small Business,Taylor Patel,3,$279.79,$171.59,10%,$839.37,$83.94,$755.43,$514.77,$240.66,Debit Card,4.3,No
100080,2024-01-12,Europe,Netherlands,Home & Kitchen,Coffee Maker,Marketplace,Consumer,Cameron Nakamura,9,$138.96,$67.02,0%,"$1,250.64",$0.00,"$1,250.64",$603.18,$647.46,Bank Transfer,4.7,No
100081,2024-01-12,North America,Mexico,Electronics,Bluetooth Speaker,Online,Consumer,Elena Lindqvist,6,$290.83,$149.61,20%,"$1,744.98",$349.00,"$1,395.98",$897.66,$498.32,Credit Card,3.9,No
100082,2024-01-12,North America,United States,Health & Beauty,Yoga Mat,Online,Consumer,Jamie Johansson,6,$120.96,$74.53,0%,$725.76,$0.00,$725.76,$447.18,$278.58,Credit Card,3.8,No
100083,2024-01-12,North America,United States,Health & Beauty,Massage Gun,Retail Store,Consumer,Priya Rossi,11,$172.31,$79.99,0%,"$1,895.41",$0.00,"$1,895.41",$879.89,"$1,015.52",Credit Card,4.5,No
100084,2024-01-13,North America,Canada,Home & Kitchen,Cookware Set,Online,Enterprise,Riley Muller,8,$140.07,$72.68,10%,"$1,120.56",$112.06,"$1,008.50",$581.44,$427.06,PayPal,4.2,No
100085,2024-01-13,Asia Pacific,South Korea,Home & Kitchen,Toaster,Retail Store,Enterprise,Noah Santos,14,$132.39,$83.54,0%,"$1,853.46",$0.00,"$1,853.46","$1,169.56",$683.90,PayPal,4.9,No
100086,2024-01-13,Europe,Italy,Health & Beauty,Massage Gun,Retail Store,Consumer,Noah Santos,1,$135.67,$70.28,15%,$135.67,$20.35,$115.32,$70.28,$45.04,Debit Card,4.3,No
100087,2024-01-13,Asia Pacific,South Korea,Apparel,Running Shoes,Online,Consumer,Taylor Patel,17,$91.51,$49.74,5%,"$1,555.67",$77.78,"$1,477.89",$845.58,$632.31,Bank Transfer,3.6,No
100088,2024-01-13,North America,Canada,Health & Beauty,Massage Gun,Online,Small Business,Sam Silva,5,$138.63,$76.38,0%,$693.15,$0.00,$693.15,$381.90,$311.25,Debit Card,4.1,No
100089,2024-01-13,Asia Pacific,India,Apparel,Backpack,Retail Store,Consumer,Sam Silva,7,$144.58,$84.13,10%,"$1,012.06",$101.21,$910.85,$588.91,$321.94,Credit Card,5.0,No
100090,2024-01-13,Europe,Spain,Apparel,Wool Sweater,Retail Store,Consumer,Wei Dubois,14,$91.77,$52.50,0%,"$1,284.78",$0.00,"$1,284.78",$735.00,$549.78,Bank Transfer,3.6,No
100091,2024-01-13,Europe,Italy,Electronics,Power Bank,Marketplace,Consumer,Diego Weber,13,$30.46,$17.69,0%,$395.98,$0.00,$395.98,$229.97,$166.01,Debit Card,3.0,No
100092,2024-01-13,Asia Pacific,China,Home & Kitchen,Toaster,Retail Store,Small Business,Amara Costa,3,$81.48,$44.26,0%,$244.44,$0.00,$244.44,$132.78,$111.66,Debit Card,3.8,No
100093,2024-01-14,Asia Pacific,South Korea,Apparel,Denim Jacket,Retail Store,Enterprise,Cameron Nakamura,9,$110.11,$66.85,5%,$990.99,$49.55,$941.44,$601.65,$339.79,Credit Card,4.3,No
100094,2024-01-14,North America,Mexico,Apparel,Sunglasses,Retail Store,Small Business,Fatima Ahmed,8,$15.69,$9.09,0%,$125.52,$0.00,$125.52,$72.72,$52.80,Debit Card,4.1,No
100095,2024-01-14,Europe,United Kingdom,Office Supplies,Notebook Set,Wholesale,Consumer,Morgan Kim,9,$17.77,$9.94,0%,$159.93,$0.00,$159.93,$89.46,$70.47,Credit Card,5.0,No
100096,2024-01-14,North America,Canada,Electronics,USB-C Hub,Marketplace,Consumer,Drew Okafor,6,$267.04,$117.52,0%,"$1,602.24",$0.00,"$1,602.24",$705.12,$897.12,Debit Card,4.1,No
100097,2024-01-14,Asia Pacific,China,Apparel,Running Shoes,Retail Store,Consumer,Priya Rossi,8,$142.22,$91.94,0%,"$1,137.76",$0.00,"$1,137.76",$735.52,$402.24,Debit Card,2.7,No
100098,2024-01-14,Middle East & Africa,South Africa,Apparel,Yoga Pants,Marketplace,Consumer,Wei Dubois,2,$146.35,$91.71,0%,$292.70,$0.00,$292.70,$183.42,$109.28,Credit Card,5.0,No
100099,2024-01-15,Asia Pacific,India,Home & Kitchen,Blender,Marketplace,Consumer,Casey Garcia,7,$204.45,$88.88,0%,"$1,431.15",$0.00,"$1,431.15",$622.16,$808.99,Credit Card,5.0,No
100100,2024-01-15,North America,Canada,Health & Beauty,Fitness Tracker,Retail Store,Consumer,Taylor Patel,8,$141.25,$72.72,5%,"$1,130.00",$56.50,"$1,073.50",$581.76,$491.74,Debit Card,4.4,No
100101,2024-01-15,Europe,Germany,Electronics,USB-C Hub,Online,Small Business,Fatima Ahmed,11,$95.76,$51.91,0%,"$1,053.36",$0.00,"$1,053.36",$571.01,$482.35,PayPal,5.0,No
100102,2024-01-15,Europe,Netherlands,Office Supplies,Notebook Set,Wholesale,Consumer,Sam Silva,5,$261.64,$107.11,0%,"$1,308.20",$0.00,"$1,308.20",$535.55,$772.65,PayPal,4.5,No
100103,2024-01-15,North America,Canada,Apparel,Denim Jacket,Marketplace,Small Business,Fatima Ahmed,6,$50.79,$23.59,0%,$304.74,$0.00,$304.74,$141.54,$163.20,Credit Card,4.1,No
100104,2024-01-15,North America,United States,Apparel,Running Shoes,Online,Small Business,Lucas Novak,11,$79.20,$50.17,0%,$871.20,$0.00,$871.20,$551.87,$319.33,Credit Card,3.4,No
100105,2024-01-16,Middle East & Africa,UAE,Health & Beauty,Massage Gun,Wholesale,Consumer,Morgan Kim,5,$149.40,$72.07,20%,$747.00,$149.40,$597.60,$360.35,$237.25,PayPal,3.5,No
100106,2024-01-16,Europe,United Kingdom,Apparel,Backpack,Online,Consumer,Jordan Chen,2,$40.20,$24.98,0%,$80.40,$0.00,$80.40,$49.96,$30.44,PayPal,4.9,No
100107,2024-01-16,Asia Pacific,South Korea,Apparel,Denim Jacket,Online,Small Business,Drew Okafor,5,$27.53,$15.38,0%,$137.65,$0.00,$137.65,$76.90,$60.75,PayPal,2.7,No
100108,2024-01-16,Asia Pacific,South Korea,Health & Beauty,Massage Gun,Marketplace,Small Business,Diego Weber,2,$63.48,$27.97,0%,$126.96,$0.00,$126.96,$55.94,$71.02,Debit Card,4.1,Yes
100109,2024-01-16,Asia Pacific,Japan,Home & Kitchen,Toaster,Online,Small Business,Lucas Novak,10,$77.06,$49.07,0%,$770.60,$0.00,$770.60,$490.70,$279.90,PayPal,5.0,No
100110,2024-01-17,North America,United States,Apparel,Sunglasses,Online,Small Business,Jamie Johansson,12,$92.53,$39.67,10%,"$1,110.36",$111.04,$999.32,$476.04,$523.28,Bank Transfer,3.7,No
100111,2024-01-17,Latin America,Argentina,Home & Kitchen,Blender,Marketplace,Consumer,Priya Rossi,5,$194.08,$117.28,0%,$970.40,$0.00,$970.40,$586.40,$384.00,Bank Transfer,3.1,No
100112,2024-01-17,Europe,Spain,Home & Kitchen,Toaster,Online,Small Business,Priya Rossi,6,$122.80,$70.94,0%,$736.80,$0.00,$736.80,$425.64,$311.16,Debit Card,4.3,No
100113,2024-01-17,North America,Canada,Electronics,Wireless Earbuds,Online,Consumer,Lucas Novak,10,$100.17,$52.42,5%,"$1,001.70",$50.09,$951.61,$524.20,$427.41,Credit Card,4.9,No
100114,2024-01-17,Asia Pacific,South Korea,Health & Beauty,Skincare Set,Marketplace,Small Business,Riley Muller,5,$79.69,$38.54,0%,$398.45,$0.00,$398.45,$192.70,$205.75,Credit Card,4.7,No
100115,2024-01-17,Asia Pacific,Australia,Office Supplies,Desk Organizer,Online,Small Business,Alex Reyes,14,$78.43,$42.43,0%,"$1,098.02",$0.00,"$1,098.02",$594.02,$504.00,Credit Card,4.3,No
100116,2024-01-17,Asia Pacific,South Korea,Electronics,Laptop Stand,Retail Store,Small Business,Sam Silva,3,$149.95,$63.43,0%,$449.85,$0.00,$449.85,$190.29,$259.56,Cash,2.6,No
100117,2024-01-17,North America,Canada,Health & Beauty,Yoga Mat,Wholesale,Consumer,Kenji Haddad,5,$92.65,$52.82,0%,$463.25,$0.00,$463.25,$264.10,$199.15,Bank Transfer,5.0,No
100118,2024-01-17,Europe,Netherlands,Office Supplies,Monitor Arm,Online,Consumer,Amara Costa,9,$266.16,$134.03,5%,"$2,395.44",$119.77,"$2,275.67","$1,206.27","$1,069.40",Credit Card,4.4,No
100119,2024-01-17,Europe,United Kingdom,Apparel,Yoga Pants,Wholesale,Consumer,Wei Dubois,6,$75.14,$43.92,0%,$450.84,$0.00,$450.84,$263.52,$187.32,PayPal,4.5,No
100120,2024-01-17,North America,United States,Apparel,Running Shoes,Retail Store,Consumer,Riley Muller,9,$61.51,$32.08,0%,$553.59,$0.00,$553.59,$288.72,$264.87,Bank Transfer,2.7,No
100121,2024-01-17,Asia Pacific,Singapore,Apparel,Yoga Pants,Marketplace,Consumer,Riley Muller,10,$148.21,$92.28,15%,"$1,482.10",$222.31,"$1,259.79",$922.80,$336.99,Bank Transfer,5.0,No
100122,2024-01-18,North America,United States,Office Supplies,Pen Set,Retail Store,Consumer,Jamie Johansson,9,$46.65,$23.52,15%,$419.85,$62.98,$356.87,$211.68,$145.19,Credit Card,4.4,No
100123,2024-01-18,Europe,Germany,Health & Beauty,Skincare Set,Online,Consumer,Sofia Kowalski,2,$131.44,$82.53,0%,$262.88,$0.00,$262.88,$165.06,$97.82,Debit Card,4.3,No
100124,2024-01-18,North America,Canada,Health & Beauty,Yoga Mat,Wholesale,Enterprise,Riley Muller,3,$150.31,$89.84,0%,$450.93,$0.00,$450.93,$269.52,$181.41,Debit Card,4.0,No
100125,2024-01-19,Middle East & Africa,South Africa,Electronics,Wireless Earbuds,Wholesale,Enterprise,Noah Santos,6,$315.32,$151.22,0%,"$1,891.92",$0.00,"$1,891.92",$907.32,$984.60,Bank Transfer,3.3,No
100126,2024-01-19,Europe,France,Apparel,Wool Sweater,Online,Consumer,Sam Silva,13,$38.27,$17.60,0%,$497.51,$0.00,$497.51,$228.80,$268.71,Credit Card,4.4,Yes
100127,2024-01-19,Europe,Italy,Office Supplies,Desk Organizer,Marketplace,Small Business,Alex Reyes,12,$89.29,$42.97,0%,"$1,071.48",$0.00,"$1,071.48",$515.64,$555.84,Bank Transfer,4.3,No
100128,2024-01-19,Europe,Italy,Apparel,Wool Sweater,Retail Store,Small Business,Lucas Novak,8,$71.42,$45.56,10%,$571.36,$57.14,$514.22,$364.48,$149.74,Debit Card,4.1,No
100129,2024-01-19,Europe,United Kingdom,Health & Beauty,Skincare Set,Online,Consumer,Cameron Nakamura,8,$48.71,$31.47,5%,$389.68,$19.48,$370.20,$251.76,$118.44,Credit Card,3.6,No
100130,2024-01-19,Europe,Germany,Health & Beauty,Massage Gun,Retail Store,Consumer,Diego Weber,6,$163.13,$100.95,0%,$978.78,$0.00,$978.78,$605.70,$373.08,Credit Card,5.0,No
100131,2024-01-19,Europe,Germany,Health & Beauty,Fitness Tracker,Marketplace,Consumer,Alex Reyes,8,$118.55,$64.86,0%,$948.40,$0.00,$948.40,$518.88,$429.52,Bank Transfer,3.5,No
100132,2024-01-19,North America,United States,Apparel,Yoga Pants,Retail Store,Small Business,Drew Okafor,5,$149.44,$64.97,0%,$747.20,$0.00,$747.20,$324.85,$422.35,Debit Card,3.3,No
100133,2024-01-19,North America,United States,Home & Kitchen,Coffee Maker,Retail Store,Small Business,Lucas Novak,21,$212.42,$136.55,0%,"$4,460.82",$0.00,"$4,460.82","$2,867.55","$1,593.27",Bank Transfer,4.3,No
100134,2024-01-19,North America,Canada,Electronics,Wireless Earbuds,Online,Consumer,Jordan Chen,9,$57.85,$23.68,0%,$520.65,$0.00,$520.65,$213.12,$307.53,Credit Card,4.9,No
100135,2024-01-19,North America,Mexico,Electronics,Wireless Earbuds,Retail Store,Small Business,Riley Muller,2,$171.67,$84.03,0%,$343.34,$0.00,$343.34,$168.06,$175.28,Credit Card,4.0,No
100136,2024-01-20,Asia Pacific,Singapore,Electronics,Wireless Earbuds,Online,Consumer,Jamie Johansson,11,$246.15,$135.17,10%,"$2,707.65",$270.77,"$2,436.88","$1,486.87",$950.01,Debit Card,4.7,No
100137,2024-01-20,Europe,Spain,Apparel,Sunglasses,Marketplace,Consumer,Noah Santos,2,$99.35,$47.04,5%,$198.70,$9.94,$188.76,$94.08,$94.68,Credit Card,4.4,No
100138,2024-01-20,Europe,United Kingdom,Health & Beauty,Hair Dryer,Online,Small Business,Noah Santos,7,$95.73,$45.91,0%,$670.11,$0.00,$670.11,$321.37,$348.74,Credit Card,3.4,Yes
100139,2024-01-20,Asia Pacific,China,Office Supplies,Notebook Set,Online,Enterprise,Kenji Haddad,20,$190.21,$112.78,0%,"$3,804.20",$0.00,"$3,804.20","$2,255.60","$1,548.60",PayPal,4.0,Yes
100140,2024-01-20,North America,Mexico,Home & Kitchen,Air Fryer,Online,Consumer,Noah Santos,5,$60.75,$28.53,10%,$303.75,$30.38,$273.37,$142.65,$130.72,Credit Card,4.0,No
100141,2024-01-20,Asia Pacific,Australia,Office Supplies,Desk Organizer,Online,Small Business,Casey Garcia,7,$155.77,$65.01,5%,"$1,090.39",$54.52,"$1,035.87",$455.07,$580.80,Credit Card,5.0,No
100142,2024-01-20,Asia Pacific,Australia,Electronics,Smartwatch,Retail Store,Consumer,Fatima Ahmed,8,$58.41,$24.59,0%,$467.28,$0.00,$467.28,$196.72,$270.56,Credit Card,3.2,No
100143,2024-01-20,Middle East & Africa,Saudi Arabia,Apparel,Denim Jacket,Online,Consumer,Amara Costa,10,$59.02,$31.40,10%,$590.20,$59.02,$531.18,$314.00,$217.18,Debit Card,5.0,No
100144,2024-01-21,Asia Pacific,South Korea,Home & Kitchen,Toaster,Wholesale,Consumer,Noah Santos,11,$185.25,$81.94,0%,"$2,037.75",$0.00,"$2,037.75",$901.34,"$1,136.41",PayPal,3.4,No
100145,2024-01-21,Latin America,Chile,Office Supplies,Standing Desk,Marketplace,Enterprise,Kenji Haddad,8,$199.39,$117.86,0%,"$1,595.12",$0.00,"$1,595.12",$942.88,$652.24,PayPal,4.3,Yes
100146,2024-01-21,Asia Pacific,South Korea,Home & Kitchen,Toaster,Retail Store,Small Business,Jordan Chen,6,$23.83,$13.10,0%,$142.98,$0.00,$142.98,$78.60,$64.38,Credit Card,5.0,No
100147,2024-01-21,Middle East & Africa,Nigeria,Health & Beauty,Yoga Mat,Online,Consumer,Noah Santos,18,$14.55,$6.24,0%,$261.90,$0.00,$261.90,$112.32,$149.58,Cash,4.0,No
100148,2024-01-21,North America,United States,Office Supplies,Monitor Arm,Online,Consumer,Jordan Chen,4,$123.92,$76.82,10%,$495.68,$49.57,$446.11,$307.28,$138.83,Bank Transfer,4.6,No
100149,2024-01-21,Asia Pacific,Singapore,Apparel,Wool Sweater,Online,Consumer,Sofia Kowalski,5,$142.58,$72.64,0%,$712.90,$0.00,$712.90,$363.20,$349.70,Debit Card,4.0,No
100150,2024-01-21,Latin America,Colombia,Electronics,Laptop Stand,Retail Store,Enterprise,Taylor Patel,1,$191.96,$78.27,0%,$191.96,$0.00,$191.96,$78.27,$113.69,Credit Card,4.2,No
100151,2024-01-21,North America,United States,Apparel,Wool Sweater,Wholesale,Consumer,Sam Silva,3,$149.36,$92.19,15%,$448.08,$67.21,$380.87,$276.57,$104.30,PayPal,3.7,No
100152,2024-01-22,North America,Canada,Office Supplies,Notebook Set,Marketplace,Small Business,Sofia Kowalski,11,$93.32,$45.41,0%,"$1,026.52",$0.00,"$1,026.52",$499.51,$527.01,Debit Card,3.3,No
100153,2024-01-22,Europe,Netherlands,Health & Beauty,Hair Dryer,Retail Store,Consumer,Diego Weber,8,$90.53,$53.86,0%,$724.24,$0.00,$724.24,$430.88,$293.36,Credit Card,2.8,No
100154,2024-01-22,Middle East & Africa,Nigeria,Health & Beauty,Skincare Set,Marketplace,Consumer,Sofia Kowalski,12,$86.71,$54.65,0%,"$1,040.52",$0.00,"$1,040.52",$655.80,$384.72,PayPal,3.5,Yes
100155,2024-01-22,Asia Pacific,Singapore,Health & Beauty,Electric Toothbrush,Marketplace,Enterprise,Riley Muller,3,$96.90,$49.57,0%,$290.70,$0.00,$290.70,$148.71,$141.99,Credit Card,4.3,No
100156,2024-01-22,North America,Canada,Office Supplies,Desk Organizer,Marketplace,Enterprise,Alex Reyes,6,$39.37,$18.88,10%,$236.22,$23.62,$212.60,$113.28,$99.32,Bank Transfer,3.7,Yes
100157,2024-01-22,Asia Pacific,China,Health & Beauty,Yoga Mat,Online,Consumer,Jamie Johansson,8,$29.91,$18.12,10%,$239.28,$23.93,$215.35,$144.96,$70.39,Credit Card,4.0,No
100158,2024-01-22,Europe,Netherlands,Health & Beauty,Skincare Set,Online,Enterprise,Elena Lindqvist,8,$130.99,$84.01,0%,"$1,047.92",$0.00,"$1,047.92",$672.08,$375.84,PayPal,4.9,No
100159,2024-01-22,Europe,Germany,Office Supplies,Monitor Arm,Online,Small Business,Sofia Kowalski,13,$287.24,$175.42,0%,"$3,734.12",$0.00,"$3,734.12","$2,280.46","$1,453.66",Credit Card,3.9,No
100160,2024-01-22,North America,Mexico,Office Supplies,Standing Desk,Retail Store,Small Business,Amara Costa,13,$182.44,$102.63,0%,"$2,371.72",$0.00,"$2,371.72","$1,334.19","$1,037.53",Credit Card,5.0,No
100161,2024-01-22,Latin America,Chile,Home & Kitchen,Air Fryer,Online,Consumer,Morgan Kim,14,$58.88,$32.25,0%,$824.32,$0.00,$824.32,$451.50,$372.82,Debit Card,5.0,No
100162,2024-01-22,Europe,France,Electronics,Laptop Stand,Online,Consumer,Drew Okafor,2,$232.28,$129.90,5%,$464.56,$23.23,$441.33,$259.80,$181.53,Credit Card,4.9,No
100163,2024-01-23,North America,Mexico,Apparel,Denim Jacket,Retail Store,Small Business,Cameron Nakamura,12,$120.36,$74.09,10%,"$1,444.32",$144.43,"$1,299.89",$889.08,$410.81,Credit Card,4.9,No
100164,2024-01-23,Asia Pacific,Singapore,Home & Kitchen,Coffee Maker,Retail Store,Consumer,Sofia Kowalski,1,$83.76,$46.42,0%,$83.76,$0.00,$83.76,$46.42,$37.34,Credit Card,3.9,No
100165,2024-01-23,Latin America,Argentina,Home & Kitchen,Blender,Online,Consumer,Elena Lindqvist,2,$50.01,$31.62,10%,$100.02,$10.00,$90.02,$63.24,$26.78,PayPal,5.0,No
100166,2024-01-23,North America,United States,Electronics,Laptop Stand,Online,Consumer,Drew Okafor,18,$228.25,$137.35,0%,"$4,108.50",$0.00,"$4,108.50","$2,472.30","$1,636.20",Debit Card,4.9,No
100167,2024-01-23,Europe,Netherlands,Health & Beauty,Fitness Tracker,Online,Consumer,Lucas Novak,15,$165.68,$72.24,5%,"$2,485.20",$124.26,"$2,360.94","$1,083.60","$1,277.34",Credit Card,4.1,No
100168,2024-01-23,North America,Canada,Electronics,Power Bank,Retail Store,Consumer,Priya Rossi,7,$231.89,$148.44,5%,"$1,623.23",$81.16,"$1,542.07","$1,039.08",$502.99,Debit Card,3.8,No
100169,2024-01-23,Asia Pacific,Japan,Apparel,Wool Sweater,Retail Store,Consumer,Jordan Chen,15,$63.68,$39.53,0%,$955.20,$0.00,$955.20,$592.95,$362.25,Debit Card,4.5,No
100170,2024-01-23,Asia Pacific,India,Electronics,Laptop Stand,Marketplace,Enterprise,Sam Silva,7,$133.25,$64.04,0%,$932.75,$0.00,$932.75,$448.28,$484.47,Credit Card,3.9,No
100171,2024-01-24,North America,Canada,Apparel,Denim Jacket,Retail Store,Consumer,Riley Muller,7,$91.07,$50.24,5%,$637.49,$31.87,$605.62,$351.68,$253.94,Bank Transfer,3.2,No
100172,2024-01-25,Europe,United Kingdom,Electronics,Bluetooth Speaker,Marketplace,Consumer,Alex Reyes,12,$269.84,$152.15,5%,"$3,238.08",$161.90,"$3,076.18","$1,825.80","$1,250.38",Debit Card,5.0,No
100173,2024-01-25,Asia Pacific,India,Electronics,Smartwatch,Marketplace,Consumer,Jamie Johansson,5,$299.56,$145.85,0%,"$1,497.80",$0.00,"$1,497.80",$729.25,$768.55,Bank Transfer,4.1,No
100174,2024-01-25,Europe,United Kingdom,Office Supplies,Ergonomic Chair,Online,Consumer,Noah Santos,9,$305.09,$190.09,0%,"$2,745.81",$0.00,"$2,745.81","$1,710.81","$1,035.00",Debit Card,3.6,No
100175,2024-01-25,North America,United States,Office Supplies,Pen Set,Marketplace,Consumer,Wei Dubois,11,$92.37,$41.86,0%,"$1,016.07",$0.00,"$1,016.07",$460.46,$555.61,Cash,4.5,No
100176,2024-01-25,North America,United States,Health & Beauty,Skincare Set,Retail Store,Consumer,Casey Garcia,8,$107.03,$55.12,0%,$856.24,$0.00,$856.24,$440.96,$415.28,Debit Card,3.9,No
100177,2024-01-25,North America,Mexico,Electronics,Wireless Earbuds,Wholesale,Consumer,Morgan Kim,5,$64.25,$39.14,10%,$321.25,$32.12,$289.13,$195.70,$93.43,Debit Card,4.1,No
100178,2024-01-25,North America,Canada,Apparel,Yoga Pants,Online,Enterprise,Sam Silva,10,$106.18,$61.70,5%,"$1,061.80",$53.09,"$1,008.71",$617.00,$391.71,PayPal,4.0,No
100179,2024-01-25,Europe,United Kingdom,Office Supplies,Ergonomic Chair,Online,Consumer,Taylor Patel,7,$356.56,$154.20,0%,"$2,495.92",$0.00,"$2,495.92","$1,079.40","$1,416.52",Bank Transfer,3.2,No
100180,2024-01-25,Europe,Germany,Office Supplies,Standing Desk,Online,Consumer,Alex Reyes,3,$319.31,$142.54,0%,$957.93,$0.00,$957.93,$427.62,$530.31,Credit Card,5.0,No
100181,2024-01-26,Asia Pacific,Singapore,Home & Kitchen,Air Fryer,Retail Store,Consumer,Drew Okafor,6,$157.48,$70.39,0%,$944.88,$0.00,$944.88,$422.34,$522.54,Debit Card,5.0,No
100182,2024-01-26,Europe,United Kingdom,Apparel,Wool Sweater,Online,Consumer,Priya Rossi,21,$35.69,$14.87,0%,$749.49,$0.00,$749.49,$312.27,$437.22,Bank Transfer,4.0,Yes
100183,2024-01-26,North America,Canada,Electronics,Wireless Earbuds,Wholesale,Consumer,Sofia Kowalski,12,$153.35,$97.99,5%,"$1,840.20",$92.01,"$1,748.19","$1,175.88",$572.31,Bank Transfer,3.3,No
100184,2024-01-26,North America,Mexico,Home & Kitchen,Cookware Set,Retail Store,Consumer,Wei Dubois,4,$27.84,$14.86,0%,$111.36,$0.00,$111.36,$59.44,$51.92,Credit Card,3.9,No
100185,2024-01-26,Latin America,Chile,Home & Kitchen,Air Fryer,Marketplace,Consumer,Amara Costa,3,$150.02,$97.39,0%,$450.06,$0.00,$450.06,$292.17,$157.89,Credit Card,3.4,No
100186,2024-01-26,North America,United States,Electronics,USB-C Hub,Marketplace,Enterprise,Sofia Kowalski,6,$129.74,$84.27,0%,$778.44,$0.00,$778.44,$505.62,$272.82,Debit Card,4.0,No
100187,2024-01-27,Europe,Spain,Office Supplies,Notebook Set,Online,Consumer,Alex Reyes,6,$87.67,$51.08,0%,$526.02,$0.00,$526.02,$306.48,$219.54,Bank Transfer,3.1,No
100188,2024-01-27,Asia Pacific,China,Health & Beauty,Hair Dryer,Wholesale,Consumer,Cameron Nakamura,14,$13.66,$8.11,0%,$191.24,$0.00,$191.24,$113.54,$77.70,Credit Card,4.1,No
100189,2024-01-27,North America,Mexico,Office Supplies,Notebook Set,Online,Enterprise,Lucas Novak,3,$134.09,$56.45,10%,$402.27,$40.23,$362.04,$169.35,$192.69,Credit Card,3.8,No
100190,2024-01-27,Asia Pacific,Australia,Home & Kitchen,Air Fryer,Marketplace,Consumer,Diego Weber,17,$122.85,$51.28,0%,"$2,088.45",$0.00,"$2,088.45",$871.76,"$1,216.69",Cash,3.3,No
100191,2024-01-27,Europe,United Kingdom,Home & Kitchen,Cookware Set,Retail Store,Enterprise,Riley Muller,10,$194.71,$92.22,0%,"$1,947.10",$0.00,"$1,947.10",$922.20,"$1,024.90",Bank Transfer,3.8,No
100192,2024-01-28,Middle East & Africa,UAE,Home & Kitchen,Air Fryer,Retail Store,Small Business,Priya Rossi,9,$163.84,$68.48,0%,"$1,474.56",$0.00,"$1,474.56",$616.32,$858.24,Cash,5.0,No
100193,2024-01-28,Asia Pacific,South Korea,Home & Kitchen,Cookware Set,Wholesale,Small Business,Casey Garcia,3,$70.19,$28.18,10%,$210.57,$21.06,$189.51,$84.54,$104.97,Credit Card,4.4,No
100194,2024-01-28,Latin America,Colombia,Electronics,Laptop Stand,Retail Store,Consumer,Cameron Nakamura,7,$222.64,$118.73,10%,"$1,558.48",$155.85,"$1,402.63",$831.11,$571.52,Bank Transfer,4.5,No
100195,2024-01-28,Middle East & Africa,Saudi Arabia,Electronics,Bluetooth Speaker,Online,Small Business,Alex Reyes,6,$107.02,$49.21,0%,$642.12,$0.00,$642.12,$295.26,$346.86,Debit Card,4.8,No
100196,2024-01-28,North America,Canada,Apparel,Wool Sweater,Online,Small Business,Fatima Ahmed,11,$126.03,$81.47,10%,"$1,386.33",$138.63,"$1,247.70",$896.17,$351.53,PayPal,4.8,No
100197,2024-01-28,North America,Canada,Home & Kitchen,Cookware Set,Online,Consumer,Fatima Ahmed,3,$146.31,$92.64,15%,$438.93,$65.84,$373.09,$277.92,$95.17,Credit Card,4.3,No
100198,2024-01-28,Latin America,Colombia,Apparel,Denim Jacket,Online,Consumer,Drew Okafor,13,$16.94,$7.40,5%,$220.22,$11.01,$209.21,$96.20,$113.01,Cash,4.7,No
100199,2024-01-29,North America,United States,Apparel,Backpack,Marketplace,Consumer,Priya Rossi,8,$73.06,$36.59,0%,$584.48,$0.00,$584.48,$292.72,$291.76,PayPal,4.2,No
100200,2024-01-29,Asia Pacific,Australia,Home & Kitchen,Air Fryer,Marketplace,Consumer,Priya Rossi,3,$133.47,$84.54,10%,$400.41,$40.04,$360.37,$253.62,$106.75,Credit Card,5.0,No
100201,2024-01-29,North America,Mexico,Apparel,Denim Jacket,Marketplace,Consumer,Cameron Nakamura,5,$133.76,$58.81,0%,$668.80,$0.00,$668.80,$294.05,$374.75,Debit Card,4.5,No
100202,2024-01-29,Middle East & Africa,Saudi Arabia,Apparel,Backpack,Retail Store,Small Business,Cameron Nakamura,11,$54.02,$24.76,0%,$594.22,$0.00,$594.22,$272.36,$321.86,Credit Card,4.8,No
100203,2024-01-29,Latin America,Colombia,Apparel,Yoga Pants,Online,Small Business,Sofia Kowalski,13,$23.49,$10.74,5%,$305.37,$15.27,$290.10,$139.62,$150.48,Credit Card,4.6,No
100204,2024-01-29,Europe,Spain,Electronics,Laptop Stand,Online,Consumer,Priya Rossi,16,$33.89,$16.90,0%,$542.24,$0.00,$542.24,$270.40,$271.84,Credit Card,4.0,No
100205,2024-01-29,Europe,Italy,Office Supplies,Notebook Set,Retail Store,Enterprise,Sofia Kowalski,21,$29.14,$12.30,0%,$611.94,$0.00,$611.94,$258.30,$353.64,Debit Card,4.9,No
100206,2024-01-29,Asia Pacific,India,Apparel,Backpack,Retail Store,Small Business,Taylor Patel,14,$70.96,$43.73,0%,$993.44,$0.00,$993.44,$612.22,$381.22,Credit Card,4.2,No
100207,2024-01-29,Asia Pacific,India,Health & Beauty,Massage Gun,Marketplace,Consumer,Jamie Johansson,10,$60.45,$34.52,0%,$604.50,$0.00,$604.50,$345.20,$259.30,Credit Card,3.9,No
100208,2024-01-30,Asia Pacific,China,Health & Beauty,Yoga Mat,Online,Enterprise,Elena Lindqvist,3,$104.76,$48.99,0%,$314.28,$0.00,$314.28,$146.97,$167.31,Debit Card,5.0,No
100209,2024-01-30,North America,United States,Apparel,Sunglasses,Retail Store,Small Business,Riley Muller,8,$70.55,$34.79,15%,$564.40,$84.66,$479.74,$278.32,$201.42,Debit Card,2.8,No
100210,2024-01-30,North America,Mexico,Home & Kitchen,Cookware Set,Retail Store,Consumer,Drew Okafor,5,$70.01,$29.83,5%,$350.05,$17.50,$332.55,$149.15,$183.40,Debit Card,3.8,No
100211,2024-01-31,North America,Mexico,Health & Beauty,Skincare Set,Retail Store,Small Business,Cameron Nakamura,13,$133.23,$65.93,5%,"$1,731.99",$86.60,"$1,645.39",$857.09,$788.30,Credit Card,5.0,No
100212,2024-01-31,Latin America,Brazil,Health & Beauty,Fitness Tracker,Retail Store,Consumer,Lucas Novak,22,$76.15,$37.43,0%,"$1,675.30",$0.00,"$1,675.30",$823.46,$851.84,Debit Card,3.6,No
100213,2024-01-31,Asia Pacific,South Korea,Apparel,Wool Sweater,Marketplace,Consumer,Jamie Johansson,4,$62.82,$37.24,0%,$251.28,$0.00,$251.28,$148.96,$102.32,Bank Transfer,3.7,No
100214,2024-01-31,Europe,Italy,Electronics,Power Bank,Marketplace,Small Business,Casey Garcia,16,$191.11,$78.07,5%,"$3,057.76",$152.89,"$2,904.87","$1,249.12","$1,655.75",PayPal,3.9,No
100215,2024-02-01,Europe,Italy,Apparel,Yoga Pants,Retail Store,Consumer,Sofia Kowalski,3,$43.14,$18.18,0%,$129.42,$0.00,$129.42,$54.54,$74.88,Credit Card,4.0,No
100216,2024-02-01,North America,Mexico,Home & Kitchen,Cookware Set,Retail Store,Enterprise,Morgan Kim,9,$153.90,$90.23,5%,"$1,385.10",$69.26,"$1,315.84",$812.07,$503.77,PayPal,3.3,No
100217,2024-02-01,Latin America,Argentina,Apparel,Sunglasses,Retail Store,Consumer,Elena Lindqvist,5,$99.25,$40.30,0%,$496.25,$0.00,$496.25,$201.50,$294.75,Debit Card,2.8,No
100218,2024-02-02,Europe,Italy,Apparel,Denim Jacket,Marketplace,Enterprise,Diego Weber,8,$121.66,$73.41,0%,$973.28,$0.00,$973.28,$587.28,$386.00,Credit Card,4.3,No
100219,2024-02-02,North America,Mexico,Electronics,Laptop Stand,Online,Consumer,Wei Dubois,3,$251.03,$159.33,0%,$753.09,$0.00,$753.09,$477.99,$275.10,Debit Card,5.0,No
100220,2024-02-02,Middle East & Africa,South Africa,Electronics,USB-C Hub,Retail Store,Small Business,Sofia Kowalski,1,$298.96,$161.31,10%,$298.96,$29.90,$269.06,$161.31,$107.75,Credit Card,3.8,No
100221,2024-02-02,Asia Pacific,Australia,Home & Kitchen,Cookware Set,Retail Store,Consumer,Amara Costa,2,$67.62,$34.73,0%,$135.24,$0.00,$135.24,$69.46,$65.78,Debit Card,5.0,No
100222,2024-02-02,Europe,Italy,Home & Kitchen,Coffee Maker,Retail Store,Consumer,Priya Rossi,15,$179.06,$86.13,0%,"$2,685.90",$0.00,"$2,685.90","$1,291.95","$1,393.95",Credit Card,4.5,No
100223,2024-02-03,Latin America,Colombia,Office Supplies,Desk Organizer,Online,Consumer,Amara Costa,7,$271.68,$119.73,0%,"$1,901.76",$0.00,"$1,901.76",$838.11,"$1,063.65",Bank Transfer,4.2,No
100224,2024-02-03,North America,Mexico,Health & Beauty,Hair Dryer,Retail Store,Small Business,Lucas Novak,1,$100.77,$57.40,10%,$100.77,$10.08,$90.69,$57.40,$33.29,Credit Card,3.3,No
100225,2024-02-03,Latin America,Argentina,Office Supplies,Desk Organizer,Retail Store,Consumer,Alex Reyes,8,$109.42,$61.50,20%,$875.36,$175.07,$700.29,$492.00,$208.29,PayPal,4.6,No
100226,2024-02-04,North America,United States,Apparel,Running Shoes,Retail Store,Small Business,Jordan Chen,14,$110.30,$58.77,0%,"$1,544.20",$0.00,"$1,544.20",$822.78,$721.42,Debit Card,4.2,No
100227,2024-02-04,North America,United States,Apparel,Denim Jacket,Marketplace,Consumer,Elena Lindqvist,11,$56.79,$23.36,0%,$624.69,$0.00,$624.69,$256.96,$367.73,PayPal,4.3,No
100228,2024-02-04,Asia Pacific,Australia,Health & Beauty,Skincare Set,Marketplace,Enterprise,Drew Okafor,6,$125.45,$77.66,15%,$752.70,$112.90,$639.80,$465.96,$173.84,PayPal,4.8,No
100229,2024-02-04,North America,Mexico,Home & Kitchen,Blender,Online,Small Business,Fatima Ahmed,7,$108.77,$62.42,5%,$761.39,$38.07,$723.32,$436.94,$286.38,Credit Card,3.9,No
100230,2024-02-04,North America,United States,Apparel,Yoga Pants,Marketplace,Small Business,Lucas Novak,7,$95.13,$41.43,0%,$665.91,$0.00,$665.91,$290.01,$375.90,Credit Card,4.9,Yes
100231,2024-02-04,Middle East & Africa,Saudi Arabia,Home & Kitchen,Vacuum Cleaner,Online,Consumer,Riley Muller,5,$89.20,$48.21,0%,$446.00,$0.00,$446.00,$241.05,$204.95,Bank Transfer,3.6,No
100232,2024-02-04,North America,Mexico,Office Supplies,Pen Set,Online,Consumer,Diego Weber,5,$192.69,$122.88,0%,$963.45,$0.00,$963.45,$614.40,$349.05,Credit Card,3.5,No
100233,2024-02-05,Middle East & Africa,Saudi Arabia,Office Supplies,Pen Set,Marketplace,Consumer,Morgan Kim,4,$297.41,$175.73,0%,"$1,189.64",$0.00,"$1,189.64",$702.92,$486.72,Credit Card,3.1,No
100234,2024-02-05,Europe,Netherlands,Electronics,Power Bank,Retail Store,Small Business,Sofia Kowalski,4,$78.25,$41.38,0%,$313.00,$0.00,$313.00,$165.52,$147.48,Credit Card,4.4,No
100235,2024-02-05,North America,Canada,Electronics,Wireless Earbuds,Online,Consumer,Casey Garcia,2,$49.96,$26.89,0%,$99.92,$0.00,$99.92,$53.78,$46.14,Credit Card,5.0,No
100236,2024-02-05,Latin America,Brazil,Home & Kitchen,Air Fryer,Marketplace,Consumer,Jamie Johansson,10,$201.37,$106.79,0%,"$2,013.70",$0.00,"$2,013.70","$1,067.90",$945.80,Credit Card,4.3,No
100237,2024-02-05,Latin America,Argentina,Health & Beauty,Hair Dryer,Marketplace,Small Business,Drew Okafor,11,$154.45,$95.02,0%,"$1,698.95",$0.00,"$1,698.95","$1,045.22",$653.73,PayPal,4.8,No
100238,2024-02-06,North America,United States,Electronics,Power Bank,Online,Consumer,Kenji Haddad,12,$30.65,$17.05,20%,$367.80,$73.56,$294.24,$204.60,$89.64,Bank Transfer,3.5,No
100239,2024-02-06,Europe,United Kingdom,Apparel,Yoga Pants,Online,Consumer,Elena Lindqvist,5,$82.19,$48.21,20%,$410.95,$82.19,$328.76,$241.05,$87.71,Bank Transfer,3.0,No
100240,2024-02-06,North America,Mexico,Electronics,Laptop Stand,Online,Consumer,Riley Muller,4,$247.66,$120.73,15%,$990.64,$148.60,$842.04,$482.92,$359.12,Debit Card,4.3,No
100241,2024-02-06,Europe,Germany,Home & Kitchen,Vacuum Cleaner,Retail Store,Consumer,Drew Okafor,6,$151.29,$69.10,5%,$907.74,$45.39,$862.35,$414.60,$447.75,Credit Card,3.3,No
100242,2024-02-06,North America,Canada,Electronics,USB-C Hub,Marketplace,Consumer,Lucas Novak,19,$288.65,$172.90,0%,"$5,484.35",$0.00,"$5,484.35","$3,285.10","$2,199.25",Credit Card,3.5,No
100243,2024-02-07,North America,Canada,Health & Beauty,Massage Gun,Online,Consumer,Riley Muller,7,$13.94,$6.50,20%,$97.58,$19.52,$78.06,$45.50,$32.56,PayPal,4.3,No
100244,2024-02-07,North America,United States,Health & Beauty,Hair Dryer,Marketplace,Consumer,Riley Muller,8,$57.00,$29.00,0%,$456.00,$0.00,$456.00,$232.00,$224.00,PayPal,4.0,No
100245,2024-02-07,North America,Mexico,Home & Kitchen,Vacuum Cleaner,Online,Enterprise,Kenji Haddad,3,$183.94,$119.00,0%,$551.82,$0.00,$551.82,$357.00,$194.82,Credit Card,3.6,No
100246,2024-02-07,Asia Pacific,Singapore,Electronics,Smartwatch,Wholesale,Consumer,Jordan Chen,6,$331.64,$199.59,5%,"$1,989.84",$99.49,"$1,890.35","$1,197.54",$692.81,Credit Card,4.4,No
100247,2024-02-07,Latin America,Argentina,Electronics,Laptop Stand,Marketplace,Small Business,Amara Costa,9,$48.91,$21.54,10%,$440.19,$44.02,$396.17,$193.86,$202.31,Credit Card,4.6,No
100248,2024-02-08,North America,United States,Electronics,Wireless Earbuds,Marketplace,Consumer,Amara Costa,6,$298.55,$146.32,10%,"$1,791.30",$179.13,"$1,612.17",$877.92,$734.25,Credit Card,4.3,Yes
100249,2024-02-08,Asia Pacific,South Korea,Office Supplies,Pen Set,Wholesale,Consumer,Cameron Nakamura,1,$282.86,$115.97,5%,$282.86,$14.14,$268.72,$115.97,$152.75,Credit Card,3.5,No
100250,2024-02-08,Asia Pacific,India,Apparel,Yoga Pants,Retail Store,Small Business,Riley Muller,4,$52.51,$32.54,5%,$210.04,$10.50,$199.54,$130.16,$69.38,Credit Card,3.6,Yes
100251,2024-02-08,Europe,Germany,Apparel,Running Shoes,Retail Store,Consumer,Cameron Nakamura,13,$107.47,$47.79,0%,"$1,397.11",$0.00,"$1,397.11",$621.27,$775.84,Cash,3.0,No
100252,2024-02-08,North America,Canada,Apparel,Running Shoes,Wholesale,Consumer,Elena Lindqvist,4,$66.38,$31.02,5%,$265.52,$13.28,$252.24,$124.08,$128.16,Debit Card,3.4,No
100253,2024-02-08,Middle East & Africa,Nigeria,Electronics,Wireless Earbuds,Marketplace,Consumer,Taylor Patel,4,$190.92,$96.10,0%,$763.68,$0.00,$763.68,$384.40,$379.28,Cash,4.3,No
100254,2024-02-08,North America,United States,Office Supplies,Desk Organizer,Online,Consumer,Riley Muller,8,$56.75,$31.07,0%,$454.00,$0.00,$454.00,$248.56,$205.44,Debit Card,5.0,No
100255,2024-02-08,Europe,Germany,Health & Beauty,Skincare Set,Wholesale,Small Business,Drew Okafor,4,$119.11,$71.26,0%,$476.44,$0.00,$476.44,$285.04,$191.40,Credit Card,3.3,No
100256,2024-02-08,North America,Mexico,Apparel,Running Shoes,Marketplace,Consumer,Amara Costa,12,$105.55,$53.50,15%,"$1,266.60",$189.99,"$1,076.61",$642.00,$434.61,Credit Card,4.1,No
100257,2024-02-08,Latin America,Colombia,Electronics,Power Bank,Retail Store,Consumer,Casey Garcia,5,$208.90,$94.87,20%,"$1,044.50",$208.90,$835.60,$474.35,$361.25,Cash,4.3,No
100258,2024-02-08,Asia Pacific,China,Home & Kitchen,Toaster,Online,Small Business,Lucas Novak,4,$64.27,$30.06,0%,$257.08,$0.00,$257.08,$120.24,$136.84,Credit Card,3.6,Yes
100259,2024-02-08,Europe,Italy,Home & Kitchen,Toaster,Online,Small Business,Lucas Novak,3,$39.46,$22.01,5%,$118.38,$5.92,$112.46,$66.03,$46.43,Credit Card,5.0,No
100260,2024-02-08,Latin America,Chile,Office Supplies,Desk Organizer,Retail Store,Consumer,Kenji Haddad,9,$248.72,$132.34,20%,"$2,238.48",$447.70,"$1,790.78","$1,191.06",$599.72,PayPal,5.0,No
100261,2024-02-08,Asia Pacific,Australia,Home & Kitchen,Cookware Set,Marketplace,Consumer,Priya Rossi,4,$155.93,$74.00,0%,$623.72,$0.00,$623.72,$296.00,$327.72,Cash,3.7,No
100262,2024-02-08,Europe,Spain,Home & Kitchen,Air Fryer,Retail Store,Small Business,Kenji Haddad,8,$152.26,$75.74,0%,"$1,218.08",$0.00,"$1,218.08",$605.92,$612.16,Credit Card,4.6,No
100263,2024-02-08,Europe,Spain,Apparel,Running Shoes,Online,Small Business,Fatima Ahmed,8,$86.13,$41.68,0%,$689.04,$0.00,$689.04,$333.44,$355.60,Debit Card,3.5,No
100264,2024-02-09,North America,United States,Home & Kitchen,Cookware Set,Retail Store,Enterprise,Fatima Ahmed,13,$131.90,$74.93,5%,"$1,714.70",$85.74,"$1,628.96",$974.09,$654.87,Debit Card,4.1,No
100265,2024-02-09,Europe,Spain,Office Supplies,Monitor Arm,Retail Store,Small Business,Alex Reyes,1,$39.51,$18.55,0%,$39.51,$0.00,$39.51,$18.55,$20.96,Credit Card,5.0,No
100266,2024-02-09,Europe,Spain,Electronics,Smartwatch,Retail Store,Consumer,Riley Muller,5,$304.76,$184.41,0%,"$1,523.80",$0.00,"$1,523.80",$922.05,$601.75,Credit Card,4.6,No
100267,2024-02-09,Middle East & Africa,Nigeria,Office Supplies,Ergonomic Chair,Online,Consumer,Kenji Haddad,5,$382.78,$172.76,0%,"$1,913.90",$0.00,"$1,913.90",$863.80,"$1,050.10",Bank Transfer,4.4,No
100268,2024-02-09,Europe,Italy,Apparel,Yoga Pants,Online,Consumer,Wei Dubois,13,$64.50,$35.68,0%,$838.50,$0.00,$838.50,$463.84,$374.66,Debit Card,5.0,No
100269,2024-02-09,North America,Mexico,Home & Kitchen,Air Fryer,Retail Store,Consumer,Noah Santos,5,$186.86,$85.87,0%,$934.30,$0.00,$934.30,$429.35,$504.95,Credit Card,4.9,Yes
100270,2024-02-09,Middle East & Africa,Saudi Arabia,Office Supplies,Desk Organizer,Online,Consumer,Drew Okafor,5,$389.67,$178.73,0%,"$1,948.35",$0.00,"$1,948.35",$893.65,"$1,054.70",Debit Card,3.8,No
100271,2024-02-09,Asia Pacific,South Korea,Apparel,Yoga Pants,Online,Enterprise,Kenji Haddad,12,$101.96,$43.19,0%,"$1,223.52",$0.00,"$1,223.52",$518.28,$705.24,Credit Card,3.5,No
100272,2024-02-09,Middle East & Africa,UAE,Apparel,Sunglasses,Retail Store,Consumer,Riley Muller,2,$53.97,$22.03,0%,$107.94,$0.00,$107.94,$44.06,$63.88,Credit Card,5.0,No
100273,2024-02-10,Europe,France,Home & Kitchen,Coffee Maker,Retail Store,Small Business,Sofia Kowalski,5,$31.15,$14.37,0%,$155.75,$0.00,$155.75,$71.85,$83.90,Debit Card,4.6,No
100274,2024-02-10,Europe,Italy,Health & Beauty,Electric Toothbrush,Online,Consumer,Taylor Patel,9,$35.53,$21.01,5%,$319.77,$15.99,$303.78,$189.09,$114.69,Debit Card,4.1,Yes
100275,2024-02-10,Europe,Germany,Apparel,Running Shoes,Online,Small Business,Jamie Johansson,10,$75.00,$31.26,0%,$750.00,$0.00,$750.00,$312.60,$437.40,Debit Card,3.5,No
100276,2024-02-10,Asia Pacific,China,Apparel,Denim Jacket,Online,Consumer,Priya Rossi,10,$87.02,$42.14,0%,$870.20,$0.00,$870.20,$421.40,$448.80,Bank Transfer,2.8,No
100277,2024-02-10,Middle East & Africa,South Africa,Office Supplies,Ergonomic Chair,Online,Consumer,Diego Weber,13,$125.83,$55.88,0%,"$1,635.79",$0.00,"$1,635.79",$726.44,$909.35,Credit Card,5.0,No
100278,2024-02-10,North America,Canada,Electronics,Power Bank,Retail Store,Small Business,Jamie Johansson,3,$89.77,$47.75,0%,$269.31,$0.00,$269.31,$143.25,$126.06,Credit Card,4.2,No
100279,2024-02-10,Asia Pacific,Australia,Apparel,Running Shoes,Marketplace,Consumer,Sofia Kowalski,10,$98.42,$48.22,5%,$984.20,$49.21,$934.99,$482.20,$452.79,PayPal,4.8,No
100280,2024-02-10,Asia Pacific,Australia,Apparel,Running Shoes,Wholesale,Enterprise,Cameron Nakamura,9,$29.48,$16.37,0%,$265.32,$0.00,$265.32,$147.33,$117.99,Credit Card,4.8,No
100281,2024-02-10,North America,Canada,Apparel,Sunglasses,Retail Store,Consumer,Diego Weber,7,$135.02,$62.72,0%,$945.14,$0.00,$945.14,$439.04,$506.10,Credit Card,4.9,No
100282,2024-02-10,Latin America,Brazil,Health & Beauty,Skincare Set,Online,Small Business,Casey Garcia,6,$110.16,$55.59,0%,$660.96,$0.00,$660.96,$333.54,$327.42,PayPal,4.8,No
100283,2024-02-10,North America,Mexico,Apparel,Yoga Pants,Wholesale,Consumer,Elena Lindqvist,9,$113.33,$60.60,0%,"$1,019.97",$0.00,"$1,019.97",$545.40,$474.57,Bank Transfer,3.1,No
100284,2024-02-11,North America,Canada,Electronics,Power Bank,Online,Consumer,Taylor Patel,10,$214.52,$115.23,10%,"$2,145.20",$214.52,"$1,930.68","$1,152.30",$778.38,PayPal,5.0,No
100285,2024-02-11,North America,United States,Health & Beauty,Hair Dryer,Marketplace,Consumer,Noah Santos,4,$59.43,$36.31,0%,$237.72,$0.00,$237.72,$145.24,$92.48,Debit Card,4.0,No
100286,2024-02-11,Europe,Germany,Health & Beauty,Electric Toothbrush,Online,Enterprise,Elena Lindqvist,17,$38.56,$18.36,0%,$655.52,$0.00,$655.52,$312.12,$343.40,Debit Card,4.4,No
100287,2024-02-11,Europe,Spain,Health & Beauty,Fitness Tracker,Online,Consumer,Sofia Kowalski,4,$72.89,$32.97,10%,$291.56,$29.16,$262.40,$131.88,$130.52,Credit Card,4.4,No
100288,2024-02-11,North America,United States,Home & Kitchen,Blender,Marketplace,Consumer,Casey Garcia,12,$60.31,$30.58,0%,$723.72,$0.00,$723.72,$366.96,$356.76,Debit Card,3.0,No
100289,2024-02-12,Europe,Spain,Apparel,Running Shoes,Marketplace,Consumer,Drew Okafor,9,$39.95,$17.31,0%,$359.55,$0.00,$359.55,$155.79,$203.76,PayPal,4.8,No
100290,2024-02-12,Europe,Netherlands,Health & Beauty,Electric Toothbrush,Wholesale,Small Business,Sofia Kowalski,5,$73.73,$43.92,10%,$368.65,$36.86,$331.79,$219.60,$112.19,Cash,2.1,No
100291,2024-02-12,Europe,France,Electronics,Laptop Stand,Retail Store,Consumer,Cameron Nakamura,11,$328.39,$139.86,0%,"$3,612.29",$0.00,"$3,612.29","$1,538.46","$2,073.83",Credit Card,4.3,No
100292,2024-02-12,Asia Pacific,Australia,Home & Kitchen,Air Fryer,Online,Consumer,Kenji Haddad,12,$29.71,$12.73,5%,$356.52,$17.83,$338.69,$152.76,$185.93,Bank Transfer,4.4,No
100293,2024-02-12,Europe,Netherlands,Electronics,Smartwatch,Marketplace,Enterprise,Fatima Ahmed,4,$236.80,$127.97,0%,$947.20,$0.00,$947.20,$511.88,$435.32,Credit Card,3.0,Yes
100294,2024-02-12,Europe,Netherlands,Office Supplies,Monitor Arm,Retail Store,Small Business,Sam Silva,4,$365.69,$195.06,10%,"$1,462.76",$146.28,"$1,316.48",$780.24,$536.24,PayPal,4.5,No
100295,2024-02-12,North America,Mexico,Office Supplies,Desk Organizer,Retail Store,Consumer,Fatima Ahmed,4,$345.66,$185.83,0%,"$1,382.64",$0.00,"$1,382.64",$743.32,$639.32,PayPal,3.6,No
100296,2024-02-12,Europe,Netherlands,Apparel,Denim Jacket,Online,Consumer,Lucas Novak,14,$33.98,$16.45,0%,$475.72,$0.00,$475.72,$230.30,$245.42,Credit Card,4.7,No
100297,2024-02-12,North America,United States,Home & Kitchen,Blender,Wholesale,Consumer,Lucas Novak,9,$81.37,$45.02,0%,$732.33,$0.00,$732.33,$405.18,$327.15,PayPal,3.1,No
100298,2024-02-13,Latin America,Chile,Electronics,Power Bank,Retail Store,Small Business,Jamie Johansson,10,$41.47,$26.31,15%,$414.70,$62.20,$352.50,$263.10,$89.40,Credit Card,4.3,No
100299,2024-02-13,Europe,France,Health & Beauty,Yoga Mat,Retail Store,Consumer,Wei Dubois,8,$61.77,$39.24,10%,$494.16,$49.42,$444.74,$313.92,$130.82,Cash,4.0,No
100300,2024-02-13,North America,Mexico,Apparel,Running Shoes,Marketplace,Consumer,Jamie Johansson,7,$68.56,$32.90,0%,$479.92,$0.00,$479.92,$230.30,$249.62,PayPal,4.7,No
100301,2024-02-13,Europe,Germany,Health & Beauty,Skincare Set,Marketplace,Enterprise,Noah Santos,6,$25.67,$13.16,0%,$154.02,$0.00,$154.02,$78.96,$75.06,PayPal,4.1,No
100302,2024-02-13,Latin America,Argentina,Health & Beauty,Skincare Set,Wholesale,Small Business,Taylor Patel,5,$64.34,$35.42,5%,$321.70,$16.08,$305.62,$177.10,$128.52,PayPal,3.8,No
100303,2024-02-13,Europe,Italy,Apparel,Running Shoes,Online,Small Business,Diego Weber,11,$40.68,$22.14,0%,$447.48,$0.00,$447.48,$243.54,$203.94,Credit Card,4.5,Yes
100304,2024-02-14,North America,Canada,Apparel,Denim Jacket,Retail Store,Consumer,Sofia Kowalski,8,$61.51,$35.42,15%,$492.08,$73.81,$418.27,$283.36,$134.91,Credit Card,2.7,No
100305,2024-02-14,North America,United States,Home & Kitchen,Blender,Wholesale,Consumer,Wei Dubois,7,$154.54,$75.68,0%,"$1,081.78",$0.00,"$1,081.78",$529.76,$552.02,PayPal,2.8,No
100306,2024-02-14,North America,Canada,Health & Beauty,Yoga Mat,Wholesale,Small Business,Taylor Patel,2,$60.94,$33.89,0%,$121.88,$0.00,$121.88,$67.78,$54.10,Debit Card,3.1,No
100307,2024-02-14,North America,Mexico,Electronics,Wireless Earbuds,Online,Small Business,Diego Weber,12,$48.16,$24.40,0%,$577.92,$0.00,$577.92,$292.80,$285.12,Credit Card,4.0,No
100308,2024-02-15,Middle East & Africa,South Africa,Office Supplies,Desk Organizer,Marketplace,Small Business,Morgan Kim,8,$377.79,$171.70,5%,"$3,022.32",$151.12,"$2,871.20","$1,373.60","$1,497.60",Bank Transfer,4.5,No
100309,2024-02-15,North America,Canada,Health & Beauty,Electric Toothbrush,Retail Store,Consumer,Noah Santos,10,$89.73,$37.46,0%,$897.30,$0.00,$897.30,$374.60,$522.70,Credit Card,4.3,No
100310,2024-02-15,Asia Pacific,Japan,Apparel,Running Shoes,Online,Consumer,Jamie Johansson,8,$138.19,$79.10,0%,"$1,105.52",$0.00,"$1,105.52",$632.80,$472.72,Credit Card,5.0,No
100311,2024-02-15,Europe,United Kingdom,Office Supplies,Pen Set,Online,Consumer,Cameron Nakamura,8,$351.20,$172.71,5%,"$2,809.60",$140.48,"$2,669.12","$1,381.68","$1,287.44",Cash,5.0,No
100312,2024-02-15,Asia Pacific,Australia,Apparel,Yoga Pants,Online,Consumer,Drew Okafor,5,$107.34,$56.48,0%,$536.70,$0.00,$536.70,$282.40,$254.30,Debit Card,3.8,No
100313,2024-02-16,North America,Mexico,Electronics,Power Bank,Marketplace,Consumer,Fatima Ahmed,5,$240.88,$109.81,0%,"$1,204.40",$0.00,"$1,204.40",$549.05,$655.35,Bank Transfer,5.0,No
100314,2024-02-16,Latin America,Colombia,Electronics,USB-C Hub,Online,Consumer,Diego Weber,7,$292.41,$144.86,20%,"$2,046.87",$409.37,"$1,637.50","$1,014.02",$623.48,PayPal,4.7,No
100315,2024-02-16,North America,United States,Office Supplies,Notebook Set,Marketplace,Small Business,Elena Lindqvist,19,$80.19,$46.87,0%,"$1,523.61",$0.00,"$1,523.61",$890.53,$633.08,Cash,3.9,No
100316,2024-02-16,North America,Mexico,Electronics,Bluetooth Speaker,Retail Store,Consumer,Wei Dubois,12,$340.27,$189.93,20%,"$4,083.24",$816.65,"$3,266.59","$2,279.16",$987.43,Debit Card,4.7,No
100317,2024-02-16,Asia Pacific,Japan,Health & Beauty,Fitness Tracker,Online,Consumer,Sofia Kowalski,28,$171.49,$96.40,0%,"$4,801.72",$0.00,"$4,801.72","$2,699.20","$2,102.52",Credit Card,3.7,No
100318,2024-02-16,Europe,Germany,Health & Beauty,Yoga Mat,Online,Consumer,Casey Garcia,3,$103.99,$54.77,5%,$311.97,$15.60,$296.37,$164.31,$132.06,Debit Card,4.7,No
100319,2024-02-16,North America,Mexico,Home & Kitchen,Coffee Maker,Retail Store,Consumer,Cameron Nakamura,4,$98.82,$46.37,0%,$395.28,$0.00,$395.28,$185.48,$209.80,Credit Card,4.5,No
100320,2024-02-16,North America,United States,Office Supplies,Desk Organizer,Online,Consumer,Noah Santos,7,$288.66,$129.49,10%,"$2,020.62",$202.06,"$1,818.56",$906.43,$912.13,PayPal,3.7,No
100321,2024-02-16,Asia Pacific,India,Health & Beauty,Electric Toothbrush,Retail Store,Consumer,Fatima Ahmed,3,$126.23,$59.33,0%,$378.69,$0.00,$378.69,$177.99,$200.70,Debit Card,5.0,No
100322,2024-02-16,Europe,France,Home & Kitchen,Blender,Retail Store,Consumer,Jordan Chen,3,$33.28,$19.22,0%,$99.84,$0.00,$99.84,$57.66,$42.18,Debit Card,4.3,No
100323,2024-02-16,Middle East & Africa,UAE,Home & Kitchen,Coffee Maker,Online,Consumer,Sofia Kowalski,16,$143.86,$59.87,0%,"$2,301.76",$0.00,"$2,301.76",$957.92,"$1,343.84",PayPal,4.8,No
100324,2024-02-17,Latin America,Brazil,Office Supplies,Standing Desk,Online,Consumer,Priya Rossi,3,$142.83,$65.33,5%,$428.49,$21.42,$407.07,$195.99,$211.08,Credit Card,5.0,No
100325,2024-02-17,North America,Canada,Home & Kitchen,Air Fryer,Wholesale,Consumer,Priya Rossi,10,$143.89,$80.36,20%,"$1,438.90",$287.78,"$1,151.12",$803.60,$347.52,PayPal,4.4,No
100326,2024-02-17,Asia Pacific,South Korea,Office Supplies,Pen Set,Online,Small Business,Wei Dubois,5,$62.73,$30.96,0%,$313.65,$0.00,$313.65,$154.80,$158.85,Bank Transfer,3.4,No
100327,2024-02-17,North America,United States,Office Supplies,Pen Set,Retail Store,Enterprise,Wei Dubois,13,$17.62,$9.15,0%,$229.06,$0.00,$229.06,$118.95,$110.11,Credit Card,3.3,No
100328,2024-02-17,Europe,Netherlands,Health & Beauty,Electric Toothbrush,Online,Consumer,Diego Weber,8,$169.83,$87.44,0%,"$1,358.64",$0.00,"$1,358.64",$699.52,$659.12,Credit Card,3.3,No
100329,2024-02-18,Europe,France,Health & Beauty,Massage Gun,Online,Consumer,Fatima Ahmed,5,$169.12,$82.71,0%,$845.60,$0.00,$845.60,$413.55,$432.05,PayPal,5.0,No
100330,2024-02-18,Asia Pacific,India,Health & Beauty,Yoga Mat,Retail Store,Small Business,Drew Okafor,7,$112.32,$67.29,0%,$786.24,$0.00,$786.24,$471.03,$315.21,Credit Card,5.0,No
100331,2024-02-18,Europe,Germany,Home & Kitchen,Air Fryer,Online,Consumer,Taylor Patel,1,$185.84,$119.12,0%,$185.84,$0.00,$185.84,$119.12,$66.72,Credit Card,5.0,No
100332,2024-02-18,Europe,United Kingdom,Home & Kitchen,Vacuum Cleaner,Online,Small Business,Fatima Ahmed,11,$194.65,$114.94,0%,"$2,141.15",$0.00,"$2,141.15","$1,264.34",$876.81,Debit Card,3.8,No
100333,2024-02-18,Europe,Italy,Electronics,Bluetooth Speaker,Online,Enterprise,Wei Dubois,7,$329.80,$162.83,0%,"$2,308.60",$0.00,"$2,308.60","$1,139.81","$1,168.79",Credit Card,3.6,No
100334,2024-02-18,Europe,Spain,Apparel,Wool Sweater,Online,Small Business,Morgan Kim,9,$129.20,$71.40,5%,"$1,162.80",$58.14,"$1,104.66",$642.60,$462.06,Credit Card,3.8,No
100335,2024-02-18,Europe,Netherlands,Health & Beauty,Yoga Mat,Wholesale,Consumer,Taylor Patel,4,$100.85,$53.20,0%,$403.40,$0.00,$403.40,$212.80,$190.60,Cash,5.0,No
100336,2024-02-18,Europe,Netherlands,Office Supplies,Desk Organizer,Marketplace,Consumer,Kenji Haddad,4,$19.76,$9.14,0%,$79.04,$0.00,$79.04,$36.56,$42.48,Debit Card,4.4,No
100337,2024-02-18,Europe,Spain,Apparel,Running Shoes,Wholesale,Consumer,Priya Rossi,4,$101.07,$57.45,0%,$404.28,$0.00,$404.28,$229.80,$174.48,Debit Card,5.0,No
100338,2024-02-18,Europe,Italy,Home & Kitchen,Coffee Maker,Online,Enterprise,Taylor Patel,6,$60.74,$29.24,0%,$364.44,$0.00,$364.44,$175.44,$189.00,PayPal,5.0,No
100339,2024-02-19,Asia Pacific,South Korea,Electronics,Bluetooth Speaker,Retail Store,Consumer,Noah Santos,4,$101.98,$45.32,0%,$407.92,$0.00,$407.92,$181.28,$226.64,Debit Card,4.9,No
100340,2024-02-19,Middle East & Africa,Nigeria,Health & Beauty,Massage Gun,Retail Store,Consumer,Sofia Kowalski,16,$22.48,$12.38,20%,$359.68,$71.94,$287.74,$198.08,$89.66,Debit Card,4.2,No
100341,2024-02-19,North America,Mexico,Apparel,Denim Jacket,Retail Store,Small Business,Jamie Johansson,6,$83.45,$35.50,0%,$500.70,$0.00,$500.70,$213.00,$287.70,Debit Card,3.5,Yes
100342,2024-02-19,Asia Pacific,India,Home & Kitchen,Cookware Set,Online,Consumer,Amara Costa,11,$110.40,$58.14,10%,"$1,214.40",$121.44,"$1,092.96",$639.54,$453.42,Credit Card,3.8,No
100343,2024-02-19,North America,Mexico,Office Supplies,Ergonomic Chair,Marketplace,Enterprise,Kenji Haddad,16,$179.45,$96.21,0%,"$2,871.20",$0.00,"$2,871.20","$1,539.36","$1,331.84",PayPal,4.1,No
100344,2024-02-20,Asia Pacific,Australia,Electronics,Laptop Stand,Marketplace,Consumer,Morgan Kim,12,$213.15,$100.74,5%,"$2,557.80",$127.89,"$2,429.91","$1,208.88","$1,221.03",Debit Card,3.5,No
100345,2024-02-20,North America,Canada,Home & Kitchen,Toaster,Marketplace,Small Business,Sam Silva,15,$158.66,$78.47,0%,"$2,379.90",$0.00,"$2,379.90","$1,177.05","$1,202.85",PayPal,4.3,No
100346,2024-02-20,North America,United States,Home & Kitchen,Vacuum Cleaner,Marketplace,Consumer,Priya Rossi,4,$186.29,$86.80,10%,$745.16,$74.52,$670.64,$347.20,$323.44,PayPal,3.9,No
100347,2024-02-20,Europe,Netherlands,Apparel,Wool Sweater,Online,Enterprise,Casey Garcia,6,$52.44,$23.96,0%,$314.64,$0.00,$314.64,$143.76,$170.88,Debit Card,4.3,No
100348,2024-02-20,Europe,United Kingdom,Office Supplies,Pen Set,Retail Store,Small Business,Priya Rossi,6,$79.66,$45.48,5%,$477.96,$23.90,$454.06,$272.88,$181.18,Credit Card,3.6,No
100349,2024-02-20,Europe,Italy,Home & Kitchen,Vacuum Cleaner,Online,Consumer,Morgan Kim,6,$72.43,$33.31,0%,$434.58,$0.00,$434.58,$199.86,$234.72,Credit Card,4.7,No
100350,2024-02-21,Europe,France,Apparel,Sunglasses,Retail Store,Consumer,Jamie Johansson,18,$82.17,$51.42,5%,"$1,479.06",$73.95,"$1,405.11",$925.56,$479.55,Credit Card,4.1,No
100351,2024-02-22,Europe,Germany,Home & Kitchen,Cookware Set,Retail Store,Enterprise,Kenji Haddad,9,$86.15,$55.69,10%,$775.35,$77.54,$697.81,$501.21,$196.60,Debit Card,4.3,No
100352,2024-02-22,Asia Pacific,Japan,Electronics,Laptop Stand,Retail Store,Consumer,Drew Okafor,8,$298.13,$180.58,0%,"$2,385.04",$0.00,"$2,385.04","$1,444.64",$940.40,Debit Card,5.0,No
100353,2024-02-22,Europe,France,Electronics,Power Bank,Marketplace,Enterprise,Priya Rossi,4,$59.80,$28.91,0%,$239.20,$0.00,$239.20,$115.64,$123.56,Credit Card,4.9,No
100354,2024-02-22,North America,Canada,Apparel,Denim Jacket,Marketplace,Consumer,Diego Weber,5,$95.62,$46.16,0%,$478.10,$0.00,$478.10,$230.80,$247.30,PayPal,3.5,No
100355,2024-02-22,Europe,Netherlands,Home & Kitchen,Cookware Set,Online,Enterprise,Wei Dubois,3,$38.49,$17.06,0%,$115.47,$0.00,$115.47,$51.18,$64.29,Cash,3.6,No
100356,2024-02-22,North America,Mexico,Electronics,USB-C Hub,Retail Store,Enterprise,Alex Reyes,7,$245.28,$156.37,15%,"$1,716.96",$257.54,"$1,459.42","$1,094.59",$364.83,PayPal,3.2,No
100357,2024-02-22,Middle East & Africa,Nigeria,Home & Kitchen,Blender,Online,Consumer,Riley Muller,19,$65.29,$38.57,0%,"$1,240.51",$0.00,"$1,240.51",$732.83,$507.68,Bank Transfer,5.0,No
100358,2024-02-22,North America,United States,Apparel,Running Shoes,Wholesale,Consumer,Sam Silva,7,$110.29,$56.50,0%,$772.03,$0.00,$772.03,$395.50,$376.53,Credit Card,4.7,No
100359,2024-02-22,North America,Canada,Home & Kitchen,Vacuum Cleaner,Retail Store,Consumer,Elena Lindqvist,7,$73.58,$42.65,0%,$515.06,$0.00,$515.06,$298.55,$216.51,PayPal,4.4,No
100360,2024-02-23,Asia Pacific,India,Apparel,Sunglasses,Wholesale,Small Business,Alex Reyes,1,$136.38,$84.02,0%,$136.38,$0.00,$136.38,$84.02,$52.36,PayPal,4.8,No
100361,2024-02-23,Europe,Netherlands,Apparel,Denim Jacket,Marketplace,Consumer,Alex Reyes,4,$110.32,$61.11,0%,$441.28,$0.00,$441.28,$244.44,$196.84,PayPal,4.3,No
100362,2024-02-23,North America,United States,Health & Beauty,Hair Dryer,Wholesale,Consumer,Wei Dubois,7,$14.72,$8.47,15%,$103.04,$15.46,$87.58,$59.29,$28.29,Bank Transfer,5.0,No
100363,2024-02-23,Europe,Germany,Apparel,Backpack,Online,Small Business,Jordan Chen,11,$112.93,$54.88,5%,"$1,242.23",$62.11,"$1,180.12",$603.68,$576.44,Cash,4.0,No
100364,2024-02-23,Europe,Germany,Electronics,Bluetooth Speaker,Online,Small Business,Fatima Ahmed,5,$319.20,$178.74,0%,"$1,596.00",$0.00,"$1,596.00",$893.70,$702.30,PayPal,3.8,No
100365,2024-02-23,North America,Mexico,Home & Kitchen,Cookware Set,Wholesale,Small Business,Drew Okafor,8,$169.91,$69.31,0%,"$1,359.28",$0.00,"$1,359.28",$554.48,$804.80,Debit Card,4.2,No
100366,2024-02-23,Europe,Italy,Apparel,Backpack,Online,Consumer,Riley Muller,1,$44.81,$21.98,0%,$44.81,$0.00,$44.81,$21.98,$22.83,PayPal,2.8,No
100367,2024-02-23,Asia Pacific,Japan,Home & Kitchen,Blender,Retail Store,Small Business,Diego Weber,11,$83.62,$52.78,5%,$919.82,$45.99,$873.83,$580.58,$293.25,Credit Card,4.8,No
100368,2024-02-24,Latin America,Argentina,Apparel,Denim Jacket,Wholesale,Consumer,Cameron Nakamura,3,$94.32,$42.67,0%,$282.96,$0.00,$282.96,$128.01,$154.95,Credit Card,3.8,No
100369,2024-02-24,Europe,Spain,Home & Kitchen,Vacuum Cleaner,Online,Consumer,Lucas Novak,27,$150.32,$77.15,5%,"$4,058.64",$202.93,"$3,855.71","$2,083.05","$1,772.66",PayPal,5.0,No
100370,2024-02-24,Asia Pacific,Australia,Office Supplies,Notebook Set,Online,Consumer,Lucas Novak,3,$69.51,$29.73,5%,$208.53,$10.43,$198.10,$89.19,$108.91,Credit Card,3.8,No
100371,2024-02-24,North America,United States,Health & Beauty,Electric Toothbrush,Online,Small Business,Sam Silva,7,$49.51,$25.80,10%,$346.57,$34.66,$311.91,$180.60,$131.31,Credit Card,5.0,No
100372,2024-02-24,Asia Pacific,South Korea,Office Supplies,Ergonomic Chair,Online,Consumer,Casey Garcia,3,$335.03,$210.98,0%,"$1,005.09",$0.00,"$1,005.09",$632.94,$372.15,PayPal,4.9,No
100373,2024-02-24,North America,Mexico,Health & Beauty,Electric Toothbrush,Online,Small Business,Amara Costa,4,$145.24,$60.93,0%,$580.96,$0.00,$580.96,$243.72,$337.24,Debit Card,5.0,No
100374,2024-02-25,Asia Pacific,Australia,Office Supplies,Standing Desk,Online,Small Business,Riley Muller,6,$361.64,$149.22,20%,"$2,169.84",$433.97,"$1,735.87",$895.32,$840.55,Bank Transfer,3.5,Yes
100375,2024-02-25,Latin America,Colombia,Home & Kitchen,Toaster,Online,Consumer,Lucas Novak,13,$118.18,$63.23,0%,"$1,536.34",$0.00,"$1,536.34",$821.99,$714.35,Credit Card,4.3,No
100376,2024-02-25,North America,United States,Home & Kitchen,Toaster,Online,Small Business,Jamie Johansson,12,$152.93,$70.07,0%,"$1,835.16",$0.00,"$1,835.16",$840.84,$994.32,Cash,4.8,No
100377,2024-02-25,Asia Pacific,South Korea,Home & Kitchen,Toaster,Marketplace,Consumer,Wei Dubois,6,$98.53,$40.76,0%,$591.18,$0.00,$591.18,$244.56,$346.62,Debit Card,4.3,No
100378,2024-02-25,Asia Pacific,Australia,Office Supplies,Monitor Arm,Online,Consumer,Fatima Ahmed,1,$163.42,$91.34,10%,$163.42,$16.34,$147.08,$91.34,$55.74,Credit Card,4.5,No
100379,2024-02-26,Latin America,Brazil,Electronics,Bluetooth Speaker,Wholesale,Consumer,Noah Santos,7,$244.99,$123.40,5%,"$1,714.93",$85.75,"$1,629.18",$863.80,$765.38,Debit Card,3.9,No
100380,2024-02-26,North America,Mexico,Home & Kitchen,Coffee Maker,Retail Store,Consumer,Priya Rossi,1,$85.52,$43.40,0%,$85.52,$0.00,$85.52,$43.40,$42.12,Credit Card,4.2,No
100381,2024-02-26,Europe,France,Office Supplies,Monitor Arm,Online,Enterprise,Sofia Kowalski,16,$129.24,$60.98,5%,"$2,067.84",$103.39,"$1,964.45",$975.68,$988.77,Bank Transfer,3.9,No
100382,2024-02-26,Latin America,Brazil,Health & Beauty,Massage Gun,Retail Store,Consumer,Riley Muller,12,$165.55,$86.05,10%,"$1,986.60",$198.66,"$1,787.94","$1,032.60",$755.34,Credit Card,3.8,Yes
100383,2024-02-27,Middle East & Africa,South Africa,Health & Beauty,Fitness Tracker,Online,Consumer,Sam Silva,12,$152.54,$71.49,0%,"$1,830.48",$0.00,"$1,830.48",$857.88,$972.60,Cash,3.8,No
100384,2024-02-27,North America,Mexico,Home & Kitchen,Blender,Retail Store,Consumer,Noah Santos,4,$21.60,$10.26,0%,$86.40,$0.00,$86.40,$41.04,$45.36,Credit Card,3.8,No
100385,2024-02-27,Asia Pacific,India,Health & Beauty,Hair Dryer,Retail Store,Small Business,Alex Reyes,2,$48.19,$25.01,0%,$96.38,$0.00,$96.38,$50.02,$46.36,PayPal,4.0,No
100386,2024-02-27,Asia Pacific,South Korea,Electronics,Laptop Stand,Retail Store,Consumer,Morgan Kim,13,$300.64,$133.88,5%,"$3,908.32",$195.42,"$3,712.90","$1,740.44","$1,972.46",PayPal,4.2,No
100387,2024-02-27,North America,United States,Apparel,Backpack,Online,Small Business,Jordan Chen,15,$43.12,$27.55,15%,$646.80,$97.02,$549.78,$413.25,$136.53,PayPal,4.7,No
100388,2024-02-27,Asia Pacific,India,Home & Kitchen,Toaster,Marketplace,Small Business,Alex Reyes,8,$89.74,$44.29,0%,$717.92,$0.00,$717.92,$354.32,$363.60,Debit Card,3.7,No
100389,2024-02-27,North America,Mexico,Health & Beauty,Hair Dryer,Online,Enterprise,Fatima Ahmed,8,$132.77,$60.85,10%,"$1,062.16",$106.22,$955.94,$486.80,$469.14,Credit Card,2.9,No
100390,2024-02-28,Latin America,Chile,Electronics,Bluetooth Speaker,Online,Small Business,Cameron Nakamura,1,$330.94,$152.44,20%,$330.94,$66.19,$264.75,$152.44,$112.31,Debit Card,4.7,No
100391,2024-02-28,Asia Pacific,Australia,Home & Kitchen,Vacuum Cleaner,Retail Store,Small Business,Morgan Kim,5,$43.95,$27.11,5%,$219.75,$10.99,$208.76,$135.55,$73.21,Debit Card,2.9,Yes
100392,2024-02-28,North America,Mexico,Health & Beauty,Electric Toothbrush,Wholesale,Consumer,Lucas Novak,3,$176.15,$109.52,0%,$528.45,$0.00,$528.45,$328.56,$199.89,Cash,4.6,No
100393,2024-02-28,North America,Canada,Office Supplies,Ergonomic Chair,Wholesale,Small Business,Priya Rossi,13,$213.33,$102.34,0%,"$2,773.29",$0.00,"$2,773.29","$1,330.42","$1,442.87",Credit Card,4.0,No
100394,2024-02-28,Europe,United Kingdom,Apparel,Wool Sweater,Wholesale,Small Business,Lucas Novak,16,$142.37,$74.02,0%,"$2,277.92",$0.00,"$2,277.92","$1,184.32","$1,093.60",Credit Card,4.1,Yes
100395,2024-02-28,Europe,Spain,Home & Kitchen,Vacuum Cleaner,Retail Store,Consumer,Noah Santos,5,$146.82,$89.92,5%,$734.10,$36.71,$697.39,$449.60,$247.79,PayPal,4.8,No
100396,2024-02-28,North America,Canada,Apparel,Wool Sweater,Retail Store,Consumer,Priya Rossi,1,$76.57,$44.26,0%,$76.57,$0.00,$76.57,$44.26,$32.31,Credit Card,3.7,Yes
100397,2024-02-28,Europe,United Kingdom,Home & Kitchen,Air Fryer,Online,Small Business,Sam Silva,8,$184.95,$77.52,5%,"$1,479.60",$73.98,"$1,405.62",$620.16,$785.46,Credit Card,4.5,No
100398,2024-02-28,Asia Pacific,Singapore,Health & Beauty,Hair Dryer,Marketplace,Small Business,Elena Lindqvist,6,$145.23,$87.56,0%,$871.38,$0.00,$871.38,$525.36,$346.02,Debit Card,3.4,No
100399,2024-02-28,North America,Canada,Health & Beauty,Hair Dryer,Retail Store,Consumer,Cameron Nakamura,3,$48.28,$24.65,0%,$144.84,$0.00,$144.84,$73.95,$70.89,Cash,3.6,No
100400,2024-02-28,Europe,France,Office Supplies,Pen Set,Wholesale,Consumer,Noah Santos,5,$264.65,$156.58,0%,"$1,323.25",$0.00,"$1,323.25",$782.90,$540.35,PayPal,4.3,No
100401,2024-02-28,North America,Mexico,Home & Kitchen,Blender,Marketplace,Consumer,Lucas Novak,6,$33.31,$17.44,0%,$199.86,$0.00,$199.86,$104.64,$95.22,Credit Card,4.0,No
100402,2024-02-29,Asia Pacific,Japan,Health & Beauty,Hair Dryer,Online,Small Business,Kenji Haddad,12,$113.91,$55.14,5%,"$1,366.92",$68.35,"$1,298.57",$661.68,$636.89,Credit Card,5.0,No
100403,2024-02-29,Asia Pacific,India,Electronics,Bluetooth Speaker,Wholesale,Consumer,Jordan Chen,24,$319.83,$195.56,0%,"$7,675.92",$0.00,"$7,675.92","$4,693.44","$2,982.48",Debit Card,4.2,No
100404,2024-02-29,Latin America,Brazil,Office Supplies,Monitor Arm,Marketplace,Consumer,Amara Costa,3,$278.99,$162.52,0%,$836.97,$0.00,$836.97,$487.56,$349.41,Debit Card,4.1,No
100405,2024-02-29,Europe,France,Office Supplies,Ergonomic Chair,Retail Store,Consumer,Sam Silva,1,$55.64,$35.47,0%,$55.64,$0.00,$55.64,$35.47,$20.17,Credit Card,2.0,No
100406,2024-02-29,North America,United States,Home & Kitchen,Cookware Set,Retail Store,Consumer,Jordan Chen,3,$127.54,$75.35,0%,$382.62,$0.00,$382.62,$226.05,$156.57,Credit Card,5.0,No
100407,2024-03-01,Europe,Netherlands,Office Supplies,Standing Desk,Retail Store,Consumer,Priya Rossi,9,$14.06,$6.49,0%,$126.54,$0.00,$126.54,$58.41,$68.13,PayPal,4.7,No
100408,2024-03-01,Europe,Netherlands,Home & Kitchen,Coffee Maker,Online,Consumer,Kenji Haddad,4,$102.52,$63.76,0%,$410.08,$0.00,$410.08,$255.04,$155.04,Credit Card,4.3,No
100409,2024-03-01,Asia Pacific,South Korea,Office Supplies,Desk Organizer,Wholesale,Consumer,Sofia Kowalski,2,$22.68,$9.66,20%,$45.36,$9.07,$36.29,$19.32,$16.97,Credit Card,5.0,No
100410,2024-03-01,North America,Canada,Home & Kitchen,Coffee Maker,Marketplace,Small Business,Priya Rossi,5,$92.77,$55.28,0%,$463.85,$0.00,$463.85,$276.40,$187.45,PayPal,3.9,No
100411,2024-03-01,North America,Canada,Office Supplies,Desk Organizer,Online,Consumer,Noah Santos,6,$99.56,$56.00,0%,$597.36,$0.00,$597.36,$336.00,$261.36,Credit Card,3.7,No
100412,2024-03-01,Europe,Italy,Health & Beauty,Yoga Mat,Marketplace,Consumer,Drew Okafor,1,$145.16,$76.32,5%,$145.16,$7.26,$137.90,$76.32,$61.58,Credit Card,4.4,No
100413,2024-03-02,North America,Canada,Home & Kitchen,Vacuum Cleaner,Retail Store,Consumer,Noah Santos,8,$85.17,$46.46,0%,$681.36,$0.00,$681.36,$371.68,$309.68,Credit Card,4.0,No
100414,2024-03-02,Asia Pacific,China,Health & Beauty,Hair Dryer,Retail Store,Consumer,Fatima Ahmed,9,$126.16,$77.30,0%,"$1,135.44",$0.00,"$1,135.44",$695.70,$439.74,Credit Card,5.0,No
100415,2024-03-02,North America,Canada,Health & Beauty,Electric Toothbrush,Marketplace,Small Business,Wei Dubois,8,$72.88,$43.18,5%,$583.04,$29.15,$553.89,$345.44,$208.45,PayPal,5.0,No
100416,2024-03-02,Middle East & Africa,Nigeria,Home & Kitchen,Toaster,Marketplace,Consumer,Sofia Kowalski,3,$146.05,$64.16,0%,$438.15,$0.00,$438.15,$192.48,$245.67,PayPal,4.9,No
100417,2024-03-02,North America,Mexico,Health & Beauty,Yoga Mat,Online,Consumer,Wei Dubois,10,$37.31,$24.15,0%,$373.10,$0.00,$373.10,$241.50,$131.60,Debit Card,5.0,No
100418,2024-03-02,North America,Canada,Home & Kitchen,Vacuum Cleaner,Online,Consumer,Sofia Kowalski,2,$85.29,$41.63,10%,$170.58,$17.06,$153.52,$83.26,$70.26,Bank Transfer,5.0,No
100419,2024-03-03,North America,Mexico,Apparel,Backpack,Retail Store,Consumer,Drew Okafor,3,$78.28,$49.51,5%,$234.84,$11.74,$223.10,$148.53,$74.57,Credit Card,4.2,No
100420,2024-03-03,North America,Canada,Office Supplies,Monitor Arm,Retail Store,Consumer,Sofia Kowalski,7,$185.16,$105.00,0%,"$1,296.12",$0.00,"$1,296.12",$735.00,$561.12,Debit Card,4.9,No
100421,2024-03-03,Middle East & Africa,UAE,Office Supplies,Desk Organizer,Online,Consumer,Drew Okafor,11,$59.87,$30.15,0%,$658.57,$0.00,$658.57,$331.65,$326.92,PayPal,4.0,No
100422,2024-03-03,Asia Pacific,South Korea,Health & Beauty,Skincare Set,Online,Consumer,Amara Costa,10,$94.61,$54.18,0%,$946.10,$0.00,$946.10,$541.80,$404.30,PayPal,5.0,No
100423,2024-03-03,Asia Pacific,Singapore,Health & Beauty,Massage Gun,Retail Store,Consumer,Wei Dubois,11,$97.56,$42.22,0%,"$1,073.16",$0.00,"$1,073.16",$464.42,$608.74,PayPal,4.4,No
100424,2024-03-03,North America,Canada,Health & Beauty,Skincare Set,Online,Small Business,Wei Dubois,8,$114.35,$59.56,0%,$914.80,$0.00,$914.80,$476.48,$438.32,Credit Card,4.9,Yes
100425,2024-03-03,Middle East & Africa,South Africa,Office Supplies,Monitor Arm,Retail Store,Consumer,Jamie Johansson,6,$197.08,$106.21,0%,"$1,182.48",$0.00,"$1,182.48",$637.26,$545.22,PayPal,3.5,No
100426,2024-03-03,Europe,Italy,Health & Beauty,Hair Dryer,Retail Store,Enterprise,Diego Weber,14,$17.73,$9.81,0%,$248.22,$0.00,$248.22,$137.34,$110.88,Credit Card,5.0,No
100427,2024-03-04,Europe,Netherlands,Apparel,Backpack,Marketplace,Small Business,Taylor Patel,13,$143.28,$60.38,15%,"$1,862.64",$279.40,"$1,583.24",$784.94,$798.30,Credit Card,3.8,No
100428,2024-03-04,Asia Pacific,China,Office Supplies,Pen Set,Online,Consumer,Diego Weber,6,$89.00,$45.72,0%,$534.00,$0.00,$534.00,$274.32,$259.68,Credit Card,5.0,No
100429,2024-03-04,Asia Pacific,Australia,Electronics,USB-C Hub,Online,Small Business,Taylor Patel,16,$40.43,$26.03,5%,$646.88,$32.34,$614.54,$416.48,$198.06,Credit Card,2.8,No
100430,2024-03-04,North America,United States,Electronics,Wireless Earbuds,Online,Enterprise,Riley Muller,6,$30.50,$13.98,5%,$183.00,$9.15,$173.85,$83.88,$89.97,Bank Transfer,4.7,No
100431,2024-03-05,Europe,France,Apparel,Backpack,Retail Store,Small Business,Alex Reyes,5,$126.51,$63.92,0%,$632.55,$0.00,$632.55,$319.60,$312.95,PayPal,4.4,No
100432,2024-03-05,Europe,France,Health & Beauty,Hair Dryer,Retail Store,Consumer,Priya Rossi,6,$76.47,$40.88,5%,$458.82,$22.94,$435.88,$245.28,$190.60,Cash,4.0,No
100433,2024-03-05,Asia Pacific,Japan,Apparel,Denim Jacket,Online,Small Business,Fatima Ahmed,10,$88.44,$38.21,0%,$884.40,$0.00,$884.40,$382.10,$502.30,Credit Card,5.0,Yes
100434,2024-03-05,North America,Mexico,Home & Kitchen,Vacuum Cleaner,Marketplace,Consumer,Cameron Nakamura,7,$152.89,$65.67,0%,"$1,070.23",$0.00,"$1,070.23",$459.69,$610.54,Cash,5.0,No
100435,2024-03-05,Middle East & Africa,South Africa,Apparel,Backpack,Marketplace,Small Business,Sam Silva,3,$86.93,$53.12,20%,$260.79,$52.16,$208.63,$159.36,$49.27,Credit Card,3.8,No
100436,2024-03-05,Latin America,Argentina,Office Supplies,Ergonomic Chair,Online,Enterprise,Cameron Nakamura,5,$372.42,$240.52,0%,"$1,862.10",$0.00,"$1,862.10","$1,202.60",$659.50,Credit Card,4.1,No
100437,2024-03-05,North America,Canada,Health & Beauty,Fitness Tracker,Retail Store,Small Business,Riley Muller,8,$112.98,$47.04,20%,$903.84,$180.77,$723.07,$376.32,$346.75,PayPal,4.8,No
100438,2024-03-05,Asia Pacific,Singapore,Health & Beauty,Massage Gun,Retail Store,Enterprise,Noah Santos,5,$15.98,$9.01,5%,$79.90,$4.00,$75.90,$45.05,$30.85,Credit Card,4.3,Yes
100439,2024-03-05,North America,Mexico,Home & Kitchen,Toaster,Online,Consumer,Kenji Haddad,7,$121.89,$69.06,0%,$853.23,$0.00,$853.23,$483.42,$369.81,Cash,3.8,No
100440,2024-03-06,Europe,France,Electronics,Laptop Stand,Online,Small Business,Priya Rossi,11,$92.63,$49.07,15%,"$1,018.93",$152.84,$866.09,$539.77,$326.32,Bank Transfer,3.3,No
100441,2024-03-06,Asia Pacific,Australia,Office Supplies,Ergonomic Chair,Marketplace,Consumer,Taylor Patel,5,$373.73,$201.82,0%,"$1,868.65",$0.00,"$1,868.65","$1,009.10",$859.55,Debit Card,4.1,No
100442,2024-03-06,North America,Canada,Apparel,Sunglasses,Online,Small Business,Amara Costa,2,$57.72,$33.94,0%,$115.44,$0.00,$115.44,$67.88,$47.56,Credit Card,3.6,No
100443,2024-03-06,Europe,Netherlands,Home & Kitchen,Air Fryer,Online,Enterprise,Kenji Haddad,10,$103.53,$58.44,5%,"$1,035.30",$51.76,$983.54,$584.40,$399.14,Cash,4.4,No
100444,2024-03-06,Asia Pacific,South Korea,Home & Kitchen,Vacuum Cleaner,Wholesale,Consumer,Sofia Kowalski,15,$200.95,$126.77,5%,"$3,014.25",$150.71,"$2,863.54","$1,901.55",$961.99,Debit Card,5.0,No
100445,2024-03-06,North America,United States,Apparel,Sunglasses,Marketplace,Consumer,Fatima Ahmed,3,$61.97,$34.95,5%,$185.91,$9.30,$176.61,$104.85,$71.76,Credit Card,4.2,No
100446,2024-03-07,Asia Pacific,Singapore,Office Supplies,Desk Organizer,Online,Enterprise,Lucas Novak,6,$322.99,$159.53,0%,"$1,937.94",$0.00,"$1,937.94",$957.18,$980.76,Debit Card,4.7,No
100447,2024-03-07,North America,United States,Office Supplies,Pen Set,Wholesale,Consumer,Sofia Kowalski,6,$18.05,$8.95,10%,$108.30,$10.83,$97.47,$53.70,$43.77,Credit Card,4.6,No
100448,2024-03-07,Europe,Netherlands,Electronics,Smartwatch,Retail Store,Consumer,Amara Costa,8,$125.97,$66.59,5%,"$1,007.76",$50.39,$957.37,$532.72,$424.65,Credit Card,4.7,No
100449,2024-03-08,North America,Mexico,Electronics,USB-C Hub,Online,Small Business,Taylor Patel,5,$180.35,$75.03,5%,$901.75,$45.09,$856.66,$375.15,$481.51,PayPal,3.6,No
100450,2024-03-08,Europe,Germany,Health & Beauty,Massage Gun,Online,Consumer,Noah Santos,3,$179.27,$94.84,0%,$537.81,$0.00,$537.81,$284.52,$253.29,Credit Card,4.8,No
100451,2024-03-08,Asia Pacific,Japan,Office Supplies,Ergonomic Chair,Wholesale,Consumer,Sofia Kowalski,6,$43.71,$23.91,15%,$262.26,$39.34,$222.92,$143.46,$79.46,Debit Card,3.9,No
100452,2024-03-08,Europe,Netherlands,Health & Beauty,Fitness Tracker,Online,Consumer,Elena Lindqvist,13,$33.58,$15.72,0%,$436.54,$0.00,$436.54,$204.36,$232.18,Cash,4.2,No
100453,2024-03-08,Asia Pacific,India,Electronics,Bluetooth Speaker,Retail Store,Enterprise,Drew Okafor,3,$174.36,$90.58,0%,$523.08,$0.00,$523.08,$271.74,$251.34,PayPal,3.5,No
100454,2024-03-08,Latin America,Colombia,Electronics,Laptop Stand,Online,Consumer,Wei Dubois,3,$36.49,$19.63,15%,$109.47,$16.42,$93.05,$58.89,$34.16,Credit Card,4.3,No
100455,2024-03-09,Latin America,Chile,Health & Beauty,Massage Gun,Online,Consumer,Alex Reyes,8,$179.60,$95.28,0%,"$1,436.80",$0.00,"$1,436.80",$762.24,$674.56,Credit Card,2.8,No
100456,2024-03-09,North America,Mexico,Health & Beauty,Hair Dryer,Retail Store,Enterprise,Casey Garcia,4,$20.92,$8.55,5%,$83.68,$4.18,$79.50,$34.20,$45.30,Credit Card,4.0,No
100457,2024-03-09,Europe,Netherlands,Apparel,Denim Jacket,Retail Store,Consumer,Jordan Chen,1,$81.32,$46.62,0%,$81.32,$0.00,$81.32,$46.62,$34.70,Credit Card,3.0,No
100458,2024-03-09,Europe,Germany,Home & Kitchen,Air Fryer,Wholesale,Small Business,Taylor Patel,11,$210.87,$118.13,15%,"$2,319.57",$347.94,"$1,971.63","$1,299.43",$672.20,Credit Card,3.8,No
100459,2024-03-09,North America,Mexico,Health & Beauty,Fitness Tracker,Wholesale,Consumer,Cameron Nakamura,2,$66.17,$36.76,0%,$132.34,$0.00,$132.34,$73.52,$58.82,Credit Card,4.2,No
100460,2024-03-09,Europe,Germany,Health & Beauty,Fitness Tracker,Online,Consumer,Sam Silva,4,$25.77,$15.84,0%,$103.08,$0.00,$103.08,$63.36,$39.72,PayPal,4.3,No
100461,2024-03-09,Asia Pacific,China,Office Supplies,Monitor Arm,Retail Store,Consumer,Taylor Patel,12,$298.21,$129.43,0%,"$3,578.52",$0.00,"$3,578.52","$1,553.16","$2,025.36",Credit Card,4.6,Yes
100462,2024-03-09,Europe,Germany,Electronics,Bluetooth Speaker,Marketplace,Small Business,Drew Okafor,11,$111.50,$50.98,5%,"$1,226.50",$61.32,"$1,165.18",$560.78,$604.40,Credit Card,4.3,No
100463,2024-03-09,Europe,United Kingdom,Electronics,Smartwatch,Marketplace,Small Business,Noah Santos,13,$288.38,$119.74,5%,"$3,748.94",$187.45,"$3,561.49","$1,556.62","$2,004.87",Debit Card,3.9,No
100464,2024-03-09,Europe,Germany,Office Supplies,Ergonomic Chair,Online,Enterprise,Taylor Patel,11,$79.48,$50.21,0%,$874.28,$0.00,$874.28,$552.31,$321.97,Credit Card,3.8,No
100465,2024-03-10,North America,United States,Electronics,USB-C Hub,Marketplace,Consumer,Riley Muller,9,$27.53,$15.36,10%,$247.77,$24.78,$222.99,$138.24,$84.75,Debit Card,3.7,Yes
100466,2024-03-10,Latin America,Colombia,Health & Beauty,Massage Gun,Online,Consumer,Cameron Nakamura,10,$156.40,$88.50,15%,"$1,564.00",$234.60,"$1,329.40",$885.00,$444.40,Credit Card,4.4,No
100467,2024-03-10,North America,United States,Electronics,Laptop Stand,Marketplace,Small Business,Priya Rossi,7,$113.89,$50.26,10%,$797.23,$79.72,$717.51,$351.82,$365.69,Credit Card,4.6,No
100468,2024-03-10,North America,United States,Office Supplies,Pen Set,Online,Consumer,Elena Lindqvist,6,$386.57,$223.07,5%,"$2,319.42",$115.97,"$2,203.45","$1,338.42",$865.03,Debit Card,4.0,No
100469,2024-03-10,North America,Mexico,Health & Beauty,Yoga Mat,Marketplace,Consumer,Kenji Haddad,5,$27.69,$11.27,10%,$138.45,$13.84,$124.61,$56.35,$68.26,Credit Card,3.7,No
100470,2024-03-11,North America,Mexico,Health & Beauty,Hair Dryer,Wholesale,Enterprise,Sofia Kowalski,2,$177.31,$96.91,0%,$354.62,$0.00,$354.62,$193.82,$160.80,Debit Card,4.8,No
100471,2024-03-11,Europe,Spain,Home & Kitchen,Cookware Set,Online,Consumer,Fatima Ahmed,10,$128.24,$53.95,10%,"$1,282.40",$128.24,"$1,154.16",$539.50,$614.66,Bank Transfer,3.7,No
100472,2024-03-12,Latin America,Brazil,Apparel,Denim Jacket,Marketplace,Consumer,Alex Reyes,13,$121.08,$76.53,10%,"$1,574.04",$157.40,"$1,416.64",$994.89,$421.75,Debit Card,4.9,No
100473,2024-03-12,Latin America,Brazil,Electronics,Smartwatch,Marketplace,Consumer,Jamie Johansson,9,$338.83,$202.92,10%,"$3,049.47",$304.95,"$2,744.52","$1,826.28",$918.24,PayPal,3.0,Yes
100474,2024-03-12,Asia Pacific,South Korea,Office Supplies,Pen Set,Wholesale,Consumer,Jordan Chen,16,$81.95,$33.24,0%,"$1,311.20",$0.00,"$1,311.20",$531.84,$779.36,Credit Card,2.6,No
100475,2024-03-12,North America,Canada,Electronics,USB-C Hub,Online,Consumer,Riley Muller,9,$144.28,$62.23,0%,"$1,298.52",$0.00,"$1,298.52",$560.07,$738.45,PayPal,4.5,No
100476,2024-03-13,Asia Pacific,Australia,Home & Kitchen,Toaster,Retail Store,Small Business,Noah Santos,13,$85.36,$45.14,15%,"$1,109.68",$166.45,$943.23,$586.82,$356.41,Bank Transfer,4.2,No
100477,2024-03-13,Europe,Spain,Office Supplies,Desk Organizer,Online,Consumer,Jordan Chen,9,$262.59,$110.40,5%,"$2,363.31",$118.17,"$2,245.14",$993.60,"$1,251.54",Credit Card,3.9,No
100478,2024-03-13,Asia Pacific,Japan,Apparel,Sunglasses,Wholesale,Small Business,Taylor Patel,9,$52.37,$25.23,5%,$471.33,$23.57,$447.76,$227.07,$220.69,Debit Card,4.2,No
100479,2024-03-13,Latin America,Colombia,Apparel,Wool Sweater,Online,Consumer,Kenji Haddad,5,$143.73,$90.27,10%,$718.65,$71.86,$646.79,$451.35,$195.44,PayPal,4.8,No
100480,2024-03-13,Europe,Netherlands,Electronics,Laptop Stand,Online,Consumer,Elena Lindqvist,1,$144.72,$61.72,10%,$144.72,$14.47,$130.25,$61.72,$68.53,Credit Card,4.8,No
100481,2024-03-13,North America,United States,Electronics,Bluetooth Speaker,Online,Consumer,Alex Reyes,7,$295.02,$151.75,0%,"$2,065.14",$0.00,"$2,065.14","$1,062.25","$1,002.89",Credit Card,4.0,No
100482,2024-03-13,Asia Pacific,South Korea,Health & Beauty,Fitness Tracker,Wholesale,Enterprise,Riley Muller,7,$81.48,$47.09,15%,$570.36,$85.55,$484.81,$329.63,$155.18,Credit Card,4.1,No
100483,2024-03-13,Europe,France,Office Supplies,Pen Set,Online,Consumer,Jamie Johansson,3,$170.11,$82.57,0%,$510.33,$0.00,$510.33,$247.71,$262.62,Bank Transfer,4.0,No
100484,2024-03-13,Europe,Netherlands,Apparel,Sunglasses,Online,Consumer,Drew Okafor,5,$89.70,$50.45,15%,$448.50,$67.27,$381.23,$252.25,$128.98,Credit Card,4.9,No
100485,2024-03-13,North America,Mexico,Health & Beauty,Electric Toothbrush,Marketplace,Consumer,Alex Reyes,5,$16.25,$7.06,0%,$81.25,$0.00,$81.25,$35.30,$45.95,Bank Transfer,3.8,No
100486,2024-03-13,Europe,Spain,Health & Beauty,Fitness Tracker,Retail Store,Consumer,Elena Lindqvist,4,$91.29,$56.68,5%,$365.16,$18.26,$346.90,$226.72,$120.18,Bank Transfer,4.4,No
100487,2024-03-13,North America,United States,Electronics,USB-C Hub,Online,Small Business,Wei Dubois,5,$260.19,$140.47,0%,"$1,300.95",$0.00,"$1,300.95",$702.35,$598.60,Cash,3.9,Yes
100488,2024-03-13,Asia Pacific,Singapore,Home & Kitchen,Vacuum Cleaner,Online,Consumer,Casey Garcia,7,$154.62,$76.81,0%,"$1,082.34",$0.00,"$1,082.34",$537.67,$544.67,Cash,3.8,No
100489,2024-03-13,Europe,Italy,Home & Kitchen,Blender,Online,Consumer,Sofia Kowalski,3,$91.98,$37.68,0%,$275.94,$0.00,$275.94,$113.04,$162.90,PayPal,3.6,No
100490,2024-03-14,North America,Mexico,Office Supplies,Ergonomic Chair,Online,Consumer,Alex Reyes,5,$101.50,$49.03,20%,$507.50,$101.50,$406.00,$245.15,$160.85,Cash,4.8,No
100491,2024-03-14,North America,United States,Apparel,Yoga Pants,Online,Consumer,Drew Okafor,14,$61.89,$35.93,0%,$866.46,$0.00,$866.46,$503.02,$363.44,Debit Card,3.8,No
100492,2024-03-14,North America,Mexico,Apparel,Sunglasses,Online,Consumer,Lucas Novak,11,$131.08,$59.31,0%,"$1,441.88",$0.00,"$1,441.88",$652.41,$789.47,Credit Card,3.8,Yes
100493,2024-03-14,Asia Pacific,India,Apparel,Running Shoes,Retail Store,Consumer,Morgan Kim,15,$65.06,$30.83,0%,$975.90,$0.00,$975.90,$462.45,$513.45,Debit Card,4.7,No
100494,2024-03-14,North America,Canada,Electronics,Bluetooth Speaker,Online,Consumer,Taylor Patel,3,$236.05,$100.36,5%,$708.15,$35.41,$672.74,$301.08,$371.66,Debit Card,3.6,No
100495,2024-03-15,Europe,United Kingdom,Home & Kitchen,Coffee Maker,Retail Store,Small Business,Drew Okafor,20,$81.85,$47.24,0%,"$1,637.00",$0.00,"$1,637.00",$944.80,$692.20,PayPal,5.0,No
100496,2024-03-15,Europe,Italy,Electronics,USB-C Hub,Retail Store,Small Business,Amara Costa,4,$234.90,$144.48,10%,$939.60,$93.96,$845.64,$577.92,$267.72,Credit Card,4.3,No
100497,2024-03-15,North America,Mexico,Electronics,Power Bank,Marketplace,Consumer,Kenji Haddad,8,$209.79,$106.51,0%,"$1,678.32",$0.00,"$1,678.32",$852.08,$826.24,Debit Card,3.6,No
100498,2024-03-15,Latin America,Brazil,Home & Kitchen,Cookware Set,Retail Store,Consumer,Morgan Kim,9,$167.95,$95.29,0%,"$1,511.55",$0.00,"$1,511.55",$857.61,$653.94,Credit Card,4.5,No
100499,2024-03-15,Asia Pacific,South Korea,Electronics,USB-C Hub,Retail Store,Consumer,Jordan Chen,1,$326.84,$172.69,10%,$326.84,$32.68,$294.16,$172.69,$121.47,Debit Card,4.9,No
100500,2024-03-15,Middle East & Africa,UAE,Electronics,Power Bank,Retail Store,Consumer,Priya Rossi,7,$205.80,$118.19,5%,"$1,440.60",$72.03,"$1,368.57",$827.33,$541.24,Credit Card,4.3,Yes
100501,2024-03-15,North America,Canada,Apparel,Denim Jacket,Retail Store,Consumer,Morgan Kim,8,$148.65,$96.40,5%,"$1,189.20",$59.46,"$1,129.74",$771.20,$358.54,Credit Card,5.0,No
100502,2024-03-15,Middle East & Africa,Saudi Arabia,Home & Kitchen,Coffee Maker,Marketplace,Enterprise,Diego Weber,7,$39.81,$21.06,5%,$278.67,$13.93,$264.74,$147.42,$117.32,Debit Card,4.0,No
100503,2024-03-15,Europe,France,Office Supplies,Ergonomic Chair,Marketplace,Enterprise,Noah Santos,6,$100.29,$49.60,20%,$601.74,$120.35,$481.39,$297.60,$183.79,Debit Card,4.2,No
100504,2024-03-15,Asia Pacific,Japan,Electronics,Power Bank,Marketplace,Consumer,Alex Reyes,7,$173.96,$88.81,0%,"$1,217.72",$0.00,"$1,217.72",$621.67,$596.05,Credit Card,4.0,No
100505,2024-03-15,North America,United States,Apparel,Denim Jacket,Online,Consumer,Jamie Johansson,4,$90.19,$56.31,20%,$360.76,$72.15,$288.61,$225.24,$63.37,Credit Card,4.0,No
100506,2024-03-15,North America,Canada,Office Supplies,Standing Desk,Marketplace,Consumer,Casey Garcia,6,$352.48,$168.72,0%,"$2,114.88",$0.00,"$2,114.88","$1,012.32","$1,102.56",Credit Card,3.8,No
100507,2024-03-15,North America,Mexico,Home & Kitchen,Coffee Maker,Online,Consumer,Jordan Chen,9,$197.12,$102.90,0%,"$1,774.08",$0.00,"$1,774.08",$926.10,$847.98,Credit Card,5.0,No
100508,2024-03-16,Latin America,Argentina,Apparel,Backpack,Retail Store,Consumer,Sam Silva,4,$85.70,$35.26,5%,$342.80,$17.14,$325.66,$141.04,$184.62,Debit Card,4.4,No
100509,2024-03-16,North America,Mexico,Office Supplies,Monitor Arm,Online,Small Business,Priya Rossi,6,$344.01,$153.89,15%,"$2,064.06",$309.61,"$1,754.45",$923.34,$831.11,Credit Card,4.4,No
100510,2024-03-16,Europe,Germany,Health & Beauty,Massage Gun,Online,Enterprise,Noah Santos,13,$25.96,$12.96,0%,$337.48,$0.00,$337.48,$168.48,$169.00,Debit Card,5.0,No
100511,2024-03-16,North America,Canada,Apparel,Yoga Pants,Marketplace,Consumer,Riley Muller,4,$80.02,$36.34,15%,$320.08,$48.01,$272.07,$145.36,$126.71,PayPal,4.9,No
100512,2024-03-16,Latin America,Argentina,Office Supplies,Desk Organizer,Marketplace,Small Business,Wei Dubois,8,$166.15,$79.34,0%,"$1,329.20",$0.00,"$1,329.20",$634.72,$694.48,PayPal,2.9,No
100513,2024-03-16,Asia Pacific,China,Apparel,Running Shoes,Online,Consumer,Lucas Novak,2,$116.33,$52.18,0%,$232.66,$0.00,$232.66,$104.36,$128.30,Credit Card,3.3,No
100514,2024-03-16,Europe,Germany,Home & Kitchen,Toaster,Marketplace,Small Business,Sam Silva,1,$145.02,$71.86,0%,$145.02,$0.00,$145.02,$71.86,$73.16,Credit Card,4.1,No
100515,2024-03-17,Asia Pacific,Australia,Electronics,Laptop Stand,Retail Store,Consumer,Jordan Chen,7,$308.09,$128.70,0%,"$2,156.63",$0.00,"$2,156.63",$900.90,"$1,255.73",PayPal,4.3,No
100516,2024-03-17,North America,Mexico,Apparel,Denim Jacket,Wholesale,Small Business,Amara Costa,11,$55.46,$33.85,0%,$610.06,$0.00,$610.06,$372.35,$237.71,Cash,4.1,No
100517,2024-03-17,Middle East & Africa,South Africa,Office Supplies,Monitor Arm,Retail Store,Consumer,Priya Rossi,2,$256.72,$109.69,10%,$513.44,$51.34,$462.10,$219.38,$242.72,PayPal,4.5,No
100518,2024-03-18,Europe,Spain,Apparel,Backpack,Wholesale,Small Business,Priya Rossi,5,$129.47,$74.02,0%,$647.35,$0.00,$647.35,$370.10,$277.25,Credit Card,5.0,No
100519,2024-03-18,Asia Pacific,South Korea,Apparel,Yoga Pants,Wholesale,Consumer,Priya Rossi,6,$76.71,$47.93,5%,$460.26,$23.01,$437.25,$287.58,$149.67,PayPal,3.9,No
100520,2024-03-18,Europe,Italy,Apparel,Denim Jacket,Retail Store,Small Business,Noah Santos,7,$36.63,$19.93,0%,$256.41,$0.00,$256.41,$139.51,$116.90,Credit Card,4.9,No
100521,2024-03-18,North America,Canada,Home & Kitchen,Air Fryer,Retail Store,Consumer,Noah Santos,10,$166.75,$74.70,0%,"$1,667.50",$0.00,"$1,667.50",$747.00,$920.50,Bank Transfer,4.4,No
100522,2024-03-18,Asia Pacific,Singapore,Office Supplies,Notebook Set,Retail Store,Consumer,Priya Rossi,12,$280.92,$148.03,5%,"$3,371.04",$168.55,"$3,202.49","$1,776.36","$1,426.13",Credit Card,4.4,No
100523,2024-03-18,Europe,Netherlands,Home & Kitchen,Toaster,Online,Small Business,Wei Dubois,13,$154.89,$69.41,0%,"$2,013.57",$0.00,"$2,013.57",$902.33,"$1,111.24",Credit Card,4.1,No
100524,2024-03-18,Asia Pacific,China,Home & Kitchen,Coffee Maker,Wholesale,Consumer,Wei Dubois,11,$60.58,$31.00,0%,$666.38,$0.00,$666.38,$341.00,$325.38,Bank Transfer,4.7,No
100525,2024-03-19,North America,Mexico,Home & Kitchen,Cookware Set,Marketplace,Small Business,Elena Lindqvist,12,$142.76,$89.17,0%,"$1,713.12",$0.00,"$1,713.12","$1,070.04",$643.08,PayPal,4.9,No
100526,2024-03-19,Europe,France,Electronics,Smartwatch,Marketplace,Enterprise,Lucas Novak,9,$316.02,$175.05,0%,"$2,844.18",$0.00,"$2,844.18","$1,575.45","$1,268.73",Bank Transfer,5.0,Yes
100527,2024-03-19,North America,United States,Health & Beauty,Electric Toothbrush,Online,Consumer,Taylor Patel,5,$14.74,$6.89,0%,$73.70,$0.00,$73.70,$34.45,$39.25,Credit Card,4.1,No
100528,2024-03-19,Asia Pacific,South Korea,Health & Beauty,Skincare Set,Retail Store,Small Business,Priya Rossi,13,$155.68,$66.47,0%,"$2,023.84",$0.00,"$2,023.84",$864.11,"$1,159.73",Cash,3.8,No
100529,2024-03-19,Europe,Germany,Office Supplies,Standing Desk,Online,Consumer,Jordan Chen,15,$254.08,$133.02,0%,"$3,811.20",$0.00,"$3,811.20","$1,995.30","$1,815.90",PayPal,3.3,No
100530,2024-03-19,Europe,Netherlands,Electronics,Power Bank,Online,Consumer,Diego Weber,10,$123.15,$75.52,0%,"$1,231.50",$0.00,"$1,231.50",$755.20,$476.30,PayPal,5.0,No
100531,2024-03-20,North America,United States,Health & Beauty,Electric Toothbrush,Online,Consumer,Elena Lindqvist,4,$130.96,$56.19,0%,$523.84,$0.00,$523.84,$224.76,$299.08,Debit Card,3.7,No
100532,2024-03-20,Asia Pacific,Australia,Electronics,Smartwatch,Online,Small Business,Amara Costa,6,$163.76,$96.69,0%,$982.56,$0.00,$982.56,$580.14,$402.42,PayPal,4.5,No
100533,2024-03-21,Latin America,Colombia,Electronics,Power Bank,Retail Store,Consumer,Casey Garcia,5,$292.80,$123.49,0%,"$1,464.00",$0.00,"$1,464.00",$617.45,$846.55,Credit Card,3.2,No
100534,2024-03-21,North America,Mexico,Health & Beauty,Fitness Tracker,Online,Small Business,Morgan Kim,7,$71.09,$44.97,0%,$497.63,$0.00,$497.63,$314.79,$182.84,Debit Card,2.9,No
100535,2024-03-21,North America,Mexico,Health & Beauty,Yoga Mat,Online,Consumer,Fatima Ahmed,7,$165.34,$86.06,0%,"$1,157.38",$0.00,"$1,157.38",$602.42,$554.96,Credit Card,3.8,No
100536,2024-03-21,Europe,Spain,Electronics,Power Bank,Retail Store,Consumer,Casey Garcia,11,$254.06,$159.86,0%,"$2,794.66",$0.00,"$2,794.66","$1,758.46","$1,036.20",Credit Card,5.0,No
100537,2024-03-21,North America,United States,Health & Beauty,Fitness Tracker,Retail Store,Consumer,Jordan Chen,11,$50.59,$31.69,15%,$556.49,$83.47,$473.02,$348.59,$124.43,Credit Card,4.2,No
100538,2024-03-21,North America,Canada,Electronics,Laptop Stand,Wholesale,Small Business,Casey Garcia,7,$181.43,$80.86,0%,"$1,270.01",$0.00,"$1,270.01",$566.02,$703.99,Debit Card,2.8,No
100539,2024-03-22,Europe,Netherlands,Health & Beauty,Massage Gun,Online,Consumer,Sofia Kowalski,14,$176.33,$109.27,0%,"$2,468.62",$0.00,"$2,468.62","$1,529.78",$938.84,PayPal,3.8,No
100540,2024-03-22,North America,Canada,Apparel,Wool Sweater,Wholesale,Enterprise,Drew Okafor,3,$134.01,$55.33,0%,$402.03,$0.00,$402.03,$165.99,$236.04,Bank Transfer,5.0,No
100541,2024-03-22,North America,Mexico,Apparel,Denim Jacket,Retail Store,Enterprise,Priya Rossi,2,$42.38,$24.10,15%,$84.76,$12.71,$72.05,$48.20,$23.85,Bank Transfer,5.0,No
100542,2024-03-22,Europe,United Kingdom,Apparel,Running Shoes,Marketplace,Small Business,Taylor Patel,7,$53.99,$34.14,0%,$377.93,$0.00,$377.93,$238.98,$138.95,Debit Card,3.9,No
100543,2024-03-22,Asia Pacific,South Korea,Health & Beauty,Skincare Set,Retail Store,Consumer,Sofia Kowalski,15,$80.80,$52.04,0%,"$1,212.00",$0.00,"$1,212.00",$780.60,$431.40,Bank Transfer,3.9,No
100544,2024-03-22,Europe,Netherlands,Office Supplies,Pen Set,Online,Consumer,Morgan Kim,6,$44.53,$22.41,5%,$267.18,$13.36,$253.82,$134.46,$119.36,PayPal,4.2,No
100545,2024-03-22,North America,Mexico,Electronics,Power Bank,Online,Small Business,Wei Dubois,7,$172.19,$93.13,5%,"$1,205.33",$60.27,"$1,145.06",$651.91,$493.15,Bank Transfer,4.5,No
100546,2024-03-23,North America,Mexico,Health & Beauty,Fitness Tracker,Marketplace,Small Business,Fatima Ahmed,10,$169.98,$97.65,0%,"$1,699.80",$0.00,"$1,699.80",$976.50,$723.30,Credit Card,4.4,No
100547,2024-03-23,Latin America,Chile,Office Supplies,Standing Desk,Marketplace,Consumer,Diego Weber,6,$52.04,$32.23,0%,$312.24,$0.00,$312.24,$193.38,$118.86,Credit Card,5.0,No
100548,2024-03-23,North America,Canada,Health & Beauty,Electric Toothbrush,Marketplace,Consumer,Taylor Patel,5,$177.56,$111.96,15%,$887.80,$133.17,$754.63,$559.80,$194.83,PayPal,5.0,No
100549,2024-03-23,Europe,Spain,Home & Kitchen,Blender,Online,Consumer,Riley Muller,12,$181.57,$113.11,10%,"$2,178.84",$217.88,"$1,960.96","$1,357.32",$603.64,Credit Card,5.0,No
100550,2024-03-23,Asia Pacific,South Korea,Health & Beauty,Hair Dryer,Marketplace,Consumer,Priya Rossi,2,$175.89,$89.59,0%,$351.78,$0.00,$351.78,$179.18,$172.60,Credit Card,2.9,Yes
100551,2024-03-23,Europe,United Kingdom,Apparel,Denim Jacket,Online,Consumer,Jamie Johansson,7,$75.33,$40.19,0%,$527.31,$0.00,$527.31,$281.33,$245.98,Credit Card,3.7,No
100552,2024-03-24,North America,Mexico,Office Supplies,Standing Desk,Wholesale,Small Business,Noah Santos,5,$104.69,$61.90,0%,$523.45,$0.00,$523.45,$309.50,$213.95,Credit Card,5.0,No
100553,2024-03-24,Europe,United Kingdom,Health & Beauty,Electric Toothbrush,Retail Store,Consumer,Elena Lindqvist,4,$87.49,$52.61,0%,$349.96,$0.00,$349.96,$210.44,$139.52,Credit Card,3.4,No
100554,2024-03-24,Europe,France,Health & Beauty,Yoga Mat,Online,Small Business,Sam Silva,8,$150.12,$94.58,10%,"$1,200.96",$120.10,"$1,080.86",$756.64,$324.22,Credit Card,4.5,No
100555,2024-03-24,Europe,Netherlands,Electronics,Laptop Stand,Retail Store,Consumer,Casey Garcia,14,$271.72,$151.83,0%,"$3,804.08",$0.00,"$3,804.08","$2,125.62","$1,678.46",Cash,3.7,No
100556,2024-03-24,North America,Canada,Office Supplies,Desk Organizer,Wholesale,Consumer,Morgan Kim,3,$388.79,$205.52,10%,"$1,166.37",$116.64,"$1,049.73",$616.56,$433.17,Credit Card,4.8,No
100557,2024-03-24,Asia Pacific,Japan,Apparel,Wool Sweater,Online,Enterprise,Cameron Nakamura,6,$142.53,$57.11,5%,$855.18,$42.76,$812.42,$342.66,$469.76,Debit Card,4.6,Yes
100558,2024-03-24,Europe,France,Health & Beauty,Yoga Mat,Online,Small Business,Kenji Haddad,5,$59.98,$27.88,0%,$299.90,$0.00,$299.90,$139.40,$160.50,Credit Card,4.7,No
100559,2024-03-24,Europe,United Kingdom,Home & Kitchen,Air Fryer,Online,Consumer,Amara Costa,3,$203.29,$114.87,5%,$609.87,$30.49,$579.38,$344.61,$234.77,Credit Card,4.0,No
100560,2024-03-24,North America,Canada,Home & Kitchen,Blender,Retail Store,Small Business,Sam Silva,11,$115.74,$51.94,0%,"$1,273.14",$0.00,"$1,273.14",$571.34,$701.80,Credit Card,4.3,No
100561,2024-03-24,Europe,Germany,Health & Beauty,Skincare Set,Online,Small Business,Sam Silva,2,$37.36,$19.23,0%,$74.72,$0.00,$74.72,$38.46,$36.26,Bank Transfer,4.2,No
100562,2024-03-24,Latin America,Chile,Home & Kitchen,Toaster,Marketplace,Consumer,Sofia Kowalski,13,$38.51,$19.34,0%,$500.63,$0.00,$500.63,$251.42,$249.21,Credit Card,4.4,No
100563,2024-03-24,Asia Pacific,China,Electronics,Power Bank,Online,Enterprise,Lucas Novak,17,$274.97,$170.89,0%,"$4,674.49",$0.00,"$4,674.49","$2,905.13","$1,769.36",Debit Card,4.5,No
100564,2024-03-24,Europe,Germany,Electronics,Wireless Earbuds,Retail Store,Small Business,Drew Okafor,9,$208.04,$123.28,5%,"$1,872.36",$93.62,"$1,778.74","$1,109.52",$669.22,Credit Card,4.0,No
100565,2024-03-25,Europe,Spain,Electronics,Laptop Stand,Online,Small Business,Sofia Kowalski,1,$239.55,$138.96,10%,$239.55,$23.96,$215.59,$138.96,$76.63,Credit Card,3.3,No
100566,2024-03-25,Europe,Spain,Home & Kitchen,Blender,Retail Store,Consumer,Riley Muller,8,$172.26,$90.07,5%,"$1,378.08",$68.90,"$1,309.18",$720.56,$588.62,PayPal,4.9,No
100567,2024-03-25,North America,United States,Electronics,Smartwatch,Marketplace,Consumer,Elena Lindqvist,3,$341.14,$185.12,0%,"$1,023.42",$0.00,"$1,023.42",$555.36,$468.06,PayPal,3.3,No
100568,2024-03-25,Asia Pacific,India,Office Supplies,Desk Organizer,Marketplace,Consumer,Drew Okafor,11,$197.47,$92.17,0%,"$2,172.17",$0.00,"$2,172.17","$1,013.87","$1,158.30",PayPal,4.5,No
100569,2024-03-26,North America,Canada,Health & Beauty,Massage Gun,Online,Enterprise,Amara Costa,5,$173.39,$97.07,5%,$866.95,$43.35,$823.60,$485.35,$338.25,Credit Card,5.0,No
100570,2024-03-26,Europe,Italy,Electronics,Bluetooth Speaker,Marketplace,Consumer,Sam Silva,7,$163.49,$104.24,0%,"$1,144.43",$0.00,"$1,144.43",$729.68,$414.75,Debit Card,3.2,No
100571,2024-03-26,Asia Pacific,South Korea,Office Supplies,Standing Desk,Online,Consumer,Alex Reyes,13,$109.77,$69.83,0%,"$1,427.01",$0.00,"$1,427.01",$907.79,$519.22,Credit Card,3.0,No
100572,2024-03-26,Asia Pacific,Singapore,Apparel,Wool Sweater,Online,Enterprise,Cameron Nakamura,9,$70.99,$36.84,0%,$638.91,$0.00,$638.91,$331.56,$307.35,Credit Card,4.1,No
100573,2024-03-26,Asia Pacific,India,Home & Kitchen,Toaster,Online,Consumer,Noah Santos,9,$113.20,$55.53,0%,"$1,018.80",$0.00,"$1,018.80",$499.77,$519.03,Credit Card,4.2,No
100574,2024-03-26,North America,United States,Apparel,Denim Jacket,Online,Enterprise,Sofia Kowalski,14,$51.62,$28.55,0%,$722.68,$0.00,$722.68,$399.70,$322.98,Credit Card,4.9,Yes
100575,2024-03-26,Asia Pacific,Singapore,Home & Kitchen,Blender,Marketplace,Consumer,Riley Muller,8,$119.74,$76.32,5%,$957.92,$47.90,$910.02,$610.56,$299.46,Bank Transfer,3.2,No
100576,2024-03-26,North America,Mexico,Health & Beauty,Hair Dryer,Retail Store,Consumer,Elena Lindqvist,6,$91.43,$47.06,5%,$548.58,$27.43,$521.15,$282.36,$238.79,Credit Card,3.0,No
100577,2024-03-26,North America,Mexico,Office Supplies,Ergonomic Chair,Retail Store,Consumer,Alex Reyes,2,$148.31,$83.25,5%,$296.62,$14.83,$281.79,$166.50,$115.29,Debit Card,4.0,No
100578,2024-03-27,North America,United States,Health & Beauty,Skincare Set,Online,Consumer,Kenji Haddad,4,$42.89,$18.49,0%,$171.56,$0.00,$171.56,$73.96,$97.60,PayPal,4.3,No
100579,2024-03-27,Europe,Germany,Electronics,Bluetooth Speaker,Retail Store,Enterprise,Morgan Kim,8,$174.26,$86.52,15%,"$1,394.08",$209.11,"$1,184.97",$692.16,$492.81,Credit Card,4.7,No
100580,2024-03-27,Europe,Spain,Health & Beauty,Massage Gun,Wholesale,Consumer,Sofia Kowalski,13,$136.26,$61.56,0%,"$1,771.38",$0.00,"$1,771.38",$800.28,$971.10,Credit Card,4.4,No
100581,2024-03-27,North America,United States,Home & Kitchen,Coffee Maker,Online,Small Business,Drew Okafor,3,$38.57,$21.07,10%,$115.71,$11.57,$104.14,$63.21,$40.93,Credit Card,5.0,No
100582,2024-03-27,North America,Mexico,Apparel,Sunglasses,Online,Consumer,Jordan Chen,11,$46.38,$20.88,5%,$510.18,$25.51,$484.67,$229.68,$254.99,PayPal,5.0,No
100583,2024-03-27,North America,Mexico,Health & Beauty,Hair Dryer,Marketplace,Consumer,Diego Weber,13,$165.84,$70.82,5%,"$2,155.92",$107.80,"$2,048.12",$920.66,"$1,127.46",Debit Card,5.0,No
100584,2024-03-27,North America,United States,Health & Beauty,Yoga Mat,Retail Store,Consumer,Jamie Johansson,7,$52.05,$25.53,5%,$364.35,$18.22,$346.13,$178.71,$167.42,Debit Card,4.8,Yes
100585,2024-03-28,Asia Pacific,South Korea,Electronics,Power Bank,Online,Consumer,Priya Rossi,11,$278.44,$117.72,5%,"$3,062.84",$153.14,"$2,909.70","$1,294.92","$1,614.78",Credit Card,4.3,No
100586,2024-03-28,Europe,Netherlands,Electronics,Power Bank,Retail Store,Consumer,Cameron Nakamura,2,$138.59,$80.65,20%,$277.18,$55.44,$221.74,$161.30,$60.44,Credit Card,4.2,No
100587,2024-03-28,North America,Canada,Electronics,Smartwatch,Online,Consumer,Wei Dubois,18,$217.71,$141.40,10%,"$3,918.78",$391.88,"$3,526.90","$2,545.20",$981.70,Credit Card,4.0,No
100588,2024-03-28,Asia Pacific,Singapore,Home & Kitchen,Blender,Online,Small Business,Drew Okafor,13,$171.58,$88.82,0%,"$2,230.54",$0.00,"$2,230.54","$1,154.66","$1,075.88",Debit Card,4.8,No
100589,2024-03-28,Europe,Italy,Electronics,Power Bank,Retail Store,Consumer,Lucas Novak,2,$180.14,$78.34,0%,$360.28,$0.00,$360.28,$156.68,$203.60,PayPal,3.2,No
100590,2024-03-28,Asia Pacific,Japan,Health & Beauty,Skincare Set,Online,Small Business,Sofia Kowalski,7,$114.85,$56.92,0%,$803.95,$0.00,$803.95,$398.44,$405.51,PayPal,3.9,No
100591,2024-03-28,Middle East & Africa,South Africa,Health & Beauty,Fitness Tracker,Retail Store,Consumer,Cameron Nakamura,5,$152.59,$81.08,0%,$762.95,$0.00,$762.95,$405.40,$357.55,Credit Card,3.9,No
100592,2024-03-28,Europe,Spain,Office Supplies,Desk Organizer,Online,Consumer,Riley Muller,1,$127.79,$58.86,0%,$127.79,$0.00,$127.79,$58.86,$68.93,Credit Card,4.0,No
100593,2024-03-29,Asia Pacific,India,Home & Kitchen,Coffee Maker,Online,Consumer,Alex Reyes,9,$180.09,$90.67,0%,"$1,620.81",$0.00,"$1,620.81",$816.03,$804.78,Debit Card,4.7,Yes
100594,2024-03-29,North America,United States,Electronics,Laptop Stand,Online,Consumer,Noah Santos,14,$214.50,$119.78,0%,"$3,003.00",$0.00,"$3,003.00","$1,676.92","$1,326.08",Debit Card,4.8,No
100595,2024-03-29,Asia Pacific,Japan,Electronics,Wireless Earbuds,Retail Store,Small Business,Kenji Haddad,6,$333.43,$148.46,20%,"$2,000.58",$400.12,"$1,600.46",$890.76,$709.70,Credit Card,4.6,Yes
100596,2024-03-29,Middle East & Africa,Saudi Arabia,Office Supplies,Ergonomic Chair,Retail Store,Consumer,Lucas Novak,7,$262.71,$169.78,10%,"$1,838.97",$183.90,"$1,655.07","$1,188.46",$466.61,PayPal,2.7,No
100597,2024-03-29,North America,Mexico,Electronics,Smartwatch,Retail Store,Small Business,Fatima Ahmed,13,$69.71,$36.60,0%,$906.23,$0.00,$906.23,$475.80,$430.43,Credit Card,3.2,No
100598,2024-03-29,North America,Canada,Office Supplies,Monitor Arm,Online,Consumer,Taylor Patel,3,$151.14,$70.19,0%,$453.42,$0.00,$453.42,$210.57,$242.85,Bank Transfer,4.6,No
100599,2024-03-30,Latin America,Brazil,Office Supplies,Pen Set,Online,Consumer,Priya Rossi,20,$361.68,$193.90,5%,"$7,233.60",$361.68,"$6,871.92","$3,878.00","$2,993.92",Credit Card,4.4,No
100600,2024-03-30,Europe,Netherlands,Home & Kitchen,Cookware Set,Marketplace,Consumer,Diego Weber,4,$86.50,$40.15,5%,$346.00,$17.30,$328.70,$160.60,$168.10,Debit Card,5.0,No
100601,2024-03-30,Europe,Netherlands,Apparel,Backpack,Online,Enterprise,Kenji Haddad,10,$21.40,$8.58,0%,$214.00,$0.00,$214.00,$85.80,$128.20,Credit Card,4.0,No
100602,2024-03-30,North America,Canada,Home & Kitchen,Air Fryer,Online,Consumer,Jamie Johansson,4,$57.03,$25.74,15%,$228.12,$34.22,$193.90,$102.96,$90.94,Credit Card,4.1,No
100603,2024-03-30,Europe,Italy,Electronics,Laptop Stand,Marketplace,Small Business,Morgan Kim,5,$83.91,$34.99,5%,$419.55,$20.98,$398.57,$174.95,$223.62,Credit Card,4.0,No
100604,2024-03-30,North America,Mexico,Electronics,Laptop Stand,Marketplace,Consumer,Lucas Novak,8,$274.18,$152.76,0%,"$2,193.44",$0.00,"$2,193.44","$1,222.08",$971.36,Credit Card,4.3,No
100605,2024-03-30,North America,United States,Electronics,USB-C Hub,Online,Consumer,Amara Costa,9,$117.84,$55.53,0%,"$1,060.56",$0.00,"$1,060.56",$499.77,$560.79,Credit Card,4.6,No
100606,2024-03-30,North America,Mexico,Apparel,Backpack,Retail Store,Consumer,Kenji Haddad,14,$114.85,$71.83,20%,"$1,607.90",$321.58,"$1,286.32","$1,005.62",$280.70,Debit Card,3.1,No
100607,2024-03-31,North America,Canada,Apparel,Wool Sweater,Online,Small Business,Jordan Chen,9,$143.09,$71.55,10%,"$1,287.81",$128.78,"$1,159.03",$643.95,$515.08,PayPal,3.5,No
100608,2024-03-31,Latin America,Chile,Office Supplies,Notebook Set,Online,Small Business,Sam Silva,8,$146.79,$94.02,0%,"$1,174.32",$0.00,"$1,174.32",$752.16,$422.16,PayPal,4.0,No
100609,2024-03-31,North America,Mexico,Home & Kitchen,Toaster,Marketplace,Consumer,Jordan Chen,6,$197.87,$103.59,0%,"$1,187.22",$0.00,"$1,187.22",$621.54,$565.68,Credit Card,3.5,No
100610,2024-03-31,Asia Pacific,Japan,Home & Kitchen,Coffee Maker,Marketplace,Consumer,Fatima Ahmed,8,$121.09,$64.82,20%,$968.72,$193.74,$774.98,$518.56,$256.42,Cash,3.1,No
100611,2024-04-01,Asia Pacific,Australia,Apparel,Wool Sweater,Online,Small Business,Kenji Haddad,1,$92.24,$53.24,0%,$92.24,$0.00,$92.24,$53.24,$39.00,Credit Card,5.0,No
100612,2024-04-01,Europe,United Kingdom,Health & Beauty,Fitness Tracker,Retail Store,Enterprise,Sofia Kowalski,14,$167.61,$67.81,0%,"$2,346.54",$0.00,"$2,346.54",$949.34,"$1,397.20",Debit Card,3.2,No
100613,2024-04-01,Europe,Netherlands,Electronics,Power Bank,Online,Enterprise,Alex Reyes,4,$243.45,$107.07,0%,$973.80,$0.00,$973.80,$428.28,$545.52,Debit Card,3.3,No
100614,2024-04-01,Asia Pacific,Singapore,Electronics,USB-C Hub,Retail Store,Consumer,Cameron Nakamura,1,$317.83,$130.96,15%,$317.83,$47.67,$270.16,$130.96,$139.20,Credit Card,4.5,No
100615,2024-04-01,Asia Pacific,Australia,Apparel,Sunglasses,Online,Consumer,Elena Lindqvist,5,$142.64,$63.09,0%,$713.20,$0.00,$713.20,$315.45,$397.75,PayPal,4.7,No
100616,2024-04-01,North America,Mexico,Home & Kitchen,Coffee Maker,Retail Store,Consumer,Kenji Haddad,6,$74.90,$44.09,20%,$449.40,$89.88,$359.52,$264.54,$94.98,PayPal,4.3,No
100617,2024-04-01,Latin America,Brazil,Home & Kitchen,Toaster,Retail Store,Small Business,Cameron Nakamura,6,$159.46,$99.16,0%,$956.76,$0.00,$956.76,$594.96,$361.80,Debit Card,2.4,No
100618,2024-04-01,North America,Canada,Electronics,Smartwatch,Marketplace,Consumer,Jordan Chen,17,$182.53,$87.01,0%,"$3,103.01",$0.00,"$3,103.01","$1,479.17","$1,623.84",Debit Card,4.0,No
100619,2024-04-02,North America,Mexico,Home & Kitchen,Vacuum Cleaner,Marketplace,Consumer,Noah Santos,14,$197.25,$118.02,5%,"$2,761.50",$138.08,"$2,623.42","$1,652.28",$971.14,Credit Card,2.7,No
100620,2024-04-02,North America,Mexico,Home & Kitchen,Air Fryer,Online,Consumer,Jamie Johansson,7,$191.91,$78.65,5%,"$1,343.37",$67.17,"$1,276.20",$550.55,$725.65,Cash,4.4,No
100621,2024-04-02,North America,Canada,Office Supplies,Ergonomic Chair,Online,Consumer,Elena Lindqvist,1,$114.67,$72.13,0%,$114.67,$0.00,$114.67,$72.13,$42.54,PayPal,4.5,No
100622,2024-04-02,Europe,Netherlands,Office Supplies,Pen Set,Retail Store,Consumer,Morgan Kim,2,$142.40,$92.14,0%,$284.80,$0.00,$284.80,$184.28,$100.52,Debit Card,4.4,No
100623,2024-04-02,Asia Pacific,Japan,Apparel,Backpack,Online,Consumer,Cameron Nakamura,5,$126.07,$67.89,0%,$630.35,$0.00,$630.35,$339.45,$290.90,Credit Card,4.2,No
100624,2024-04-02,Middle East & Africa,Nigeria,Health & Beauty,Massage Gun,Online,Consumer,Elena Lindqvist,2,$99.89,$53.08,0%,$199.78,$0.00,$199.78,$106.16,$93.62,Credit Card,4.4,No
100625,2024-04-02,Latin America,Chile,Health & Beauty,Skincare Set,Marketplace,Consumer,Amara Costa,4,$116.88,$66.10,0%,$467.52,$0.00,$467.52,$264.40,$203.12,Credit Card,4.7,No
100626,2024-04-02,North America,Canada,Health & Beauty,Yoga Mat,Marketplace,Consumer,Riley Muller,11,$78.05,$33.27,0%,$858.55,$0.00,$858.55,$365.97,$492.58,Credit Card,2.8,No
100627,2024-04-02,Middle East & Africa,Nigeria,Electronics,Bluetooth Speaker,Retail Store,Small Business,Cameron Nakamura,6,$106.80,$53.20,5%,$640.80,$32.04,$608.76,$319.20,$289.56,PayPal,5.0,No
100628,2024-04-03,Europe,France,Apparel,Backpack,Retail Store,Consumer,Cameron Nakamura,7,$77.27,$36.01,0%,$540.89,$0.00,$540.89,$252.07,$288.82,Credit Card,5.0,No
100629,2024-04-03,North America,Mexico,Apparel,Backpack,Retail Store,Consumer,Lucas Novak,6,$97.35,$42.83,5%,$584.10,$29.20,$554.90,$256.98,$297.92,Debit Card,4.4,No
100630,2024-04-04,Middle East & Africa,UAE,Apparel,Wool Sweater,Wholesale,Small Business,Morgan Kim,1,$120.54,$74.82,0%,$120.54,$0.00,$120.54,$74.82,$45.72,Debit Card,2.5,Yes
100631,2024-04-04,Asia Pacific,India,Office Supplies,Monitor Arm,Online,Enterprise,Diego Weber,11,$60.30,$28.01,0%,$663.30,$0.00,$663.30,$308.11,$355.19,Credit Card,4.1,No
100632,2024-04-04,Asia Pacific,China,Apparel,Denim Jacket,Marketplace,Small Business,Amara Costa,4,$50.93,$32.46,0%,$203.72,$0.00,$203.72,$129.84,$73.88,Credit Card,3.8,Yes
100633,2024-04-04,Latin America,Argentina,Home & Kitchen,Cookware Set,Retail Store,Consumer,Morgan Kim,6,$218.80,$122.97,0%,"$1,312.80",$0.00,"$1,312.80",$737.82,$574.98,Credit Card,3.8,No
100634,2024-04-04,North America,Canada,Health & Beauty,Fitness Tracker,Retail Store,Consumer,Sam Silva,1,$173.63,$85.65,0%,$173.63,$0.00,$173.63,$85.65,$87.98,PayPal,4.4,No
100635,2024-04-04,Asia Pacific,South Korea,Electronics,Bluetooth Speaker,Wholesale,Small Business,Priya Rossi,3,$326.36,$199.35,0%,$979.08,$0.00,$979.08,$598.05,$381.03,Credit Card,5.0,Yes
100636,2024-04-05,North America,United States,Apparel,Denim Jacket,Online,Consumer,Kenji Haddad,8,$121.57,$53.88,15%,$972.56,$145.88,$826.68,$431.04,$395.64,Credit Card,5.0,No
100637,2024-04-05,Europe,Germany,Health & Beauty,Electric Toothbrush,Online,Consumer,Diego Weber,4,$91.50,$47.14,0%,$366.00,$0.00,$366.00,$188.56,$177.44,Credit Card,4.5,No
100638,2024-04-05,Asia Pacific,Japan,Home & Kitchen,Vacuum Cleaner,Retail Store,Small Business,Lucas Novak,5,$158.68,$80.73,10%,$793.40,$79.34,$714.06,$403.65,$310.41,Credit Card,4.7,No
100639,2024-04-05,Europe,Italy,Electronics,Power Bank,Online,Small Business,Elena Lindqvist,21,$281.77,$156.35,0%,"$5,917.17",$0.00,"$5,917.17","$3,283.35","$2,633.82",Debit Card,4.7,No
100640,2024-04-05,North America,Canada,Office Supplies,Notebook Set,Marketplace,Consumer,Priya Rossi,6,$175.51,$99.09,0%,"$1,053.06",$0.00,"$1,053.06",$594.54,$458.52,Credit Card,5.0,No
100641,2024-04-05,Europe,Netherlands,Apparel,Yoga Pants,Retail Store,Enterprise,Riley Muller,5,$70.62,$42.03,5%,$353.10,$17.66,$335.44,$210.15,$125.29,Credit Card,4.1,No
100642,2024-04-05,Asia Pacific,Australia,Home & Kitchen,Toaster,Retail Store,Consumer,Lucas Novak,7,$201.52,$105.90,0%,"$1,410.64",$0.00,"$1,410.64",$741.30,$669.34,Credit Card,5.0,No
100643,2024-04-06,Europe,Germany,Office Supplies,Monitor Arm,Marketplace,Small Business,Taylor Patel,4,$118.65,$74.51,10%,$474.60,$47.46,$427.14,$298.04,$129.10,Credit Card,3.1,No
100644,2024-04-06,Latin America,Argentina,Office Supplies,Desk Organizer,Retail Store,Consumer,Noah Santos,6,$329.66,$187.02,0%,"$1,977.96",$0.00,"$1,977.96","$1,122.12",$855.84,Bank Transfer,4.8,No
100645,2024-04-06,Asia Pacific,Japan,Office Supplies,Pen Set,Online,Small Business,Alex Reyes,7,$49.00,$30.56,0%,$343.00,$0.00,$343.00,$213.92,$129.08,Debit Card,4.9,No
100646,2024-04-06,North America,Mexico,Home & Kitchen,Blender,Retail Store,Small Business,Drew Okafor,4,$178.16,$100.82,0%,$712.64,$0.00,$712.64,$403.28,$309.36,Credit Card,5.0,No
100647,2024-04-06,North America,United States,Office Supplies,Pen Set,Retail Store,Small Business,Priya Rossi,10,$370.44,$171.88,0%,"$3,704.40",$0.00,"$3,704.40","$1,718.80","$1,985.60",Bank Transfer,4.6,No
100648,2024-04-07,North America,United States,Apparel,Running Shoes,Marketplace,Consumer,Elena Lindqvist,9,$79.81,$48.69,5%,$718.29,$35.91,$682.38,$438.21,$244.17,Credit Card,3.3,No
100649,2024-04-07,Europe,Germany,Health & Beauty,Massage Gun,Online,Enterprise,Fatima Ahmed,2,$122.50,$77.02,10%,$245.00,$24.50,$220.50,$154.04,$66.46,Cash,4.7,No
100650,2024-04-07,Asia Pacific,Australia,Electronics,Power Bank,Wholesale,Small Business,Sam Silva,8,$179.84,$93.70,5%,"$1,438.72",$71.94,"$1,366.78",$749.60,$617.18,Credit Card,4.2,No
100651,2024-04-07,Latin America,Chile,Electronics,Smartwatch,Online,Consumer,Jamie Johansson,7,$71.25,$30.10,0%,$498.75,$0.00,$498.75,$210.70,$288.05,Credit Card,4.5,No
100652,2024-04-07,Europe,Spain,Electronics,Laptop Stand,Marketplace,Small Business,Cameron Nakamura,6,$163.00,$72.15,20%,$978.00,$195.60,$782.40,$432.90,$349.50,Debit Card,3.5,No
100653,2024-04-07,Europe,Netherlands,Home & Kitchen,Air Fryer,Marketplace,Consumer,Priya Rossi,10,$132.83,$59.71,5%,"$1,328.30",$66.42,"$1,261.88",$597.10,$664.78,Debit Card,3.7,No
100654,2024-04-08,North America,Mexico,Home & Kitchen,Blender,Wholesale,Consumer,Cameron Nakamura,5,$203.66,$84.55,0%,"$1,018.30",$0.00,"$1,018.30",$422.75,$595.55,Credit Card,3.6,No
100655,2024-04-08,Latin America,Colombia,Electronics,Laptop Stand,Online,Small Business,Jordan Chen,3,$326.28,$147.99,5%,$978.84,$48.94,$929.90,$443.97,$485.93,Credit Card,3.9,No
100656,2024-04-08,North America,Canada,Health & Beauty,Electric Toothbrush,Retail Store,Consumer,Fatima Ahmed,10,$141.12,$76.30,0%,"$1,411.20",$0.00,"$1,411.20",$763.00,$648.20,Credit Card,5.0,No
100657,2024-04-08,Europe,Netherlands,Office Supplies,Monitor Arm,Marketplace,Consumer,Noah Santos,5,$156.07,$74.24,0%,$780.35,$0.00,$780.35,$371.20,$409.15,PayPal,3.7,No
100658,2024-04-08,Latin America,Colombia,Health & Beauty,Skincare Set,Online,Consumer,Wei Dubois,4,$65.46,$37.19,0%,$261.84,$0.00,$261.84,$148.76,$113.08,Debit Card,3.9,No
100659,2024-04-08,Europe,Netherlands,Health & Beauty,Massage Gun,Online,Small Business,Sam Silva,7,$178.65,$98.37,0%,"$1,250.55",$0.00,"$1,250.55",$688.59,$561.96,Bank Transfer,3.7,No
100660,2024-04-08,Asia Pacific,Australia,Health & Beauty,Fitness Tracker,Online,Small Business,Jordan Chen,8,$138.89,$77.87,0%,"$1,111.12",$0.00,"$1,111.12",$622.96,$488.16,Credit Card,3.6,No
100661,2024-04-08,Europe,Netherlands,Apparel,Running Shoes,Online,Consumer,Taylor Patel,25,$25.27,$15.46,15%,$631.75,$94.76,$536.99,$386.50,$150.49,Credit Card,4.2,No
100662,2024-04-08,North America,Mexico,Office Supplies,Monitor Arm,Retail Store,Small Business,Morgan Kim,4,$377.33,$232.78,5%,"$1,509.32",$75.47,"$1,433.85",$931.12,$502.73,PayPal,3.7,No
100663,2024-04-08,North America,Mexico,Home & Kitchen,Toaster,Retail Store,Consumer,Noah Santos,5,$86.85,$45.95,0%,$434.25,$0.00,$434.25,$229.75,$204.50,PayPal,2.2,No
100664,2024-04-08,Europe,Netherlands,Electronics,Laptop Stand,Marketplace,Consumer,Lucas Novak,16,$105.88,$52.13,10%,"$1,694.08",$169.41,"$1,524.67",$834.08,$690.59,Credit Card,4.6,No
100665,2024-04-08,Latin America,Colombia,Home & Kitchen,Cookware Set,Online,Small Business,Morgan Kim,7,$100.77,$47.53,0%,$705.39,$0.00,$705.39,$332.71,$372.68,PayPal,4.0,Yes
100666,2024-04-08,North America,Canada,Health & Beauty,Fitness Tracker,Retail Store,Consumer,Priya Rossi,5,$160.70,$84.05,0%,$803.50,$0.00,$803.50,$420.25,$383.25,Credit Card,5.0,No
100667,2024-04-09,Europe,France,Electronics,Laptop Stand,Marketplace,Small Business,Elena Lindqvist,4,$295.72,$187.75,0%,"$1,182.88",$0.00,"$1,182.88",$751.00,$431.88,Credit Card,4.9,No
100668,2024-04-09,Europe,United Kingdom,Office Supplies,Monitor Arm,Online,Consumer,Noah Santos,15,$180.89,$74.25,10%,"$2,713.35",$271.33,"$2,442.02","$1,113.75","$1,328.27",Debit Card,4.0,No
100669,2024-04-09,Europe,United Kingdom,Office Supplies,Notebook Set,Online,Small Business,Kenji Haddad,18,$141.10,$79.02,0%,"$2,539.80",$0.00,"$2,539.80","$1,422.36","$1,117.44",PayPal,4.1,No
100670,2024-04-09,North America,United States,Apparel,Sunglasses,Marketplace,Small Business,Fatima Ahmed,12,$98.02,$61.73,5%,"$1,176.24",$58.81,"$1,117.43",$740.76,$376.67,Credit Card,3.4,No
100671,2024-04-09,North America,Canada,Office Supplies,Notebook Set,Online,Small Business,Casey Garcia,3,$153.29,$98.57,0%,$459.87,$0.00,$459.87,$295.71,$164.16,Credit Card,4.5,No
100672,2024-04-09,North America,United States,Health & Beauty,Yoga Mat,Online,Small Business,Kenji Haddad,6,$42.79,$26.01,0%,$256.74,$0.00,$256.74,$156.06,$100.68,Debit Card,4.6,No
100673,2024-04-09,Middle East & Africa,Saudi Arabia,Apparel,Sunglasses,Wholesale,Enterprise,Jordan Chen,5,$132.61,$81.70,0%,$663.05,$0.00,$663.05,$408.50,$254.55,Bank Transfer,3.5,No
100674,2024-04-10,North America,Canada,Apparel,Running Shoes,Online,Consumer,Diego Weber,3,$114.04,$71.30,0%,$342.12,$0.00,$342.12,$213.90,$128.22,Credit Card,5.0,No
100675,2024-04-10,Europe,Italy,Health & Beauty,Skincare Set,Online,Consumer,Wei Dubois,9,$72.19,$41.04,0%,$649.71,$0.00,$649.71,$369.36,$280.35,Credit Card,4.1,No
100676,2024-04-10,Asia Pacific,Australia,Home & Kitchen,Air Fryer,Online,Consumer,Sofia Kowalski,15,$99.54,$42.65,15%,"$1,493.10",$223.96,"$1,269.14",$639.75,$629.39,PayPal,4.1,No
100677,2024-04-10,Asia Pacific,India,Apparel,Running Shoes,Wholesale,Consumer,Drew Okafor,8,$90.60,$46.87,0%,$724.80,$0.00,$724.80,$374.96,$349.84,Credit Card,3.3,No
100678,2024-04-10,Latin America,Chile,Health & Beauty,Fitness Tracker,Retail Store,Small Business,Priya Rossi,4,$35.88,$16.55,0%,$143.52,$0.00,$143.52,$66.20,$77.32,Debit Card,5.0,No
100679,2024-04-10,North America,Mexico,Apparel,Running Shoes,Online,Consumer,Elena Lindqvist,8,$122.52,$60.70,0%,$980.16,$0.00,$980.16,$485.60,$494.56,Credit Card,5.0,Yes
100680,2024-04-10,North America,United States,Office Supplies,Notebook Set,Online,Consumer,Jordan Chen,14,$321.08,$139.21,0%,"$4,495.12",$0.00,"$4,495.12","$1,948.94","$2,546.18",Debit Card,4.6,No
100681,2024-04-11,North America,United States,Home & Kitchen,Air Fryer,Marketplace,Small Business,Noah Santos,4,$89.19,$57.10,0%,$356.76,$0.00,$356.76,$228.40,$128.36,Credit Card,3.5,No
100682,2024-04-11,Europe,United Kingdom,Apparel,Backpack,Online,Small Business,Lucas Novak,35,$140.80,$57.36,0%,"$4,928.00",$0.00,"$4,928.00","$2,007.60","$2,920.40",Credit Card,4.1,No
100683,2024-04-11,Europe,France,Office Supplies,Notebook Set,Retail Store,Small Business,Casey Garcia,8,$291.51,$161.37,0%,"$2,332.08",$0.00,"$2,332.08","$1,290.96","$1,041.12",Credit Card,4.0,No
100684,2024-04-11,Middle East & Africa,UAE,Office Supplies,Ergonomic Chair,Retail Store,Consumer,Morgan Kim,6,$259.01,$128.52,0%,"$1,554.06",$0.00,"$1,554.06",$771.12,$782.94,PayPal,5.0,No
100685,2024-04-11,North America,United States,Electronics,USB-C Hub,Retail Store,Consumer,Fatima Ahmed,8,$190.40,$95.85,0%,"$1,523.20",$0.00,"$1,523.20",$766.80,$756.40,Credit Card,5.0,No
100686,2024-04-11,Europe,Netherlands,Office Supplies,Ergonomic Chair,Online,Small Business,Sam Silva,9,$347.64,$149.21,0%,"$3,128.76",$0.00,"$3,128.76","$1,342.89","$1,785.87",Debit Card,3.9,No
100687,2024-04-11,Europe,France,Office Supplies,Standing Desk,Online,Consumer,Diego Weber,5,$56.68,$24.29,5%,$283.40,$14.17,$269.23,$121.45,$147.78,Credit Card,4.3,No
100688,2024-04-11,North America,United States,Office Supplies,Pen Set,Online,Small Business,Priya Rossi,6,$51.79,$31.36,10%,$310.74,$31.07,$279.67,$188.16,$91.51,Credit Card,5.0,No
100689,2024-04-11,North America,Canada,Electronics,Wireless Earbuds,Online,Enterprise,Elena Lindqvist,4,$245.06,$142.91,0%,$980.24,$0.00,$980.24,$571.64,$408.60,Debit Card,4.5,Yes
100690,2024-04-11,Europe,United Kingdom,Home & Kitchen,Air Fryer,Retail Store,Consumer,Noah Santos,5,$48.99,$25.73,0%,$244.95,$0.00,$244.95,$128.65,$116.30,Credit Card,3.6,No
100691,2024-04-12,Middle East & Africa,Nigeria,Electronics,USB-C Hub,Marketplace,Small Business,Casey Garcia,2,$31.78,$12.77,0%,$63.56,$0.00,$63.56,$25.54,$38.02,Debit Card,4.7,No
100692,2024-04-12,Latin America,Chile,Health & Beauty,Fitness Tracker,Online,Small Business,Morgan Kim,9,$51.28,$28.18,5%,$461.52,$23.08,$438.44,$253.62,$184.82,Cash,4.8,Yes
100693,2024-04-12,Asia Pacific,Singapore,Health & Beauty,Yoga Mat,Marketplace,Small Business,Fatima Ahmed,5,$127.20,$70.40,0%,$636.00,$0.00,$636.00,$352.00,$284.00,Credit Card,3.5,No
100694,2024-04-12,North America,Mexico,Apparel,Wool Sweater,Online,Small Business,Cameron Nakamura,2,$98.32,$40.73,10%,$196.64,$19.66,$176.98,$81.46,$95.52,Credit Card,3.3,No
100695,2024-04-12,Latin America,Brazil,Health & Beauty,Massage Gun,Online,Enterprise,Amara Costa,14,$124.88,$69.21,0%,"$1,748.32",$0.00,"$1,748.32",$968.94,$779.38,Debit Card,3.7,No
100696,2024-04-12,Latin America,Colombia,Electronics,Wireless Earbuds,Retail Store,Small Business,Taylor Patel,6,$88.84,$45.40,5%,$533.04,$26.65,$506.39,$272.40,$233.99,Credit Card,5.0,No
100697,2024-04-13,North America,Mexico,Apparel,Backpack,Online,Consumer,Noah Santos,10,$134.24,$72.62,5%,"$1,342.40",$67.12,"$1,275.28",$726.20,$549.08,Credit Card,5.0,No
100698,2024-04-13,Asia Pacific,India,Electronics,USB-C Hub,Marketplace,Small Business,Noah Santos,4,$70.53,$34.57,5%,$282.12,$14.11,$268.01,$138.28,$129.73,PayPal,4.3,No
100699,2024-04-13,North America,Canada,Electronics,Bluetooth Speaker,Wholesale,Consumer,Wei Dubois,9,$199.11,$122.23,0%,"$1,791.99",$0.00,"$1,791.99","$1,100.07",$691.92,Credit Card,5.0,No
100700,2024-04-13,North America,Canada,Office Supplies,Ergonomic Chair,Wholesale,Consumer,Sofia Kowalski,7,$247.40,$155.79,0%,"$1,731.80",$0.00,"$1,731.80","$1,090.53",$641.27,PayPal,4.0,No
100701,2024-04-13,North America,Canada,Apparel,Sunglasses,Online,Consumer,Jamie Johansson,9,$143.91,$74.99,0%,"$1,295.19",$0.00,"$1,295.19",$674.91,$620.28,PayPal,3.3,No
100702,2024-04-13,Europe,Italy,Home & Kitchen,Vacuum Cleaner,Online,Consumer,Fatima Ahmed,4,$168.32,$104.14,0%,$673.28,$0.00,$673.28,$416.56,$256.72,Credit Card,5.0,No
100703,2024-04-13,Asia Pacific,China,Apparel,Denim Jacket,Online,Consumer,Sam Silva,7,$142.16,$68.89,0%,$995.12,$0.00,$995.12,$482.23,$512.89,PayPal,3.8,No
100704,2024-04-13,Europe,Italy,Office Supplies,Desk Organizer,Retail Store,Small Business,Wei Dubois,4,$26.92,$17.16,0%,$107.68,$0.00,$107.68,$68.64,$39.04,Debit Card,3.8,No
100705,2024-04-13,North America,United States,Electronics,Wireless Earbuds,Marketplace,Small Business,Cameron Nakamura,1,$125.36,$81.10,15%,$125.36,$18.80,$106.56,$81.10,$25.46,Credit Card,3.5,No
100706,2024-04-13,Europe,Spain,Office Supplies,Notebook Set,Online,Consumer,Wei Dubois,1,$362.98,$198.41,0%,$362.98,$0.00,$362.98,$198.41,$164.57,PayPal,5.0,No
100707,2024-04-13,Asia Pacific,Japan,Office Supplies,Pen Set,Online,Consumer,Jamie Johansson,6,$289.96,$130.81,0%,"$1,739.76",$0.00,"$1,739.76",$784.86,$954.90,PayPal,4.5,No
100708,2024-04-13,North America,United States,Office Supplies,Monitor Arm,Retail Store,Consumer,Diego Weber,3,$279.35,$176.83,10%,$838.05,$83.80,$754.25,$530.49,$223.76,Cash,4.4,No
100709,2024-04-14,Europe,Germany,Apparel,Wool Sweater,Online,Consumer,Fatima Ahmed,11,$50.84,$24.34,0%,$559.24,$0.00,$559.24,$267.74,$291.50,Debit Card,4.5,No
100710,2024-04-14,Asia Pacific,Singapore,Home & Kitchen,Blender,Marketplace,Consumer,Amara Costa,9,$155.24,$95.20,0%,"$1,397.16",$0.00,"$1,397.16",$856.80,$540.36,Credit Card,3.9,No
100711,2024-04-14,Asia Pacific,Japan,Home & Kitchen,Air Fryer,Online,Consumer,Diego Weber,1,$77.32,$38.03,0%,$77.32,$0.00,$77.32,$38.03,$39.29,Credit Card,3.7,No
100712,2024-04-14,North America,Canada,Office Supplies,Pen Set,Wholesale,Consumer,Alex Reyes,10,$226.43,$91.15,5%,"$2,264.30",$113.22,"$2,151.08",$911.50,"$1,239.58",PayPal,4.5,No
100713,2024-04-15,North America,United States,Electronics,Laptop Stand,Online,Small Business,Drew Okafor,9,$88.07,$52.47,0%,$792.63,$0.00,$792.63,$472.23,$320.40,PayPal,4.5,No
100714,2024-04-15,Latin America,Colombia,Apparel,Sunglasses,Online,Consumer,Alex Reyes,8,$60.10,$34.38,15%,$480.80,$72.12,$408.68,$275.04,$133.64,Debit Card,4.2,No
100715,2024-04-15,North America,Mexico,Office Supplies,Notebook Set,Online,Enterprise,Sofia Kowalski,3,$67.13,$36.86,0%,$201.39,$0.00,$201.39,$110.58,$90.81,PayPal,3.8,No
100716,2024-04-15,North America,Mexico,Home & Kitchen,Vacuum Cleaner,Online,Consumer,Taylor Patel,14,$161.32,$75.22,0%,"$2,258.48",$0.00,"$2,258.48","$1,053.08","$1,205.40",Bank Transfer,4.6,No
100717,2024-04-15,Latin America,Chile,Electronics,Smartwatch,Marketplace,Consumer,Taylor Patel,6,$267.99,$114.34,0%,"$1,607.94",$0.00,"$1,607.94",$686.04,$921.90,Debit Card,4.4,No
100718,2024-04-15,Latin America,Chile,Apparel,Wool Sweater,Online,Small Business,Elena Lindqvist,7,$74.12,$40.50,15%,$518.84,$77.83,$441.01,$283.50,$157.51,Credit Card,3.9,No
100719,2024-04-16,North America,United States,Home & Kitchen,Air Fryer,Online,Enterprise,Amara Costa,2,$126.74,$59.50,5%,$253.48,$12.67,$240.81,$119.00,$121.81,Credit Card,4.5,No
100720,2024-04-16,Europe,Netherlands,Home & Kitchen,Vacuum Cleaner,Marketplace,Consumer,Sofia Kowalski,9,$191.64,$105.96,0%,"$1,724.76",$0.00,"$1,724.76",$953.64,$771.12,Cash,3.6,No
100721,2024-04-16,North America,Canada,Apparel,Yoga Pants,Online,Consumer,Alex Reyes,9,$60.56,$25.64,0%,$545.04,$0.00,$545.04,$230.76,$314.28,Credit Card,5.0,No
100722,2024-04-16,Latin America,Colombia,Health & Beauty,Fitness Tracker,Online,Consumer,Fatima Ahmed,17,$19.45,$8.75,0%,$330.65,$0.00,$330.65,$148.75,$181.90,PayPal,3.9,No
100723,2024-04-16,Europe,France,Home & Kitchen,Blender,Marketplace,Consumer,Diego Weber,23,$119.93,$58.97,0%,"$2,758.39",$0.00,"$2,758.39","$1,356.31","$1,402.08",Debit Card,4.2,No
100724,2024-04-17,Latin America,Chile,Office Supplies,Standing Desk,Retail Store,Consumer,Jordan Chen,11,$207.18,$105.17,0%,"$2,278.98",$0.00,"$2,278.98","$1,156.87","$1,122.11",Debit Card,3.2,No
100725,2024-04-17,North America,Canada,Office Supplies,Standing Desk,Retail Store,Consumer,Jordan Chen,3,$163.31,$86.73,0%,$489.93,$0.00,$489.93,$260.19,$229.74,Debit Card,5.0,No
100726,2024-04-17,Asia Pacific,India,Office Supplies,Notebook Set,Online,Consumer,Noah Santos,12,$330.99,$154.93,0%,"$3,971.88",$0.00,"$3,971.88","$1,859.16","$2,112.72",PayPal,4.5,No
100727,2024-04-17,Europe,Germany,Home & Kitchen,Coffee Maker,Marketplace,Consumer,Sam Silva,3,$46.84,$20.91,20%,$140.52,$28.10,$112.42,$62.73,$49.69,Debit Card,4.1,No
100728,2024-04-17,Latin America,Colombia,Home & Kitchen,Air Fryer,Retail Store,Consumer,Casey Garcia,10,$192.17,$117.87,5%,"$1,921.70",$96.08,"$1,825.62","$1,178.70",$646.92,Debit Card,3.0,No
100729,2024-04-17,Europe,France,Health & Beauty,Massage Gun,Wholesale,Small Business,Sofia Kowalski,7,$144.51,$80.59,0%,"$1,011.57",$0.00,"$1,011.57",$564.13,$447.44,PayPal,4.0,No
100730,2024-04-18,Latin America,Chile,Home & Kitchen,Cookware Set,Online,Consumer,Wei Dubois,8,$51.61,$30.03,5%,$412.88,$20.64,$392.24,$240.24,$152.00,Credit Card,4.5,No
100731,2024-04-18,Europe,Spain,Apparel,Backpack,Retail Store,Enterprise,Sofia Kowalski,10,$57.61,$25.48,0%,$576.10,$0.00,$576.10,$254.80,$321.30,PayPal,4.4,No
100732,2024-04-18,North America,United States,Home & Kitchen,Blender,Wholesale,Consumer,Riley Muller,3,$212.78,$97.06,0%,$638.34,$0.00,$638.34,$291.18,$347.16,Debit Card,4.5,Yes
100733,2024-04-18,North America,Mexico,Health & Beauty,Hair Dryer,Retail Store,Small Business,Drew Okafor,9,$29.67,$13.04,0%,$267.03,$0.00,$267.03,$117.36,$149.67,Credit Card,4.0,No
100734,2024-04-18,North America,Canada,Home & Kitchen,Toaster,Retail Store,Consumer,Casey Garcia,24,$121.52,$66.97,0%,"$2,916.48",$0.00,"$2,916.48","$1,607.28","$1,309.20",Debit Card,4.8,No
100735,2024-04-18,North America,Mexico,Home & Kitchen,Vacuum Cleaner,Online,Consumer,Elena Lindqvist,10,$151.85,$85.42,0%,"$1,518.50",$0.00,"$1,518.50",$854.20,$664.30,Debit Card,3.1,No
100736,2024-04-18,North America,United States,Apparel,Wool Sweater,Retail Store,Consumer,Sam Silva,4,$47.18,$28.37,0%,$188.72,$0.00,$188.72,$113.48,$75.24,Debit Card,4.8,No
100737,2024-04-18,Asia Pacific,Australia,Health & Beauty,Skincare Set,Online,Consumer,Amara Costa,11,$122.45,$65.44,0%,"$1,346.95",$0.00,"$1,346.95",$719.84,$627.11,PayPal,3.9,No
100738,2024-04-18,Asia Pacific,Australia,Health & Beauty,Yoga Mat,Online,Consumer,Casey Garcia,3,$20.07,$9.54,0%,$60.21,$0.00,$60.21,$28.62,$31.59,PayPal,5.0,No
100739,2024-04-18,Europe,Germany,Electronics,Smartwatch,Online,Small Business,Alex Reyes,15,$32.48,$20.57,0%,$487.20,$0.00,$487.20,$308.55,$178.65,Credit Card,4.3,No
100740,2024-04-18,Asia Pacific,Australia,Health & Beauty,Massage Gun,Online,Enterprise,Riley Muller,15,$60.49,$32.82,10%,$907.35,$90.74,$816.61,$492.30,$324.31,PayPal,4.0,No
100741,2024-04-18,North America,Canada,Health & Beauty,Hair Dryer,Online,Small Business,Sofia Kowalski,3,$11.19,$6.77,0%,$33.57,$0.00,$33.57,$20.31,$13.26,Credit Card,3.6,No
100742,2024-04-19,North America,Canada,Home & Kitchen,Vacuum Cleaner,Online,Consumer,Sofia Kowalski,6,$219.61,$100.88,0%,"$1,317.66",$0.00,"$1,317.66",$605.28,$712.38,Debit Card,2.7,No
100743,2024-04-19,Latin America,Chile,Apparel,Denim Jacket,Marketplace,Consumer,Sofia Kowalski,9,$134.39,$69.33,0%,"$1,209.51",$0.00,"$1,209.51",$623.97,$585.54,Credit Card,5.0,No
100744,2024-04-20,Europe,Netherlands,Apparel,Backpack,Retail Store,Consumer,Alex Reyes,6,$106.12,$52.38,10%,$636.72,$63.67,$573.05,$314.28,$258.77,Credit Card,4.7,No
100745,2024-04-20,North America,United States,Electronics,Power Bank,Marketplace,Consumer,Morgan Kim,7,$307.35,$127.44,15%,"$2,151.45",$322.72,"$1,828.73",$892.08,$936.65,Credit Card,4.2,No
100746,2024-04-20,Latin America,Chile,Health & Beauty,Fitness Tracker,Retail Store,Consumer,Fatima Ahmed,9,$43.05,$17.74,0%,$387.45,$0.00,$387.45,$159.66,$227.79,Cash,4.8,No
100747,2024-04-20,Europe,Spain,Electronics,Smartwatch,Online,Small Business,Riley Muller,1,$331.63,$204.08,10%,$331.63,$33.16,$298.47,$204.08,$94.39,PayPal,4.6,Yes
100748,2024-04-20,North America,Canada,Office Supplies,Pen Set,Marketplace,Consumer,Noah Santos,7,$66.17,$31.08,0%,$463.19,$0.00,$463.19,$217.56,$245.63,Credit Card,3.2,No
100749,2024-04-20,North America,Mexico,Health & Beauty,Skincare Set,Marketplace,Small Business,Alex Reyes,8,$84.09,$52.86,0%,$672.72,$0.00,$672.72,$422.88,$249.84,Debit Card,4.2,No
100750,2024-04-20,North America,United States,Electronics,USB-C Hub,Online,Consumer,Diego Weber,2,$85.23,$39.32,0%,$170.46,$0.00,$170.46,$78.64,$91.82,Credit Card,3.9,No
100751,2024-04-20,North America,Canada,Home & Kitchen,Toaster,Retail Store,Consumer,Jordan Chen,5,$70.03,$32.09,10%,$350.15,$35.02,$315.13,$160.45,$154.68,Cash,3.3,No
100752,2024-04-20,Asia Pacific,India,Apparel,Yoga Pants,Online,Consumer,Sam Silva,4,$67.83,$40.33,0%,$271.32,$0.00,$271.32,$161.32,$110.00,Credit Card,4.2,No
100753,2024-04-20,Latin America,Argentina,Electronics,USB-C Hub,Retail Store,Consumer,Cameron Nakamura,9,$27.00,$17.00,0%,$243.00,$0.00,$243.00,$153.00,$90.00,Credit Card,3.6,No
100754,2024-04-21,North America,United States,Home & Kitchen,Blender,Wholesale,Small Business,Diego Weber,2,$107.23,$62.91,0%,$214.46,$0.00,$214.46,$125.82,$88.64,Credit Card,4.9,No
100755,2024-04-21,Asia Pacific,India,Apparel,Yoga Pants,Retail Store,Enterprise,Diego Weber,12,$130.92,$65.77,0%,"$1,571.04",$0.00,"$1,571.04",$789.24,$781.80,Credit Card,4.3,No
100756,2024-04-21,Europe,Spain,Apparel,Yoga Pants,Retail Store,Consumer,Wei Dubois,3,$16.71,$10.48,0%,$50.13,$0.00,$50.13,$31.44,$18.69,Credit Card,4.4,No
100757,2024-04-21,North America,Mexico,Office Supplies,Ergonomic Chair,Online,Enterprise,Priya Rossi,12,$341.12,$201.65,5%,"$4,093.44",$204.67,"$3,888.77","$2,419.80","$1,468.97",Credit Card,4.3,No
100758,2024-04-21,Middle East & Africa,Saudi Arabia,Health & Beauty,Electric Toothbrush,Retail Store,Consumer,Priya Rossi,3,$79.63,$38.34,5%,$238.89,$11.94,$226.95,$115.02,$111.93,Debit Card,4.1,No
100759,2024-04-21,North America,Mexico,Health & Beauty,Yoga Mat,Marketplace,Enterprise,Sofia Kowalski,4,$85.56,$45.65,5%,$342.24,$17.11,$325.13,$182.60,$142.53,PayPal,5.0,No
100760,2024-04-22,Asia Pacific,South Korea,Apparel,Sunglasses,Online,Consumer,Wei Dubois,12,$126.42,$69.19,0%,"$1,517.04",$0.00,"$1,517.04",$830.28,$686.76,PayPal,4.4,No
100761,2024-04-22,Asia Pacific,South Korea,Office Supplies,Notebook Set,Marketplace,Consumer,Wei Dubois,8,$10.31,$4.45,5%,$82.48,$4.12,$78.36,$35.60,$42.76,PayPal,4.4,No
100762,2024-04-22,Asia Pacific,India,Home & Kitchen,Vacuum Cleaner,Retail Store,Consumer,Fatima Ahmed,4,$142.91,$88.67,5%,$571.64,$28.58,$543.06,$354.68,$188.38,Credit Card,5.0,No
100763,2024-04-22,North America,Canada,Home & Kitchen,Vacuum Cleaner,Retail Store,Enterprise,Priya Rossi,12,$92.32,$39.98,5%,"$1,107.84",$55.39,"$1,052.45",$479.76,$572.69,Credit Card,4.0,No
100764,2024-04-22,North America,Canada,Home & Kitchen,Vacuum Cleaner,Retail Store,Consumer,Casey Garcia,8,$165.49,$93.29,0%,"$1,323.92",$0.00,"$1,323.92",$746.32,$577.60,Debit Card,4.2,No
100765,2024-04-22,Europe,Spain,Home & Kitchen,Vacuum Cleaner,Retail Store,Enterprise,Sam Silva,8,$158.36,$100.48,0%,"$1,266.88",$0.00,"$1,266.88",$803.84,$463.04,PayPal,4.9,No
100766,2024-04-22,Europe,Germany,Electronics,Smartwatch,Marketplace,Small Business,Morgan Kim,2,$327.21,$195.60,0%,$654.42,$0.00,$654.42,$391.20,$263.22,Debit Card,4.0,No
100767,2024-04-22,North America,Canada,Office Supplies,Monitor Arm,Marketplace,Small Business,Amara Costa,6,$283.77,$132.25,0%,"$1,702.62",$0.00,"$1,702.62",$793.50,$909.12,Credit Card,5.0,No
100768,2024-04-22,Latin America,Argentina,Health & Beauty,Massage Gun,Online,Small Business,Noah Santos,9,$162.97,$88.59,15%,"$1,466.73",$220.01,"$1,246.72",$797.31,$449.41,Credit Card,4.0,No
100769,2024-04-22,Europe,Spain,Apparel,Running Shoes,Online,Consumer,Noah Santos,2,$125.79,$73.41,0%,$251.58,$0.00,$251.58,$146.82,$104.76,PayPal,3.9,No
100770,2024-04-22,Asia Pacific,South Korea,Electronics,USB-C Hub,Marketplace,Small Business,Noah Santos,7,$188.81,$109.60,0%,"$1,321.67",$0.00,"$1,321.67",$767.20,$554.47,Debit Card,4.0,No
100771,2024-04-22,North America,Canada,Office Supplies,Standing Desk,Online,Consumer,Elena Lindqvist,6,$30.13,$18.92,0%,$180.78,$0.00,$180.78,$113.52,$67.26,PayPal,4.1,No
100772,2024-04-22,Latin America,Brazil,Office Supplies,Ergonomic Chair,Marketplace,Consumer,Noah Santos,1,$79.62,$38.10,0%,$79.62,$0.00,$79.62,$38.10,$41.52,PayPal,5.0,No
100773,2024-04-22,Middle East & Africa,South Africa,Health & Beauty,Massage Gun,Marketplace,Consumer,Lucas Novak,7,$165.01,$80.13,0%,"$1,155.07",$0.00,"$1,155.07",$560.91,$594.16,Debit Card,4.3,Yes
100774,2024-04-23,North America,United States,Health & Beauty,Electric Toothbrush,Online,Small Business,Jordan Chen,5,$88.40,$50.11,0%,$442.00,$0.00,$442.00,$250.55,$191.45,Credit Card,4.1,No
100775,2024-04-23,North America,Canada,Home & Kitchen,Toaster,Wholesale,Consumer,Cameron Nakamura,3,$118.94,$66.64,0%,$356.82,$0.00,$356.82,$199.92,$156.90,Debit Card,4.4,No
100776,2024-04-23,Europe,Germany,Health & Beauty,Fitness Tracker,Marketplace,Consumer,Riley Muller,9,$154.15,$93.56,0%,"$1,387.35",$0.00,"$1,387.35",$842.04,$545.31,Bank Transfer,3.1,No
100777,2024-04-23,North America,Mexico,Health & Beauty,Yoga Mat,Online,Consumer,Riley Muller,2,$112.68,$72.59,5%,$225.36,$11.27,$214.09,$145.18,$68.91,Credit Card,3.8,No
100778,2024-04-23,Europe,Germany,Home & Kitchen,Blender,Online,Consumer,Sam Silva,12,$139.42,$61.80,0%,"$1,673.04",$0.00,"$1,673.04",$741.60,$931.44,Credit Card,4.1,No
100779,2024-04-23,North America,Mexico,Electronics,Power Bank,Online,Small Business,Amara Costa,12,$68.53,$41.04,5%,$822.36,$41.12,$781.24,$492.48,$288.76,Credit Card,3.3,No
100780,2024-04-23,North America,Canada,Electronics,Wireless Earbuds,Marketplace,Enterprise,Riley Muller,14,$166.23,$95.64,0%,"$2,327.22",$0.00,"$2,327.22","$1,338.96",$988.26,Bank Transfer,4.5,No
100781,2024-04-24,North America,Mexico,Health & Beauty,Fitness Tracker,Wholesale,Small Business,Noah Santos,7,$115.49,$56.26,5%,$808.43,$40.42,$768.01,$393.82,$374.19,Credit Card,5.0,Yes
100782,2024-04-24,North America,Canada,Health & Beauty,Hair Dryer,Marketplace,Small Business,Wei Dubois,4,$119.72,$71.67,0%,$478.88,$0.00,$478.88,$286.68,$192.20,Cash,4.6,No
100783,2024-04-24,Europe,Netherlands,Apparel,Sunglasses,Online,Enterprise,Lucas Novak,9,$77.60,$47.38,0%,$698.40,$0.00,$698.40,$426.42,$271.98,PayPal,3.3,No
100784,2024-04-24,Europe,Netherlands,Electronics,Laptop Stand,Retail Store,Consumer,Lucas Novak,15,$347.90,$183.79,15%,"$5,218.50",$782.78,"$4,435.72","$2,756.85","$1,678.87",Credit Card,3.9,No
100785,2024-04-24,Europe,Spain,Office Supplies,Notebook Set,Online,Consumer,Alex Reyes,6,$20.80,$12.25,5%,$124.80,$6.24,$118.56,$73.50,$45.06,Credit Card,5.0,No
100786,2024-04-25,North America,Canada,Office Supplies,Notebook Set,Retail Store,Consumer,Jordan Chen,7,$115.26,$62.05,15%,$806.82,$121.02,$685.80,$434.35,$251.45,Bank Transfer,5.0,No
100787,2024-04-25,Europe,United Kingdom,Office Supplies,Pen Set,Wholesale,Consumer,Wei Dubois,1,$303.86,$149.11,5%,$303.86,$15.19,$288.67,$149.11,$139.56,Debit Card,4.6,Yes
100788,2024-04-25,North America,Canada,Office Supplies,Pen Set,Marketplace,Enterprise,Cameron Nakamura,14,$183.53,$73.57,0%,"$2,569.42",$0.00,"$2,569.42","$1,029.98","$1,539.44",Credit Card,3.1,No
100789,2024-04-25,Europe,Germany,Electronics,Smartwatch,Marketplace,Consumer,Drew Okafor,21,$251.45,$101.05,5%,"$5,280.45",$264.02,"$5,016.43","$2,122.05","$2,894.38",Credit Card,4.1,No
100790,2024-04-25,Middle East & Africa,Nigeria,Home & Kitchen,Coffee Maker,Online,Consumer,Drew Okafor,9,$60.79,$39.40,10%,$547.11,$54.71,$492.40,$354.60,$137.80,Credit Card,3.6,Yes
100791,2024-04-25,North America,Canada,Home & Kitchen,Blender,Marketplace,Consumer,Cameron Nakamura,4,$35.35,$16.17,10%,$141.40,$14.14,$127.26,$64.68,$62.58,PayPal,3.5,No
100792,2024-04-26,Middle East & Africa,Saudi Arabia,Electronics,Wireless Earbuds,Online,Consumer,Wei Dubois,12,$126.94,$61.81,0%,"$1,523.28",$0.00,"$1,523.28",$741.72,$781.56,Debit Card,3.8,No
100793,2024-04-26,Latin America,Brazil,Apparel,Backpack,Online,Enterprise,Sofia Kowalski,4,$137.34,$88.14,0%,$549.36,$0.00,$549.36,$352.56,$196.80,Credit Card,2.4,No
100794,2024-04-26,Europe,France,Health & Beauty,Skincare Set,Online,Enterprise,Elena Lindqvist,10,$158.06,$76.30,0%,"$1,580.60",$0.00,"$1,580.60",$763.00,$817.60,PayPal,4.4,No
100795,2024-04-26,North America,Canada,Apparel,Wool Sweater,Wholesale,Consumer,Cameron Nakamura,2,$149.05,$93.96,0%,$298.10,$0.00,$298.10,$187.92,$110.18,PayPal,3.4,No
100796,2024-04-26,Asia Pacific,South Korea,Home & Kitchen,Cookware Set,Marketplace,Enterprise,Wei Dubois,1,$79.98,$32.49,15%,$79.98,$12.00,$67.98,$32.49,$35.49,Credit Card,4.3,No
100797,2024-04-26,Latin America,Colombia,Apparel,Yoga Pants,Marketplace,Consumer,Sofia Kowalski,3,$67.88,$33.93,20%,$203.64,$40.73,$162.91,$101.79,$61.12,Bank Transfer,5.0,No
100798,2024-04-26,Europe,Germany,Apparel,Running Shoes,Wholesale,Enterprise,Taylor Patel,13,$126.75,$54.36,0%,"$1,647.75",$0.00,"$1,647.75",$706.68,$941.07,Debit Card,2.2,No
100799,2024-04-26,Europe,United Kingdom,Apparel,Yoga Pants,Online,Consumer,Sofia Kowalski,3,$35.23,$14.61,0%,$105.69,$0.00,$105.69,$43.83,$61.86,PayPal,4.0,No
100800,2024-04-26,North America,Mexico,Health & Beauty,Skincare Set,Retail Store,Consumer,Alex Reyes,6,$114.50,$71.39,0%,$687.00,$0.00,$687.00,$428.34,$258.66,Debit Card,4.0,No
100801,2024-04-27,Europe,Spain,Home & Kitchen,Coffee Maker,Online,Consumer,Fatima Ahmed,17,$99.00,$45.55,0%,"$1,683.00",$0.00,"$1,683.00",$774.35,$908.65,Debit Card,4.7,No
100802,2024-04-27,Europe,Netherlands,Apparel,Denim Jacket,Marketplace,Consumer,Amara Costa,6,$82.07,$39.06,15%,$492.42,$73.86,$418.56,$234.36,$184.20,Credit Card,3.5,Yes
100803,2024-04-27,North America,Mexico,Health & Beauty,Yoga Mat,Retail Store,Consumer,Cameron Nakamura,11,$97.66,$58.40,0%,"$1,074.26",$0.00,"$1,074.26",$642.40,$431.86,PayPal,4.7,No
100804,2024-04-27,North America,United States,Office Supplies,Desk Organizer,Wholesale,Enterprise,Riley Muller,5,$72.63,$36.24,20%,$363.15,$72.63,$290.52,$181.20,$109.32,Cash,4.8,Yes
100805,2024-04-27,Latin America,Brazil,Health & Beauty,Yoga Mat,Retail Store,Consumer,Kenji Haddad,10,$152.06,$65.62,0%,"$1,520.60",$0.00,"$1,520.60",$656.20,$864.40,Credit Card,4.2,No
100806,2024-04-27,Middle East & Africa,Saudi Arabia,Health & Beauty,Skincare Set,Marketplace,Consumer,Jamie Johansson,1,$19.84,$12.60,20%,$19.84,$3.97,$15.87,$12.60,$3.27,Credit Card,3.7,No
100807,2024-04-27,Asia Pacific,Australia,Home & Kitchen,Air Fryer,Online,Enterprise,Jamie Johansson,4,$47.16,$26.60,10%,$188.64,$18.86,$169.78,$106.40,$63.38,Credit Card,4.6,No
100808,2024-04-27,North America,Canada,Office Supplies,Standing Desk,Retail Store,Consumer,Elena Lindqvist,6,$241.10,$108.48,0%,"$1,446.60",$0.00,"$1,446.60",$650.88,$795.72,Debit Card,4.2,No
100809,2024-04-27,Middle East & Africa,South Africa,Apparel,Denim Jacket,Marketplace,Consumer,Sam Silva,3,$22.71,$10.67,0%,$68.13,$0.00,$68.13,$32.01,$36.12,PayPal,4.3,No
100810,2024-04-27,Latin America,Argentina,Apparel,Denim Jacket,Online,Enterprise,Alex Reyes,10,$71.30,$43.76,10%,$713.00,$71.30,$641.70,$437.60,$204.10,PayPal,3.0,No
100811,2024-04-27,North America,Mexico,Home & Kitchen,Air Fryer,Marketplace,Consumer,Casey Garcia,10,$210.68,$94.50,0%,"$2,106.80",$0.00,"$2,106.80",$945.00,"$1,161.80",Credit Card,5.0,No
100812,2024-04-27,Europe,Italy,Health & Beauty,Skincare Set,Online,Small Business,Lucas Novak,8,$136.52,$64.25,15%,"$1,092.16",$163.82,$928.34,$514.00,$414.34,PayPal,3.8,No
100813,2024-04-27,Latin America,Colombia,Apparel,Running Shoes,Retail Store,Enterprise,Fatima Ahmed,3,$33.10,$13.64,0%,$99.30,$0.00,$99.30,$40.92,$58.38,Bank Transfer,4.3,No
100814,2024-04-28,North America,Mexico,Electronics,USB-C Hub,Marketplace,Consumer,Wei Dubois,13,$289.06,$148.47,20%,"$3,757.78",$751.56,"$3,006.22","$1,930.11","$1,076.11",Credit Card,4.6,No
100815,2024-04-28,Europe,United Kingdom,Office Supplies,Monitor Arm,Marketplace,Consumer,Priya Rossi,4,$133.80,$69.44,0%,$535.20,$0.00,$535.20,$277.76,$257.44,Bank Transfer,5.0,No
100816,2024-04-28,Latin America,Chile,Electronics,Laptop Stand,Online,Consumer,Jordan Chen,7,$76.14,$30.50,0%,$532.98,$0.00,$532.98,$213.50,$319.48,PayPal,3.9,No
100817,2024-04-28,Middle East & Africa,Saudi Arabia,Apparel,Running Shoes,Retail Store,Consumer,Alex Reyes,7,$100.88,$65.55,0%,$706.16,$0.00,$706.16,$458.85,$247.31,Bank Transfer,3.9,No
100818,2024-04-28,North America,Canada,Electronics,Laptop Stand,Online,Consumer,Alex Reyes,25,$317.26,$186.59,0%,"$7,931.50",$0.00,"$7,931.50","$4,664.75","$3,266.75",Credit Card,4.7,No
100819,2024-04-28,Asia Pacific,Australia,Health & Beauty,Hair Dryer,Marketplace,Consumer,Sofia Kowalski,9,$54.56,$34.22,0%,$491.04,$0.00,$491.04,$307.98,$183.06,Credit Card,3.8,No
100820,2024-04-28,Europe,Spain,Health & Beauty,Hair Dryer,Online,Consumer,Casey Garcia,2,$11.67,$4.70,0%,$23.34,$0.00,$23.34,$9.40,$13.94,Credit Card,4.5,No
100821,2024-04-29,Latin America,Brazil,Apparel,Denim Jacket,Retail Store,Consumer,Drew Okafor,10,$48.91,$21.55,10%,$489.10,$48.91,$440.19,$215.50,$224.69,PayPal,4.4,No
100822,2024-04-29,Asia Pacific,Australia,Electronics,Wireless Earbuds,Online,Consumer,Jordan Chen,4,$93.76,$48.01,0%,$375.04,$0.00,$375.04,$192.04,$183.00,PayPal,3.8,No
100823,2024-04-29,North America,Mexico,Apparel,Denim Jacket,Retail Store,Consumer,Diego Weber,8,$68.61,$30.40,0%,$548.88,$0.00,$548.88,$243.20,$305.68,PayPal,4.1,Yes
100824,2024-04-29,Asia Pacific,South Korea,Apparel,Wool Sweater,Retail Store,Small Business,Jamie Johansson,5,$110.05,$68.06,10%,$550.25,$55.03,$495.22,$340.30,$154.92,Debit Card,4.2,No
100825,2024-04-29,North America,Canada,Electronics,Power Bank,Online,Consumer,Jamie Johansson,4,$70.56,$40.02,0%,$282.24,$0.00,$282.24,$160.08,$122.16,Debit Card,4.6,No
100826,2024-04-29,Latin America,Brazil,Apparel,Wool Sweater,Online,Small Business,Wei Dubois,1,$92.19,$55.49,15%,$92.19,$13.83,$78.36,$55.49,$22.87,Credit Card,4.3,No
100827,2024-04-29,North America,Mexico,Health & Beauty,Electric Toothbrush,Marketplace,Consumer,Wei Dubois,13,$33.66,$20.75,0%,$437.58,$0.00,$437.58,$269.75,$167.83,Credit Card,4.0,No
100828,2024-04-29,North America,United States,Apparel,Sunglasses,Wholesale,Consumer,Kenji Haddad,19,$127.35,$59.38,0%,"$2,419.65",$0.00,"$2,419.65","$1,128.22","$1,291.43",Credit Card,3.5,No
100829,2024-04-30,Europe,United Kingdom,Office Supplies,Pen Set,Online,Consumer,Kenji Haddad,1,$174.29,$92.97,5%,$174.29,$8.71,$165.58,$92.97,$72.61,Credit Card,4.0,No
100830,2024-04-30,Asia Pacific,India,Office Supplies,Ergonomic Chair,Retail Store,Consumer,Alex Reyes,9,$19.92,$9.54,15%,$179.28,$26.89,$152.39,$85.86,$66.53,PayPal,4.2,No
100831,2024-04-30,Asia Pacific,India,Apparel,Sunglasses,Retail Store,Small Business,Taylor Patel,1,$146.72,$59.84,5%,$146.72,$7.34,$139.38,$59.84,$79.54,Credit Card,5.0,No
100832,2024-05-01,Europe,United Kingdom,Electronics,Power Bank,Retail Store,Consumer,Fatima Ahmed,9,$272.74,$118.76,0%,"$2,454.66",$0.00,"$2,454.66","$1,068.84","$1,385.82",Credit Card,4.7,No
100833,2024-05-01,Asia Pacific,Australia,Health & Beauty,Hair Dryer,Online,Enterprise,Diego Weber,13,$109.39,$66.52,0%,"$1,422.07",$0.00,"$1,422.07",$864.76,$557.31,Credit Card,4.4,No
100834,2024-05-01,Europe,France,Electronics,USB-C Hub,Online,Consumer,Lucas Novak,3,$283.73,$177.63,0%,$851.19,$0.00,$851.19,$532.89,$318.30,Credit Card,3.8,Yes
100835,2024-05-01,Europe,Netherlands,Office Supplies,Desk Organizer,Retail Store,Small Business,Priya Rossi,5,$125.04,$65.03,0%,$625.20,$0.00,$625.20,$325.15,$300.05,Debit Card,4.4,No
100836,2024-05-01,Latin America,Argentina,Office Supplies,Pen Set,Retail Store,Small Business,Cameron Nakamura,3,$34.11,$16.15,0%,$102.33,$0.00,$102.33,$48.45,$53.88,PayPal,4.4,No
100837,2024-05-01,Middle East & Africa,UAE,Electronics,Smartwatch,Retail Store,Enterprise,Diego Weber,6,$70.26,$36.08,0%,$421.56,$0.00,$421.56,$216.48,$205.08,Credit Card,4.6,No
100838,2024-05-01,Europe,United Kingdom,Electronics,Power Bank,Retail Store,Small Business,Lucas Novak,16,$70.12,$31.72,0%,"$1,121.92",$0.00,"$1,121.92",$507.52,$614.40,PayPal,3.6,No
100839,2024-05-01,Asia Pacific,Singapore,Electronics,Smartwatch,Online,Consumer,Casey Garcia,6,$54.97,$27.18,10%,$329.82,$32.98,$296.84,$163.08,$133.76,Credit Card,4.6,No
100840,2024-05-02,Europe,Germany,Office Supplies,Pen Set,Online,Small Business,Drew Okafor,2,$328.04,$190.50,0%,$656.08,$0.00,$656.08,$381.00,$275.08,Credit Card,4.2,No
100841,2024-05-02,Europe,Spain,Apparel,Denim Jacket,Retail Store,Small Business,Priya Rossi,1,$136.25,$63.40,0%,$136.25,$0.00,$136.25,$63.40,$72.85,Bank Transfer,4.8,No
100842,2024-05-02,North America,Canada,Office Supplies,Desk Organizer,Retail Store,Consumer,Taylor Patel,4,$289.85,$130.98,0%,"$1,159.40",$0.00,"$1,159.40",$523.92,$635.48,PayPal,4.0,No
100843,2024-05-03,North America,Mexico,Electronics,Laptop Stand,Online,Small Business,Alex Reyes,3,$287.90,$181.42,5%,$863.70,$43.18,$820.52,$544.26,$276.26,Credit Card,5.0,No
100844,2024-05-03,Europe,United Kingdom,Health & Beauty,Massage Gun,Marketplace,Enterprise,Taylor Patel,1,$39.09,$21.70,0%,$39.09,$0.00,$39.09,$21.70,$17.39,Debit Card,4.4,No
100845,2024-05-03,North America,Canada,Office Supplies,Monitor Arm,Online,Small Business,Wei Dubois,2,$110.37,$65.42,5%,$220.74,$11.04,$209.70,$130.84,$78.86,Credit Card,3.8,No
100846,2024-05-03,Europe,Netherlands,Home & Kitchen,Blender,Marketplace,Enterprise,Wei Dubois,3,$97.69,$61.69,5%,$293.07,$14.65,$278.42,$185.07,$93.35,PayPal,3.4,Yes
100847,2024-05-03,Asia Pacific,China,Apparel,Backpack,Online,Consumer,Fatima Ahmed,11,$142.57,$82.74,15%,"$1,568.27",$235.24,"$1,333.03",$910.14,$422.89,Credit Card,3.5,No
100848,2024-05-03,North America,Canada,Health & Beauty,Skincare Set,Marketplace,Consumer,Casey Garcia,6,$104.58,$42.46,15%,$627.48,$94.12,$533.36,$254.76,$278.60,PayPal,4.1,No
100849,2024-05-03,North America,Mexico,Electronics,USB-C Hub,Online,Consumer,Cameron Nakamura,1,$280.45,$163.13,0%,$280.45,$0.00,$280.45,$163.13,$117.32,Credit Card,3.3,No
100850,2024-05-03,North America,United States,Apparel,Wool Sweater,Online,Consumer,Alex Reyes,4,$38.71,$21.22,0%,$154.84,$0.00,$154.84,$84.88,$69.96,PayPal,4.0,No
100851,2024-05-03,Latin America,Colombia,Apparel,Backpack,Online,Consumer,Noah Santos,8,$53.72,$33.08,0%,$429.76,$0.00,$429.76,$264.64,$165.12,Credit Card,4.0,No
100852,2024-05-03,Latin America,Colombia,Office Supplies,Desk Organizer,Marketplace,Consumer,Wei Dubois,2,$188.57,$108.22,0%,$377.14,$0.00,$377.14,$216.44,$160.70,Bank Transfer,4.1,No
100853,2024-05-03,Europe,France,Home & Kitchen,Blender,Online,Consumer,Amara Costa,4,$199.39,$119.33,0%,$797.56,$0.00,$797.56,$477.32,$320.24,PayPal,4.3,Yes
100854,2024-05-04,Europe,Germany,Office Supplies,Standing Desk,Wholesale,Consumer,Amara Costa,15,$96.76,$46.16,15%,"$1,451.40",$217.71,"$1,233.69",$692.40,$541.29,Debit Card,4.0,No
100855,2024-05-04,Europe,Italy,Apparel,Running Shoes,Wholesale,Small Business,Sam Silva,3,$82.39,$53.46,15%,$247.17,$37.08,$210.09,$160.38,$49.71,Credit Card,3.5,No
100856,2024-05-04,Asia Pacific,Japan,Office Supplies,Pen Set,Online,Consumer,Morgan Kim,6,$351.35,$193.35,0%,"$2,108.10",$0.00,"$2,108.10","$1,160.10",$948.00,Credit Card,4.3,No
100857,2024-05-04,North America,United States,Apparel,Yoga Pants,Online,Enterprise,Amara Costa,13,$35.57,$17.21,15%,$462.41,$69.36,$393.05,$223.73,$169.32,Credit Card,3.6,No
100858,2024-05-04,Middle East & Africa,UAE,Electronics,Power Bank,Retail Store,Enterprise,Sofia Kowalski,13,$26.65,$15.82,15%,$346.45,$51.97,$294.48,$205.66,$88.82,Debit Card,4.7,No
100859,2024-05-05,Europe,Spain,Electronics,Power Bank,Online,Consumer,Kenji Haddad,6,$315.58,$195.41,5%,"$1,893.48",$94.67,"$1,798.81","$1,172.46",$626.35,Credit Card,4.4,No
100860,2024-05-05,Europe,Germany,Electronics,Bluetooth Speaker,Online,Consumer,Lucas Novak,6,$277.74,$111.10,5%,"$1,666.44",$83.32,"$1,583.12",$666.60,$916.52,Credit Card,3.5,No
100861,2024-05-05,Europe,France,Apparel,Denim Jacket,Marketplace,Consumer,Taylor Patel,1,$99.54,$63.09,0%,$99.54,$0.00,$99.54,$63.09,$36.45,Debit Card,4.5,No
100862,2024-05-05,Europe,France,Office Supplies,Monitor Arm,Online,Consumer,Cameron Nakamura,5,$393.12,$216.39,0%,"$1,965.60",$0.00,"$1,965.60","$1,081.95",$883.65,Credit Card,5.0,No
100863,2024-05-05,Europe,Spain,Apparel,Denim Jacket,Marketplace,Consumer,Sam Silva,4,$33.24,$21.02,0%,$132.96,$0.00,$132.96,$84.08,$48.88,Debit Card,4.1,No
100864,2024-05-05,North America,United States,Office Supplies,Standing Desk,Retail Store,Small Business,Sofia Kowalski,8,$290.11,$146.76,0%,"$2,320.88",$0.00,"$2,320.88","$1,174.08","$1,146.80",Bank Transfer,4.3,No
100865,2024-05-05,Asia Pacific,Singapore,Electronics,USB-C Hub,Online,Consumer,Taylor Patel,6,$113.48,$51.76,0%,$680.88,$0.00,$680.88,$310.56,$370.32,Credit Card,4.1,No
100866,2024-05-06,Europe,France,Home & Kitchen,Air Fryer,Retail Store,Consumer,Riley Muller,10,$85.07,$42.98,15%,$850.70,$127.60,$723.10,$429.80,$293.30,PayPal,4.6,No
100867,2024-05-06,North America,Canada,Apparel,Running Shoes,Marketplace,Enterprise,Amara Costa,1,$21.87,$12.42,0%,$21.87,$0.00,$21.87,$12.42,$9.45,Bank Transfer,3.9,No
100868,2024-05-06,North America,Mexico,Apparel,Backpack,Online,Consumer,Casey Garcia,5,$126.96,$62.06,0%,$634.80,$0.00,$634.80,$310.30,$324.50,PayPal,5.0,No
100869,2024-05-06,Latin America,Brazil,Health & Beauty,Yoga Mat,Online,Small Business,Priya Rossi,4,$178.13,$100.89,0%,$712.52,$0.00,$712.52,$403.56,$308.96,Debit Card,3.7,No
100870,2024-05-06,Europe,France,Electronics,Smartwatch,Marketplace,Small Business,Jordan Chen,6,$36.09,$15.10,0%,$216.54,$0.00,$216.54,$90.60,$125.94,PayPal,3.8,No
100871,2024-05-06,North America,Mexico,Health & Beauty,Fitness Tracker,Retail Store,Enterprise,Casey Garcia,7,$107.79,$51.37,5%,$754.53,$37.73,$716.80,$359.59,$357.21,Credit Card,4.8,No
100872,2024-05-06,Asia Pacific,South Korea,Office Supplies,Pen Set,Online,Small Business,Noah Santos,10,$129.67,$70.23,15%,"$1,296.70",$194.50,"$1,102.20",$702.30,$399.90,Credit Card,3.0,No
100873,2024-05-06,North America,Canada,Health & Beauty,Electric Toothbrush,Online,Consumer,Wei Dubois,7,$63.05,$39.38,0%,$441.35,$0.00,$441.35,$275.66,$165.69,Credit Card,5.0,No
100874,2024-05-06,Latin America,Argentina,Health & Beauty,Massage Gun,Online,Consumer,Lucas Novak,5,$62.41,$34.72,0%,$312.05,$0.00,$312.05,$173.60,$138.45,Credit Card,2.9,No
100875,2024-05-07,North America,United States,Apparel,Wool Sweater,Retail Store,Enterprise,Morgan Kim,4,$126.75,$74.08,0%,$507.00,$0.00,$507.00,$296.32,$210.68,Debit Card,4.3,No
100876,2024-05-07,North America,Canada,Health & Beauty,Skincare Set,Marketplace,Consumer,Fatima Ahmed,11,$13.49,$8.23,10%,$148.39,$14.84,$133.55,$90.53,$43.02,PayPal,4.9,No
100877,2024-05-07,Asia Pacific,Japan,Electronics,Power Bank,Online,Enterprise,Jordan Chen,11,$132.96,$74.30,0%,"$1,462.56",$0.00,"$1,462.56",$817.30,$645.26,PayPal,3.8,No
100878,2024-05-07,Asia Pacific,India,Health & Beauty,Massage Gun,Retail Store,Consumer,Riley Muller,13,$114.72,$53.14,0%,"$1,491.36",$0.00,"$1,491.36",$690.82,$800.54,PayPal,4.5,No
100879,2024-05-07,North America,Canada,Home & Kitchen,Cookware Set,Online,Small Business,Noah Santos,9,$127.71,$79.83,0%,"$1,149.39",$0.00,"$1,149.39",$718.47,$430.92,Credit Card,4.7,No
100880,2024-05-07,Latin America,Brazil,Electronics,Bluetooth Speaker,Online,Consumer,Jamie Johansson,12,$136.71,$62.86,0%,"$1,640.52",$0.00,"$1,640.52",$754.32,$886.20,Credit Card,5.0,No
100881,2024-05-07,North America,Canada,Office Supplies,Desk Organizer,Online,Consumer,Alex Reyes,10,$321.52,$139.23,10%,"$3,215.20",$321.52,"$2,893.68","$1,392.30","$1,501.38",Credit Card,4.6,No
100882,2024-05-07,North America,Mexico,Home & Kitchen,Air Fryer,Retail Store,Enterprise,Priya Rossi,16,$84.03,$44.26,0%,"$1,344.48",$0.00,"$1,344.48",$708.16,$636.32,Bank Transfer,3.1,No
100883,2024-05-08,North America,Canada,Health & Beauty,Hair Dryer,Online,Consumer,Jordan Chen,6,$48.64,$28.12,0%,$291.84,$0.00,$291.84,$168.72,$123.12,Credit Card,3.7,No
100884,2024-05-08,Latin America,Chile,Office Supplies,Ergonomic Chair,Wholesale,Consumer,Noah Santos,2,$234.82,$122.31,0%,$469.64,$0.00,$469.64,$244.62,$225.02,Debit Card,3.7,No
100885,2024-05-08,Middle East & Africa,Saudi Arabia,Health & Beauty,Skincare Set,Wholesale,Small Business,Diego Weber,5,$123.37,$68.03,0%,$616.85,$0.00,$616.85,$340.15,$276.70,PayPal,4.7,No
100886,2024-05-08,Europe,Spain,Health & Beauty,Hair Dryer,Online,Small Business,Sofia Kowalski,14,$14.45,$6.54,0%,$202.30,$0.00,$202.30,$91.56,$110.74,Cash,4.1,No
100887,2024-05-08,Asia Pacific,Singapore,Home & Kitchen,Toaster,Online,Consumer,Wei Dubois,9,$214.84,$114.05,0%,"$1,933.56",$0.00,"$1,933.56","$1,026.45",$907.11,Credit Card,4.4,No
100888,2024-05-08,North America,Mexico,Health & Beauty,Skincare Set,Retail Store,Consumer,Sofia Kowalski,6,$147.63,$63.27,0%,$885.78,$0.00,$885.78,$379.62,$506.16,Bank Transfer,4.2,No
100889,2024-05-08,Asia Pacific,Australia,Electronics,Bluetooth Speaker,Marketplace,Consumer,Sam Silva,6,$256.14,$141.41,20%,"$1,536.84",$307.37,"$1,229.47",$848.46,$381.01,Credit Card,4.4,No
100890,2024-05-08,Asia Pacific,South Korea,Office Supplies,Pen Set,Retail Store,Consumer,Noah Santos,12,$43.73,$22.81,0%,$524.76,$0.00,$524.76,$273.72,$251.04,Bank Transfer,4.8,Yes
100891,2024-05-08,Asia Pacific,Japan,Home & Kitchen,Vacuum Cleaner,Marketplace,Consumer,Kenji Haddad,21,$79.90,$33.29,0%,"$1,677.90",$0.00,"$1,677.90",$699.09,$978.81,Debit Card,4.6,No
100892,2024-05-08,North America,Canada,Health & Beauty,Hair Dryer,Retail Store,Consumer,Taylor Patel,4,$28.69,$14.60,5%,$114.76,$5.74,$109.02,$58.40,$50.62,Credit Card,2.7,No
100893,2024-05-09,Middle East & Africa,Nigeria,Electronics,Bluetooth Speaker,Marketplace,Small Business,Fatima Ahmed,5,$310.79,$190.36,5%,"$1,553.95",$77.70,"$1,476.25",$951.80,$524.45,Debit Card,4.0,No
100894,2024-05-09,Europe,Germany,Health & Beauty,Massage Gun,Online,Enterprise,Taylor Patel,8,$10.39,$5.19,10%,$83.12,$8.31,$74.81,$41.52,$33.29,Cash,3.8,No
100895,2024-05-09,North America,United States,Office Supplies,Pen Set,Online,Small Business,Amara Costa,8,$127.16,$77.89,0%,"$1,017.28",$0.00,"$1,017.28",$623.12,$394.16,Credit Card,4.2,No
100896,2024-05-09,North America,United States,Office Supplies,Notebook Set,Retail Store,Consumer,Morgan Kim,1,$313.93,$175.39,0%,$313.93,$0.00,$313.93,$175.39,$138.54,PayPal,2.5,No
100897,2024-05-09,Europe,Netherlands,Electronics,Smartwatch,Marketplace,Consumer,Amara Costa,8,$64.18,$37.74,5%,$513.44,$25.67,$487.77,$301.92,$185.85,Credit Card,4.1,No
100898,2024-05-09,Asia Pacific,South Korea,Home & Kitchen,Vacuum Cleaner,Retail Store,Enterprise,Alex Reyes,6,$145.20,$64.68,0%,$871.20,$0.00,$871.20,$388.08,$483.12,Credit Card,4.4,No
100899,2024-05-09,North America,United States,Office Supplies,Pen Set,Retail Store,Consumer,Elena Lindqvist,4,$310.86,$145.09,0%,"$1,243.44",$0.00,"$1,243.44",$580.36,$663.08,Credit Card,3.5,No
100900,2024-05-09,Asia Pacific,China,Apparel,Backpack,Retail Store,Small Business,Sam Silva,12,$123.39,$56.83,0%,"$1,480.68",$0.00,"$1,480.68",$681.96,$798.72,Credit Card,4.3,No
100901,2024-05-09,North America,Mexico,Apparel,Wool Sweater,Online,Small Business,Casey Garcia,6,$101.70,$41.47,5%,$610.20,$30.51,$579.69,$248.82,$330.87,Debit Card,4.0,No
100902,2024-05-10,Europe,United Kingdom,Home & Kitchen,Cookware Set,Retail Store,Small Business,Elena Lindqvist,9,$90.37,$48.36,0%,$813.33,$0.00,$813.33,$435.24,$378.09,Credit Card,4.5,No
100903,2024-05-10,Asia Pacific,Singapore,Office Supplies,Standing Desk,Online,Consumer,Sofia Kowalski,10,$331.54,$159.50,5%,"$3,315.40",$165.77,"$3,149.63","$1,595.00","$1,554.63",Credit Card,4.0,No
100904,2024-05-10,Europe,Netherlands,Home & Kitchen,Toaster,Online,Small Business,Lucas Novak,6,$206.75,$98.72,0%,"$1,240.50",$0.00,"$1,240.50",$592.32,$648.18,Debit Card,2.4,No
100905,2024-05-10,Europe,Italy,Health & Beauty,Yoga Mat,Online,Small Business,Wei Dubois,9,$63.32,$30.74,10%,$569.88,$56.99,$512.89,$276.66,$236.23,Bank Transfer,4.5,No
100906,2024-05-10,Latin America,Chile,Electronics,Power Bank,Marketplace,Enterprise,Wei Dubois,2,$315.13,$187.95,5%,$630.26,$31.51,$598.75,$375.90,$222.85,Credit Card,3.7,No
100907,2024-05-10,Middle East & Africa,Nigeria,Office Supplies,Monitor Arm,Online,Consumer,Noah Santos,9,$207.70,$120.44,0%,"$1,869.30",$0.00,"$1,869.30","$1,083.96",$785.34,Debit Card,5.0,No
100908,2024-05-10,North America,Canada,Health & Beauty,Fitness Tracker,Marketplace,Consumer,Diego Weber,17,$92.26,$38.28,10%,"$1,568.42",$156.84,"$1,411.58",$650.76,$760.82,Debit Card,4.7,No
100909,2024-05-10,North America,Mexico,Electronics,Bluetooth Speaker,Wholesale,Consumer,Kenji Haddad,5,$273.74,$174.60,0%,"$1,368.70",$0.00,"$1,368.70",$873.00,$495.70,Credit Card,1.9,No
100910,2024-05-11,Asia Pacific,Australia,Electronics,USB-C Hub,Online,Consumer,Morgan Kim,3,$46.34,$24.69,0%,$139.02,$0.00,$139.02,$74.07,$64.95,Credit Card,3.7,No
100911,2024-05-11,Europe,Italy,Apparel,Wool Sweater,Marketplace,Consumer,Jordan Chen,18,$113.22,$69.18,5%,"$2,037.96",$101.90,"$1,936.06","$1,245.24",$690.82,Debit Card,3.9,No
100912,2024-05-11,Latin America,Chile,Office Supplies,Monitor Arm,Online,Small Business,Elena Lindqvist,7,$97.61,$63.30,0%,$683.27,$0.00,$683.27,$443.10,$240.17,Bank Transfer,4.3,No
100913,2024-05-11,Asia Pacific,South Korea,Home & Kitchen,Coffee Maker,Online,Consumer,Fatima Ahmed,17,$52.06,$22.55,0%,$885.02,$0.00,$885.02,$383.35,$501.67,Debit Card,4.7,No
100914,2024-05-11,Europe,Netherlands,Health & Beauty,Skincare Set,Online,Consumer,Riley Muller,5,$73.74,$35.20,0%,$368.70,$0.00,$368.70,$176.00,$192.70,Debit Card,4.4,No
100915,2024-05-11,Asia Pacific,Japan,Electronics,Power Bank,Online,Consumer,Morgan Kim,12,$94.81,$48.09,10%,"$1,137.72",$113.77,"$1,023.95",$577.08,$446.87,Credit Card,4.4,No
100916,2024-05-12,Europe,France,Apparel,Backpack,Marketplace,Small Business,Elena Lindqvist,12,$124.83,$59.70,0%,"$1,497.96",$0.00,"$1,497.96",$716.40,$781.56,PayPal,4.6,No
100917,2024-05-12,North America,United States,Home & Kitchen,Air Fryer,Retail Store,Small Business,Kenji Haddad,7,$111.33,$47.16,0%,$779.31,$0.00,$779.31,$330.12,$449.19,Credit Card,3.5,No
100918,2024-05-12,North America,Canada,Electronics,USB-C Hub,Online,Consumer,Amara Costa,1,$122.07,$62.91,0%,$122.07,$0.00,$122.07,$62.91,$59.16,Credit Card,4.5,Yes
100919,2024-05-12,North America,Mexico,Apparel,Running Shoes,Retail Store,Consumer,Drew Okafor,4,$23.39,$11.48,0%,$93.56,$0.00,$93.56,$45.92,$47.64,PayPal,4.6,No
100920,2024-05-12,Europe,France,Apparel,Running Shoes,Wholesale,Consumer,Riley Muller,13,$33.27,$21.38,0%,$432.51,$0.00,$432.51,$277.94,$154.57,PayPal,4.5,No
100921,2024-05-12,Europe,Netherlands,Home & Kitchen,Vacuum Cleaner,Online,Small Business,Sofia Kowalski,8,$69.26,$41.49,0%,$554.08,$0.00,$554.08,$331.92,$222.16,Debit Card,4.3,No
100922,2024-05-13,Asia Pacific,South Korea,Apparel,Sunglasses,Online,Consumer,Sofia Kowalski,11,$90.59,$52.60,5%,$996.49,$49.82,$946.67,$578.60,$368.07,Credit Card,4.5,No
100923,2024-05-13,North America,Canada,Electronics,Smartwatch,Online,Consumer,Priya Rossi,3,$191.16,$100.26,10%,$573.48,$57.35,$516.13,$300.78,$215.35,Credit Card,4.3,No
100924,2024-05-13,Europe,Netherlands,Electronics,Power Bank,Marketplace,Consumer,Cameron Nakamura,17,$86.44,$54.39,0%,"$1,469.48",$0.00,"$1,469.48",$924.63,$544.85,Credit Card,3.8,No
100925,2024-05-13,Europe,Italy,Home & Kitchen,Air Fryer,Online,Consumer,Morgan Kim,10,$80.08,$35.63,0%,$800.80,$0.00,$800.80,$356.30,$444.50,Debit Card,5.0,No
100926,2024-05-13,North America,United States,Apparel,Denim Jacket,Online,Small Business,Kenji Haddad,6,$114.65,$48.89,10%,$687.90,$68.79,$619.11,$293.34,$325.77,Credit Card,4.4,No
100927,2024-05-14,Europe,United Kingdom,Apparel,Sunglasses,Retail Store,Enterprise,Kenji Haddad,23,$63.43,$33.45,0%,"$1,458.89",$0.00,"$1,458.89",$769.35,$689.54,Credit Card,4.8,Yes
100928,2024-05-14,Asia Pacific,Australia,Home & Kitchen,Cookware Set,Online,Consumer,Riley Muller,3,$40.05,$25.13,20%,$120.15,$24.03,$96.12,$75.39,$20.73,Debit Card,5.0,No
100929,2024-05-14,North America,Mexico,Apparel,Running Shoes,Online,Small Business,Drew Okafor,7,$77.79,$32.87,15%,$544.53,$81.68,$462.85,$230.09,$232.76,PayPal,3.6,No
100930,2024-05-15,North America,Mexico,Apparel,Backpack,Marketplace,Consumer,Morgan Kim,8,$126.72,$63.48,0%,"$1,013.76",$0.00,"$1,013.76",$507.84,$505.92,Debit Card,3.0,No
100931,2024-05-15,North America,Canada,Office Supplies,Monitor Arm,Retail Store,Consumer,Riley Muller,11,$362.55,$225.94,0%,"$3,988.05",$0.00,"$3,988.05","$2,485.34","$1,502.71",Credit Card,4.3,No
100932,2024-05-15,Asia Pacific,India,Home & Kitchen,Coffee Maker,Retail Store,Consumer,Lucas Novak,6,$122.45,$49.32,0%,$734.70,$0.00,$734.70,$295.92,$438.78,Credit Card,3.9,No
100933,2024-05-16,Europe,Germany,Apparel,Running Shoes,Marketplace,Enterprise,Elena Lindqvist,6,$42.82,$21.46,20%,$256.92,$51.38,$205.54,$128.76,$76.78,PayPal,4.3,No
100934,2024-05-16,Middle East & Africa,Nigeria,Home & Kitchen,Vacuum Cleaner,Wholesale,Small Business,Riley Muller,5,$116.14,$75.34,0%,$580.70,$0.00,$580.70,$376.70,$204.00,Credit Card,4.3,No
100935,2024-05-16,North America,United States,Office Supplies,Pen Set,Online,Consumer,Alex Reyes,9,$243.94,$154.02,5%,"$2,195.46",$109.77,"$2,085.69","$1,386.18",$699.51,Cash,4.7,No
100936,2024-05-16,Asia Pacific,South Korea,Apparel,Wool Sweater,Online,Consumer,Jamie Johansson,10,$26.58,$16.80,0%,$265.80,$0.00,$265.80,$168.00,$97.80,Credit Card,5.0,No
100937,2024-05-16,Europe,Spain,Office Supplies,Monitor Arm,Marketplace,Consumer,Taylor Patel,6,$332.13,$182.86,0%,"$1,992.78",$0.00,"$1,992.78","$1,097.16",$895.62,Bank Transfer,4.9,No
100938,2024-05-16,Europe,United Kingdom,Home & Kitchen,Coffee Maker,Retail Store,Consumer,Jamie Johansson,5,$80.14,$43.62,5%,$400.70,$20.04,$380.66,$218.10,$162.56,Debit Card,2.8,No
100939,2024-05-16,Europe,United Kingdom,Home & Kitchen,Blender,Retail Store,Consumer,Elena Lindqvist,8,$74.32,$39.61,0%,$594.56,$0.00,$594.56,$316.88,$277.68,PayPal,3.5,No
100940,2024-05-16,North America,Mexico,Office Supplies,Monitor Arm,Marketplace,Consumer,Diego Weber,9,$36.40,$16.64,5%,$327.60,$16.38,$311.22,$149.76,$161.46,PayPal,2.7,No
100941,2024-05-16,North America,Canada,Health & Beauty,Massage Gun,Online,Consumer,Cameron Nakamura,4,$131.86,$71.96,15%,$527.44,$79.12,$448.32,$287.84,$160.48,Bank Transfer,5.0,No
100942,2024-05-16,Asia Pacific,Japan,Health & Beauty,Hair Dryer,Online,Small Business,Drew Okafor,17,$83.16,$42.49,10%,"$1,413.72",$141.37,"$1,272.35",$722.33,$550.02,Credit Card,5.0,No
100943,2024-05-17,North America,United States,Health & Beauty,Hair Dryer,Retail Store,Consumer,Diego Weber,9,$107.50,$61.39,10%,$967.50,$96.75,$870.75,$552.51,$318.24,PayPal,4.0,No
100944,2024-05-17,North America,United States,Office Supplies,Desk Organizer,Wholesale,Enterprise,Morgan Kim,6,$151.32,$94.20,0%,$907.92,$0.00,$907.92,$565.20,$342.72,Credit Card,3.9,No
100945,2024-05-17,Europe,France,Office Supplies,Notebook Set,Retail Store,Consumer,Morgan Kim,9,$353.63,$186.26,0%,"$3,182.67",$0.00,"$3,182.67","$1,676.34","$1,506.33",Credit Card,4.9,No
100946,2024-05-17,Latin America,Chile,Electronics,Power Bank,Online,Consumer,Noah Santos,12,$272.48,$117.74,10%,"$3,269.76",$326.98,"$2,942.78","$1,412.88","$1,529.90",Credit Card,5.0,No
100947,2024-05-17,North America,Canada,Office Supplies,Monitor Arm,Retail Store,Consumer,Amara Costa,2,$205.58,$97.97,0%,$411.16,$0.00,$411.16,$195.94,$215.22,PayPal,4.1,No
100948,2024-05-18,Europe,Italy,Home & Kitchen,Coffee Maker,Wholesale,Consumer,Alex Reyes,1,$166.76,$102.51,0%,$166.76,$0.00,$166.76,$102.51,$64.25,Debit Card,4.2,No
100949,2024-05-18,North America,United States,Home & Kitchen,Coffee Maker,Retail Store,Consumer,Drew Okafor,1,$45.35,$28.28,0%,$45.35,$0.00,$45.35,$28.28,$17.07,Credit Card,3.3,No
100950,2024-05-18,Latin America,Colombia,Office Supplies,Desk Organizer,Online,Consumer,Taylor Patel,9,$365.60,$226.56,0%,"$3,290.40",$0.00,"$3,290.40","$2,039.04","$1,251.36",Credit Card,3.5,No
100951,2024-05-18,North America,Mexico,Electronics,Smartwatch,Retail Store,Consumer,Fatima Ahmed,7,$56.44,$29.68,5%,$395.08,$19.75,$375.33,$207.76,$167.57,Credit Card,4.0,No
100952,2024-05-18,Asia Pacific,China,Electronics,Bluetooth Speaker,Marketplace,Consumer,Taylor Patel,10,$323.06,$129.51,0%,"$3,230.60",$0.00,"$3,230.60","$1,295.10","$1,935.50",Cash,3.8,No
100953,2024-05-18,North America,United States,Office Supplies,Standing Desk,Online,Small Business,Kenji Haddad,15,$315.59,$151.54,0%,"$4,733.85",$0.00,"$4,733.85","$2,273.10","$2,460.75",Debit Card,3.8,No
100954,2024-05-18,Asia Pacific,Australia,Health & Beauty,Yoga Mat,Retail Store,Small Business,Morgan Kim,2,$127.43,$65.32,0%,$254.86,$0.00,$254.86,$130.64,$124.22,PayPal,4.4,No
100955,2024-05-19,Middle East & Africa,South Africa,Electronics,USB-C Hub,Online,Consumer,Wei Dubois,13,$303.98,$137.49,0%,"$3,951.74",$0.00,"$3,951.74","$1,787.37","$2,164.37",Debit Card,4.1,No
100956,2024-05-19,Asia Pacific,India,Apparel,Running Shoes,Marketplace,Consumer,Jamie Johansson,6,$128.21,$54.63,0%,$769.26,$0.00,$769.26,$327.78,$441.48,Credit Card,4.8,No
100957,2024-05-19,Asia Pacific,Australia,Home & Kitchen,Cookware Set,Retail Store,Consumer,Sofia Kowalski,5,$94.39,$42.59,0%,$471.95,$0.00,$471.95,$212.95,$259.00,Debit Card,2.5,No
100958,2024-05-19,North America,Canada,Home & Kitchen,Cookware Set,Online,Small Business,Morgan Kim,4,$157.34,$70.61,0%,$629.36,$0.00,$629.36,$282.44,$346.92,Credit Card,3.3,No
100959,2024-05-19,Europe,Spain,Apparel,Backpack,Online,Consumer,Elena Lindqvist,8,$131.91,$62.75,0%,"$1,055.28",$0.00,"$1,055.28",$502.00,$553.28,Debit Card,3.0,No
100960,2024-05-20,North America,Canada,Home & Kitchen,Vacuum Cleaner,Online,Consumer,Jamie Johansson,7,$147.18,$85.50,0%,"$1,030.26",$0.00,"$1,030.26",$598.50,$431.76,Credit Card,3.9,Yes
100961,2024-05-20,North America,United States,Electronics,Bluetooth Speaker,Wholesale,Small Business,Priya Rossi,9,$268.71,$151.38,0%,"$2,418.39",$0.00,"$2,418.39","$1,362.42","$1,055.97",Credit Card,4.2,No
100962,2024-05-20,Asia Pacific,Japan,Office Supplies,Notebook Set,Marketplace,Enterprise,Sam Silva,12,$273.47,$154.90,5%,"$3,281.64",$164.08,"$3,117.56","$1,858.80","$1,258.76",PayPal,2.9,No
100963,2024-05-20,Asia Pacific,Japan,Home & Kitchen,Air Fryer,Online,Consumer,Elena Lindqvist,4,$208.53,$122.80,0%,$834.12,$0.00,$834.12,$491.20,$342.92,Credit Card,3.2,No
100964,2024-05-20,Asia Pacific,China,Home & Kitchen,Coffee Maker,Online,Consumer,Sofia Kowalski,5,$108.87,$52.91,0%,$544.35,$0.00,$544.35,$264.55,$279.80,Credit Card,3.4,No
100965,2024-05-20,Asia Pacific,South Korea,Office Supplies,Standing Desk,Online,Consumer,Diego Weber,6,$341.60,$196.91,10%,"$2,049.60",$204.96,"$1,844.64","$1,181.46",$663.18,Debit Card,4.9,No
100966,2024-05-20,North America,Canada,Health & Beauty,Hair Dryer,Online,Consumer,Drew Okafor,2,$174.97,$111.02,0%,$349.94,$0.00,$349.94,$222.04,$127.90,Debit Card,4.2,No
100967,2024-05-20,Europe,France,Home & Kitchen,Air Fryer,Marketplace,Enterprise,Elena Lindqvist,7,$80.39,$38.38,0%,$562.73,$0.00,$562.73,$268.66,$294.07,Credit Card,4.4,No
100968,2024-05-20,Europe,Netherlands,Electronics,USB-C Hub,Retail Store,Consumer,Riley Muller,25,$110.77,$47.92,10%,"$2,769.25",$276.92,"$2,492.33","$1,198.00","$1,294.33",Debit Card,2.5,No
100969,2024-05-20,North America,Mexico,Apparel,Sunglasses,Retail Store,Consumer,Drew Okafor,19,$106.57,$62.87,0%,"$2,024.83",$0.00,"$2,024.83","$1,194.53",$830.30,Credit Card,4.5,No
100970,2024-05-20,Europe,Netherlands,Health & Beauty,Electric Toothbrush,Retail Store,Small Business,Casey Garcia,14,$8.87,$5.35,0%,$124.18,$0.00,$124.18,$74.90,$49.28,Bank Transfer,5.0,No
100971,2024-05-21,Asia Pacific,China,Electronics,Power Bank,Retail Store,Consumer,Morgan Kim,3,$263.27,$154.15,0%,$789.81,$0.00,$789.81,$462.45,$327.36,Bank Transfer,4.5,No
100972,2024-05-21,Middle East & Africa,South Africa,Health & Beauty,Skincare Set,Retail Store,Consumer,Diego Weber,6,$66.14,$32.75,0%,$396.84,$0.00,$396.84,$196.50,$200.34,Debit Card,4.3,Yes
100973,2024-05-21,North America,Canada,Home & Kitchen,Blender,Marketplace,Consumer,Sofia Kowalski,7,$178.89,$102.97,0%,"$1,252.23",$0.00,"$1,252.23",$720.79,$531.44,PayPal,5.0,No
100974,2024-05-21,Asia Pacific,China,Health & Beauty,Massage Gun,Online,Enterprise,Riley Muller,6,$149.20,$68.30,0%,$895.20,$0.00,$895.20,$409.80,$485.40,Credit Card,4.5,No
100975,2024-05-22,North America,Canada,Office Supplies,Pen Set,Online,Small Business,Riley Muller,4,$227.60,$102.99,20%,$910.40,$182.08,$728.32,$411.96,$316.36,Debit Card,4.6,No
100976,2024-05-22,North America,Mexico,Home & Kitchen,Air Fryer,Online,Enterprise,Riley Muller,4,$28.75,$12.36,0%,$115.00,$0.00,$115.00,$49.44,$65.56,Debit Card,4.5,Yes
100977,2024-05-22,Europe,Spain,Office Supplies,Ergonomic Chair,Retail Store,Consumer,Sofia Kowalski,7,$355.46,$164.94,0%,"$2,488.22",$0.00,"$2,488.22","$1,154.58","$1,333.64",Credit Card,3.5,No
100978,2024-05-22,Asia Pacific,South Korea,Health & Beauty,Yoga Mat,Marketplace,Enterprise,Noah Santos,9,$69.15,$37.16,0%,$622.35,$0.00,$622.35,$334.44,$287.91,Credit Card,5.0,No
100979,2024-05-22,North America,Mexico,Electronics,Laptop Stand,Marketplace,Small Business,Riley Muller,9,$158.30,$64.36,0%,"$1,424.70",$0.00,"$1,424.70",$579.24,$845.46,Credit Card,5.0,No
100980,2024-05-22,Asia Pacific,South Korea,Home & Kitchen,Vacuum Cleaner,Online,Consumer,Jordan Chen,13,$209.90,$124.26,0%,"$2,728.70",$0.00,"$2,728.70","$1,615.38","$1,113.32",Credit Card,4.4,No
100981,2024-05-22,Asia Pacific,India,Health & Beauty,Electric Toothbrush,Marketplace,Small Business,Wei Dubois,7,$66.95,$41.51,0%,$468.65,$0.00,$468.65,$290.57,$178.08,Credit Card,3.9,No
100982,2024-05-22,North America,Mexico,Home & Kitchen,Cookware Set,Retail Store,Consumer,Jamie Johansson,8,$141.40,$62.10,0%,"$1,131.20",$0.00,"$1,131.20",$496.80,$634.40,Credit Card,3.2,No
100983,2024-05-23,Europe,Italy,Home & Kitchen,Air Fryer,Online,Small Business,Lucas Novak,5,$26.11,$15.59,0%,$130.55,$0.00,$130.55,$77.95,$52.60,Debit Card,4.6,No
100984,2024-05-23,Asia Pacific,Singapore,Apparel,Backpack,Retail Store,Enterprise,Drew Okafor,8,$96.76,$57.67,0%,$774.08,$0.00,$774.08,$461.36,$312.72,Credit Card,3.4,No
100985,2024-05-23,North America,Mexico,Home & Kitchen,Cookware Set,Retail Store,Small Business,Wei Dubois,8,$186.78,$77.92,0%,"$1,494.24",$0.00,"$1,494.24",$623.36,$870.88,Credit Card,4.1,No
100986,2024-05-23,North America,Canada,Health & Beauty,Hair Dryer,Online,Small Business,Cameron Nakamura,7,$138.11,$62.92,0%,$966.77,$0.00,$966.77,$440.44,$526.33,Debit Card,3.3,No
100987,2024-05-23,North America,Mexico,Office Supplies,Notebook Set,Online,Consumer,Amara Costa,4,$197.77,$123.10,0%,$791.08,$0.00,$791.08,$492.40,$298.68,Credit Card,3.2,No
100988,2024-05-23,North America,United States,Electronics,Wireless Earbuds,Marketplace,Consumer,Drew Okafor,1,$36.28,$17.81,20%,$36.28,$7.26,$29.02,$17.81,$11.21,Cash,4.3,No
100989,2024-05-23,Middle East & Africa,UAE,Home & Kitchen,Vacuum Cleaner,Online,Consumer,Wei Dubois,10,$189.26,$97.10,0%,"$1,892.60",$0.00,"$1,892.60",$971.00,$921.60,Credit Card,3.9,No
100990,2024-05-23,North America,United States,Electronics,Wireless Earbuds,Online,Small Business,Diego Weber,13,$76.19,$47.50,0%,$990.47,$0.00,$990.47,$617.50,$372.97,Debit Card,5.0,No
100991,2024-05-23,Asia Pacific,Australia,Home & Kitchen,Air Fryer,Online,Consumer,Sofia Kowalski,2,$62.63,$39.35,0%,$125.26,$0.00,$125.26,$78.70,$46.56,Credit Card,2.8,No
100992,2024-05-24,Europe,Italy,Health & Beauty,Fitness Tracker,Retail Store,Consumer,Wei Dubois,8,$124.90,$77.40,10%,$999.20,$99.92,$899.28,$619.20,$280.08,Credit Card,4.1,No
100993,2024-05-24,North America,United States,Electronics,Laptop Stand,Retail Store,Consumer,Drew Okafor,8,$46.99,$23.85,0%,$375.92,$0.00,$375.92,$190.80,$185.12,Debit Card,4.0,No
100994,2024-05-24,Asia Pacific,South Korea,Office Supplies,Ergonomic Chair,Online,Consumer,Riley Muller,6,$343.28,$222.66,0%,"$2,059.68",$0.00,"$2,059.68","$1,335.96",$723.72,Bank Transfer,2.9,No
100995,2024-05-24,North America,United States,Office Supplies,Notebook Set,Wholesale,Consumer,Elena Lindqvist,13,$356.45,$188.35,10%,"$4,633.85",$463.39,"$4,170.46","$2,448.55","$1,721.91",Credit Card,3.3,No
100996,2024-05-24,North America,Canada,Apparel,Running Shoes,Retail Store,Consumer,Amara Costa,12,$91.09,$36.69,0%,"$1,093.08",$0.00,"$1,093.08",$440.28,$652.80,Debit Card,3.3,No
100997,2024-05-24,Europe,United Kingdom,Health & Beauty,Yoga Mat,Retail Store,Consumer,Lucas Novak,5,$135.34,$78.67,10%,$676.70,$67.67,$609.03,$393.35,$215.68,Debit Card,4.2,No
100998,2024-05-24,Europe,Spain,Electronics,Wireless Earbuds,Retail Store,Small Business,Sofia Kowalski,5,$71.29,$44.34,15%,$356.45,$53.47,$302.98,$221.70,$81.28,Debit Card,5.0,No
100999,2024-05-25,North America,United States,Home & Kitchen,Air Fryer,Online,Small Business,Jordan Chen,5,$58.71,$33.66,15%,$293.55,$44.03,$249.52,$168.30,$81.22,Credit Card,5.0,No
101000,2024-05-25,North America,Canada,Office Supplies,Notebook Set,Wholesale,Consumer,Sofia Kowalski,12,$147.44,$83.80,10%,"$1,769.28",$176.93,"$1,592.35","$1,005.60",$586.75,Cash,3.9,No
101001,2024-05-25,Asia Pacific,Australia,Home & Kitchen,Coffee Maker,Retail Store,Consumer,Priya Rossi,8,$52.74,$24.13,0%,$421.92,$0.00,$421.92,$193.04,$228.88,Credit Card,4.6,No
101002,2024-05-25,Asia Pacific,Australia,Electronics,Wireless Earbuds,Retail Store,Consumer,Taylor Patel,4,$222.82,$135.42,20%,$891.28,$178.26,$713.02,$541.68,$171.34,Debit Card,4.9,No
101003,2024-05-25,North America,United States,Apparel,Backpack,Retail Store,Small Business,Riley Muller,5,$36.17,$21.39,0%,$180.85,$0.00,$180.85,$106.95,$73.90,PayPal,5.0,No
101004,2024-05-25,Latin America,Colombia,Apparel,Wool Sweater,Retail Store,Small Business,Fatima Ahmed,3,$117.59,$52.51,0%,$352.77,$0.00,$352.77,$157.53,$195.24,Credit Card,4.2,No
101005,2024-05-26,Europe,Spain,Office Supplies,Monitor Arm,Retail Store,Consumer,Fatima Ahmed,1,$252.48,$155.11,0%,$252.48,$0.00,$252.48,$155.11,$97.37,Credit Card,2.8,No
101006,2024-05-26,Asia Pacific,India,Home & Kitchen,Coffee Maker,Retail Store,Consumer,Alex Reyes,6,$99.16,$60.36,0%,$594.96,$0.00,$594.96,$362.16,$232.80,PayPal,3.8,No
101007,2024-05-26,Europe,United Kingdom,Office Supplies,Ergonomic Chair,Marketplace,Small Business,Alex Reyes,5,$66.05,$38.96,5%,$330.25,$16.51,$313.74,$194.80,$118.94,Debit Card,4.2,No
101008,2024-05-26,Europe,Italy,Home & Kitchen,Toaster,Retail Store,Enterprise,Elena Lindqvist,9,$36.99,$22.68,0%,$332.91,$0.00,$332.91,$204.12,$128.79,Credit Card,3.3,No
101009,2024-05-26,Europe,France,Apparel,Yoga Pants,Retail Store,Consumer,Diego Weber,15,$42.06,$17.09,10%,$630.90,$63.09,$567.81,$256.35,$311.46,Cash,2.1,No
101010,2024-05-26,Asia Pacific,Australia,Apparel,Denim Jacket,Online,Enterprise,Riley Muller,1,$45.75,$28.58,0%,$45.75,$0.00,$45.75,$28.58,$17.17,Credit Card,5.0,No
101011,2024-05-26,Asia Pacific,India,Electronics,USB-C Hub,Online,Small Business,Jordan Chen,1,$104.96,$56.53,0%,$104.96,$0.00,$104.96,$56.53,$48.43,Credit Card,3.4,No
101012,2024-05-26,North America,Mexico,Health & Beauty,Yoga Mat,Online,Consumer,Morgan Kim,6,$73.83,$46.18,0%,$442.98,$0.00,$442.98,$277.08,$165.90,Bank Transfer,4.1,No
101013,2024-05-26,North America,Canada,Home & Kitchen,Vacuum Cleaner,Marketplace,Enterprise,Riley Muller,10,$173.45,$106.20,5%,"$1,734.50",$86.72,"$1,647.78","$1,062.00",$585.78,Debit Card,3.4,No
101014,2024-05-27,North America,Canada,Health & Beauty,Fitness Tracker,Retail Store,Consumer,Cameron Nakamura,14,$141.78,$77.22,0%,"$1,984.92",$0.00,"$1,984.92","$1,081.08",$903.84,Credit Card,3.6,No
101015,2024-05-27,Middle East & Africa,UAE,Health & Beauty,Hair Dryer,Online,Consumer,Jordan Chen,10,$134.39,$66.63,0%,"$1,343.90",$0.00,"$1,343.90",$666.30,$677.60,Debit Card,4.5,No
101016,2024-05-27,Middle East & Africa,Saudi Arabia,Health & Beauty,Skincare Set,Marketplace,Consumer,Diego Weber,1,$147.45,$95.37,20%,$147.45,$29.49,$117.96,$95.37,$22.59,Credit Card,4.2,No
101017,2024-05-27,North America,Canada,Office Supplies,Desk Organizer,Online,Consumer,Lucas Novak,4,$16.40,$9.28,0%,$65.60,$0.00,$65.60,$37.12,$28.48,Credit Card,4.9,No
101018,2024-05-27,Asia Pacific,Japan,Home & Kitchen,Air Fryer,Online,Small Business,Elena Lindqvist,17,$168.23,$68.94,0%,"$2,859.91",$0.00,"$2,859.91","$1,171.98","$1,687.93",Credit Card,3.8,No
101019,2024-05-27,North America,United States,Home & Kitchen,Coffee Maker,Online,Enterprise,Sam Silva,8,$123.08,$51.23,0%,$984.64,$0.00,$984.64,$409.84,$574.80,Credit Card,3.5,Yes
101020,2024-05-27,Latin America,Brazil,Health & Beauty,Skincare Set,Marketplace,Small Business,Casey Garcia,3,$22.11,$12.05,0%,$66.33,$0.00,$66.33,$36.15,$30.18,Credit Card,4.8,No
101021,2024-05-28,North America,Mexico,Home & Kitchen,Blender,Online,Consumer,Priya Rossi,2,$41.21,$19.38,0%,$82.42,$0.00,$82.42,$38.76,$43.66,PayPal,3.6,No
101022,2024-05-28,Europe,United Kingdom,Apparel,Backpack,Retail Store,Consumer,Noah Santos,5,$125.36,$57.64,0%,$626.80,$0.00,$626.80,$288.20,$338.60,Credit Card,4.6,No
101023,2024-05-28,North America,United States,Electronics,Bluetooth Speaker,Online,Consumer,Cameron Nakamura,12,$38.05,$21.23,0%,$456.60,$0.00,$456.60,$254.76,$201.84,Bank Transfer,4.3,Yes
101024,2024-05-28,North America,Canada,Home & Kitchen,Cookware Set,Marketplace,Consumer,Jordan Chen,6,$142.17,$91.49,0%,$853.02,$0.00,$853.02,$548.94,$304.08,Cash,3.5,No
101025,2024-05-28,Asia Pacific,Singapore,Home & Kitchen,Toaster,Online,Consumer,Sofia Kowalski,4,$180.16,$105.81,5%,$720.64,$36.03,$684.61,$423.24,$261.37,Bank Transfer,5.0,No
101026,2024-05-28,Asia Pacific,South Korea,Electronics,USB-C Hub,Retail Store,Consumer,Jamie Johansson,14,$229.78,$134.07,0%,"$3,216.92",$0.00,"$3,216.92","$1,876.98","$1,339.94",Credit Card,4.3,No
101027,2024-05-28,North America,United States,Home & Kitchen,Vacuum Cleaner,Retail Store,Consumer,Noah Santos,6,$76.69,$45.76,0%,$460.14,$0.00,$460.14,$274.56,$185.58,PayPal,3.0,No
101028,2024-05-28,Latin America,Argentina,Office Supplies,Pen Set,Wholesale,Consumer,Amara Costa,1,$373.43,$222.79,0%,$373.43,$0.00,$373.43,$222.79,$150.64,Credit Card,3.7,No
101029,2024-05-29,Asia Pacific,Singapore,Health & Beauty,Yoga Mat,Retail Store,Small Business,Noah Santos,8,$84.02,$39.55,0%,$672.16,$0.00,$672.16,$316.40,$355.76,Debit Card,4.6,No
101030,2024-05-29,North America,Canada,Office Supplies,Monitor Arm,Online,Consumer,Taylor Patel,5,$245.29,$148.13,5%,"$1,226.45",$61.32,"$1,165.13",$740.65,$424.48,Credit Card,3.9,No
101031,2024-05-30,Latin America,Argentina,Office Supplies,Notebook Set,Wholesale,Small Business,Riley Muller,3,$151.35,$73.94,15%,$454.05,$68.11,$385.94,$221.82,$164.12,Credit Card,3.1,No
101032,2024-05-30,Europe,Spain,Electronics,Smartwatch,Online,Enterprise,Noah Santos,3,$276.65,$171.21,10%,$829.95,$83.00,$746.95,$513.63,$233.32,PayPal,5.0,No
101033,2024-05-30,Asia Pacific,South Korea,Electronics,Laptop Stand,Online,Small Business,Taylor Patel,7,$92.75,$39.01,0%,$649.25,$0.00,$649.25,$273.07,$376.18,Debit Card,4.9,No
101034,2024-05-30,North America,United States,Apparel,Wool Sweater,Retail Store,Small Business,Riley Muller,10,$51.82,$29.81,0%,$518.20,$0.00,$518.20,$298.10,$220.10,Debit Card,3.8,No
101035,2024-05-30,Asia Pacific,Japan,Home & Kitchen,Air Fryer,Online,Consumer,Sofia Kowalski,12,$86.09,$50.92,10%,"$1,033.08",$103.31,$929.77,$611.04,$318.73,Bank Transfer,3.9,No
101036,2024-05-30,Europe,Germany,Health & Beauty,Hair Dryer,Retail Store,Small Business,Jordan Chen,4,$78.64,$45.86,0%,$314.56,$0.00,$314.56,$183.44,$131.12,Credit Card,5.0,No
101037,2024-05-31,North America,Mexico,Health & Beauty,Yoga Mat,Online,Consumer,Priya Rossi,7,$161.01,$76.68,20%,"$1,127.07",$225.41,$901.66,$536.76,$364.90,Bank Transfer,3.8,No
101038,2024-05-31,Europe,Netherlands,Electronics,USB-C Hub,Online,Consumer,Priya Rossi,6,$309.61,$193.83,0%,"$1,857.66",$0.00,"$1,857.66","$1,162.98",$694.68,Credit Card,3.9,No
101039,2024-05-31,Europe,United Kingdom,Electronics,USB-C Hub,Wholesale,Small Business,Kenji Haddad,10,$281.52,$119.95,5%,"$2,815.20",$140.76,"$2,674.44","$1,199.50","$1,474.94",PayPal,3.2,No
101040,2024-05-31,Asia Pacific,China,Health & Beauty,Massage Gun,Wholesale,Consumer,Priya Rossi,7,$167.20,$106.74,0%,"$1,170.40",$0.00,"$1,170.40",$747.18,$423.22,Credit Card,3.7,No
101041,2024-06-01,Europe,Germany,Apparel,Wool Sweater,Retail Store,Consumer,Wei Dubois,6,$67.04,$29.54,0%,$402.24,$0.00,$402.24,$177.24,$225.00,Credit Card,3.6,No
101042,2024-06-01,North America,United States,Health & Beauty,Massage Gun,Wholesale,Small Business,Cameron Nakamura,4,$85.11,$36.03,20%,$340.44,$68.09,$272.35,$144.12,$128.23,Bank Transfer,3.2,No
101043,2024-06-01,Europe,United Kingdom,Health & Beauty,Electric Toothbrush,Retail Store,Consumer,Wei Dubois,15,$177.07,$75.51,0%,"$2,656.05",$0.00,"$2,656.05","$1,132.65","$1,523.40",Debit Card,4.0,No
101044,2024-06-01,Latin America,Brazil,Apparel,Sunglasses,Online,Consumer,Priya Rossi,7,$130.24,$69.97,10%,$911.68,$91.17,$820.51,$489.79,$330.72,Credit Card,4.3,No
101045,2024-06-01,North America,United States,Electronics,USB-C Hub,Online,Consumer,Morgan Kim,11,$213.87,$104.47,0%,"$2,352.57",$0.00,"$2,352.57","$1,149.17","$1,203.40",Bank Transfer,5.0,No
101046,2024-06-01,Latin America,Chile,Health & Beauty,Hair Dryer,Wholesale,Consumer,Jamie Johansson,9,$100.69,$47.12,0%,$906.21,$0.00,$906.21,$424.08,$482.13,Credit Card,4.0,No
101047,2024-06-01,Asia Pacific,South Korea,Apparel,Backpack,Wholesale,Consumer,Taylor Patel,3,$59.80,$31.03,0%,$179.40,$0.00,$179.40,$93.09,$86.31,Credit Card,4.3,No
101048,2024-06-02,Europe,United Kingdom,Office Supplies,Ergonomic Chair,Retail Store,Small Business,Alex Reyes,13,$388.95,$200.33,0%,"$5,056.35",$0.00,"$5,056.35","$2,604.29","$2,452.06",PayPal,3.8,No
101049,2024-06-02,North America,Canada,Home & Kitchen,Air Fryer,Wholesale,Consumer,Diego Weber,6,$44.95,$22.36,20%,$269.70,$53.94,$215.76,$134.16,$81.60,Bank Transfer,3.1,Yes
101050,2024-06-02,North America,Mexico,Apparel,Running Shoes,Online,Small Business,Lucas Novak,3,$63.75,$35.64,10%,$191.25,$19.12,$172.13,$106.92,$65.21,Credit Card,4.1,Yes
101051,2024-06-02,North America,Canada,Apparel,Running Shoes,Online,Consumer,Diego Weber,5,$15.06,$7.73,0%,$75.30,$0.00,$75.30,$38.65,$36.65,Debit Card,5.0,No
101052,2024-06-02,Asia Pacific,Australia,Office Supplies,Monitor Arm,Wholesale,Consumer,Drew Okafor,10,$152.89,$82.48,0%,"$1,528.90",$0.00,"$1,528.90",$824.80,$704.10,Credit Card,5.0,No
101053,2024-06-02,Europe,Netherlands,Office Supplies,Notebook Set,Retail Store,Small Business,Noah Santos,4,$101.41,$51.36,10%,$405.64,$40.56,$365.08,$205.44,$159.64,Cash,5.0,No
101054,2024-06-02,Middle East & Africa,Nigeria,Office Supplies,Monitor Arm,Marketplace,Small Business,Sofia Kowalski,18,$171.09,$91.41,0%,"$3,079.62",$0.00,"$3,079.62","$1,645.38","$1,434.24",PayPal,4.6,No
101055,2024-06-02,Europe,Netherlands,Apparel,Wool Sweater,Retail Store,Consumer,Jamie Johansson,1,$68.27,$36.73,0%,$68.27,$0.00,$68.27,$36.73,$31.54,Debit Card,4.3,No
101056,2024-06-02,North America,Canada,Home & Kitchen,Cookware Set,Retail Store,Small Business,Jordan Chen,2,$55.20,$26.74,0%,$110.40,$0.00,$110.40,$53.48,$56.92,Credit Card,4.5,No
101057,2024-06-02,Asia Pacific,Japan,Apparel,Wool Sweater,Retail Store,Small Business,Jamie Johansson,3,$55.42,$24.66,0%,$166.26,$0.00,$166.26,$73.98,$92.28,Debit Card,5.0,No
101058,2024-06-02,Asia Pacific,Japan,Home & Kitchen,Air Fryer,Wholesale,Small Business,Morgan Kim,16,$193.20,$117.81,5%,"$3,091.20",$154.56,"$2,936.64","$1,884.96","$1,051.68",PayPal,3.4,No
101059,2024-06-02,Europe,Spain,Home & Kitchen,Vacuum Cleaner,Online,Consumer,Jordan Chen,1,$191.88,$122.53,0%,$191.88,$0.00,$191.88,$122.53,$69.35,Debit Card,3.8,No
101060,2024-06-02,North America,United States,Apparel,Backpack,Marketplace,Consumer,Taylor Patel,7,$74.99,$46.56,20%,$524.93,$104.99,$419.94,$325.92,$94.02,Credit Card,4.9,No
101061,2024-06-02,North America,Canada,Health & Beauty,Hair Dryer,Retail Store,Small Business,Amara Costa,8,$145.28,$76.53,20%,"$1,162.24",$232.45,$929.79,$612.24,$317.55,Debit Card,4.4,No
101062,2024-06-03,Europe,France,Home & Kitchen,Blender,Online,Enterprise,Lucas Novak,23,$23.86,$12.85,10%,$548.78,$54.88,$493.90,$295.55,$198.35,Credit Card,4.2,No
101063,2024-06-03,Europe,France,Office Supplies,Monitor Arm,Online,Small Business,Morgan Kim,3,$386.44,$248.00,0%,"$1,159.32",$0.00,"$1,159.32",$744.00,$415.32,Credit Card,3.3,No
101064,2024-06-03,North America,Canada,Health & Beauty,Electric Toothbrush,Marketplace,Consumer,Diego Weber,3,$99.08,$43.29,15%,$297.24,$44.59,$252.65,$129.87,$122.78,Bank Transfer,3.9,No
101065,2024-06-03,Latin America,Colombia,Apparel,Backpack,Marketplace,Consumer,Casey Garcia,16,$146.79,$94.72,15%,"$2,348.64",$352.30,"$1,996.34","$1,515.52",$480.82,PayPal,3.4,No
101066,2024-06-03,North America,United States,Office Supplies,Notebook Set,Online,Consumer,Fatima Ahmed,4,$266.20,$137.71,0%,"$1,064.80",$0.00,"$1,064.80",$550.84,$513.96,Credit Card,2.3,No
101067,2024-06-03,Asia Pacific,Singapore,Office Supplies,Desk Organizer,Online,Consumer,Sofia Kowalski,5,$276.59,$134.07,0%,"$1,382.95",$0.00,"$1,382.95",$670.35,$712.60,Credit Card,3.4,No
101068,2024-06-04,Asia Pacific,Singapore,Electronics,Laptop Stand,Online,Enterprise,Elena Lindqvist,13,$195.37,$103.24,0%,"$2,539.81",$0.00,"$2,539.81","$1,342.12","$1,197.69",Credit Card,4.1,No
101069,2024-06-04,Asia Pacific,Japan,Home & Kitchen,Cookware Set,Marketplace,Small Business,Sam Silva,7,$102.39,$52.95,0%,$716.73,$0.00,$716.73,$370.65,$346.08,Debit Card,4.8,No
101070,2024-06-04,North America,Canada,Health & Beauty,Massage Gun,Online,Small Business,Elena Lindqvist,5,$26.49,$15.46,10%,$132.45,$13.24,$119.21,$77.30,$41.91,PayPal,5.0,No
101071,2024-06-04,North America,Canada,Office Supplies,Pen Set,Online,Consumer,Drew Okafor,7,$59.90,$37.85,0%,$419.30,$0.00,$419.30,$264.95,$154.35,Credit Card,4.0,No
101072,2024-06-04,North America,Canada,Electronics,USB-C Hub,Marketplace,Small Business,Jamie Johansson,4,$287.47,$171.73,20%,"$1,149.88",$229.98,$919.90,$686.92,$232.98,Credit Card,3.6,No
101073,2024-06-04,Europe,Spain,Office Supplies,Desk Organizer,Retail Store,Consumer,Drew Okafor,4,$186.58,$85.03,5%,$746.32,$37.32,$709.00,$340.12,$368.88,PayPal,3.8,No
101074,2024-06-04,Asia Pacific,South Korea,Apparel,Sunglasses,Online,Small Business,Priya Rossi,4,$55.08,$31.44,10%,$220.32,$22.03,$198.29,$125.76,$72.53,Debit Card,4.4,No
101075,2024-06-04,North America,Canada,Home & Kitchen,Coffee Maker,Online,Enterprise,Casey Garcia,13,$175.23,$81.74,0%,"$2,277.99",$0.00,"$2,277.99","$1,062.62","$1,215.37",Credit Card,4.2,No
101076,2024-06-04,Latin America,Chile,Office Supplies,Pen Set,Online,Consumer,Noah Santos,3,$280.60,$147.74,0%,$841.80,$0.00,$841.80,$443.22,$398.58,Credit Card,4.2,No
101077,2024-06-04,North America,Canada,Electronics,Laptop Stand,Marketplace,Small Business,Priya Rossi,18,$149.95,$87.46,0%,"$2,699.10",$0.00,"$2,699.10","$1,574.28","$1,124.82",Bank Transfer,3.6,No
101078,2024-06-04,North America,United States,Apparel,Wool Sweater,Marketplace,Consumer,Elena Lindqvist,10,$46.93,$25.79,15%,$469.30,$70.40,$398.90,$257.90,$141.00,Cash,4.0,No
101079,2024-06-05,North America,Mexico,Home & Kitchen,Cookware Set,Online,Consumer,Fatima Ahmed,9,$200.61,$92.55,0%,"$1,805.49",$0.00,"$1,805.49",$832.95,$972.54,Cash,5.0,No
101080,2024-06-05,North America,Mexico,Apparel,Denim Jacket,Online,Consumer,Kenji Haddad,6,$62.15,$27.64,0%,$372.90,$0.00,$372.90,$165.84,$207.06,Debit Card,3.5,No
101081,2024-06-05,Asia Pacific,Singapore,Electronics,Laptop Stand,Retail Store,Small Business,Casey Garcia,3,$74.50,$43.25,0%,$223.50,$0.00,$223.50,$129.75,$93.75,PayPal,3.5,No
101082,2024-06-05,North America,United States,Health & Beauty,Hair Dryer,Retail Store,Small Business,Kenji Haddad,10,$36.13,$14.76,0%,$361.30,$0.00,$361.30,$147.60,$213.70,Credit Card,3.2,No
101083,2024-06-05,North America,Mexico,Health & Beauty,Massage Gun,Wholesale,Consumer,Alex Reyes,1,$120.72,$70.03,5%,$120.72,$6.04,$114.68,$70.03,$44.65,Credit Card,2.9,No
101084,2024-06-05,Asia Pacific,Singapore,Apparel,Sunglasses,Online,Consumer,Elena Lindqvist,3,$114.39,$66.14,0%,$343.17,$0.00,$343.17,$198.42,$144.75,Debit Card,3.5,No
101085,2024-06-05,Asia Pacific,Singapore,Health & Beauty,Fitness Tracker,Marketplace,Consumer,Morgan Kim,9,$64.36,$33.38,5%,$579.24,$28.96,$550.28,$300.42,$249.86,PayPal,3.2,No
101086,2024-06-06,Europe,France,Health & Beauty,Massage Gun,Retail Store,Consumer,Diego Weber,6,$60.01,$35.06,0%,$360.06,$0.00,$360.06,$210.36,$149.70,Credit Card,4.5,No
101087,2024-06-06,North America,Mexico,Home & Kitchen,Toaster,Wholesale,Small Business,Drew Okafor,12,$84.51,$47.98,5%,"$1,014.12",$50.71,$963.41,$575.76,$387.65,Credit Card,3.8,No
101088,2024-06-06,Europe,Spain,Apparel,Backpack,Retail Store,Small Business,Noah Santos,9,$70.23,$43.73,5%,$632.07,$31.60,$600.47,$393.57,$206.90,PayPal,3.9,No
101089,2024-06-07,Asia Pacific,India,Office Supplies,Standing Desk,Retail Store,Enterprise,Alex Reyes,5,$334.68,$162.08,0%,"$1,673.40",$0.00,"$1,673.40",$810.40,$863.00,Credit Card,4.4,Yes
101090,2024-06-07,Europe,Italy,Home & Kitchen,Vacuum Cleaner,Wholesale,Consumer,Elena Lindqvist,4,$143.21,$80.82,0%,$572.84,$0.00,$572.84,$323.28,$249.56,Cash,3.9,Yes
101091,2024-06-07,Asia Pacific,Singapore,Home & Kitchen,Toaster,Retail Store,Consumer,Diego Weber,5,$114.95,$54.87,0%,$574.75,$0.00,$574.75,$274.35,$300.40,Debit Card,3.9,No
101092,2024-06-07,North America,Canada,Health & Beauty,Fitness Tracker,Online,Consumer,Alex Reyes,8,$135.95,$77.51,5%,"$1,087.60",$54.38,"$1,033.22",$620.08,$413.14,Credit Card,3.4,No
101093,2024-06-07,Latin America,Colombia,Apparel,Yoga Pants,Marketplace,Consumer,Riley Muller,1,$31.59,$16.45,0%,$31.59,$0.00,$31.59,$16.45,$15.14,PayPal,3.1,No
101094,2024-06-07,Europe,Netherlands,Health & Beauty,Fitness Tracker,Online,Consumer,Riley Muller,6,$78.72,$33.11,0%,$472.32,$0.00,$472.32,$198.66,$273.66,Cash,2.9,No
101095,2024-06-07,Europe,Netherlands,Apparel,Backpack,Online,Consumer,Sofia Kowalski,8,$67.20,$28.88,0%,$537.60,$0.00,$537.60,$231.04,$306.56,Debit Card,2.7,No
101096,2024-06-08,North America,Canada,Health & Beauty,Electric Toothbrush,Online,Consumer,Alex Reyes,7,$121.20,$62.70,0%,$848.40,$0.00,$848.40,$438.90,$409.50,PayPal,5.0,No
101097,2024-06-08,Europe,United Kingdom,Home & Kitchen,Blender,Online,Consumer,Noah Santos,11,$159.49,$95.47,0%,"$1,754.39",$0.00,"$1,754.39","$1,050.17",$704.22,Credit Card,3.8,No
101098,2024-06-08,North America,Mexico,Electronics,Laptop Stand,Marketplace,Consumer,Jordan Chen,4,$55.35,$29.26,0%,$221.40,$0.00,$221.40,$117.04,$104.36,Credit Card,3.3,No
101099,2024-06-08,Asia Pacific,India,Home & Kitchen,Cookware Set,Retail Store,Small Business,Wei Dubois,6,$126.79,$80.28,0%,$760.74,$0.00,$760.74,$481.68,$279.06,Debit Card,4.3,No
101100,2024-06-08,North America,Canada,Home & Kitchen,Toaster,Marketplace,Consumer,Amara Costa,7,$215.69,$124.14,5%,"$1,509.83",$75.49,"$1,434.34",$868.98,$565.36,Credit Card,4.4,No
101101,2024-06-08,Europe,United Kingdom,Apparel,Yoga Pants,Online,Small Business,Sofia Kowalski,20,$141.19,$85.84,0%,"$2,823.80",$0.00,"$2,823.80","$1,716.80","$1,107.00",Cash,3.1,No
101102,2024-06-08,North America,Canada,Apparel,Backpack,Retail Store,Small Business,Alex Reyes,8,$109.68,$65.85,0%,$877.44,$0.00,$877.44,$526.80,$350.64,Credit Card,4.3,No
101103,2024-06-08,Europe,Italy,Home & Kitchen,Coffee Maker,Online,Consumer,Diego Weber,2,$125.52,$75.41,5%,$251.04,$12.55,$238.49,$150.82,$87.67,Debit Card,4.7,No
101104,2024-06-08,North America,Canada,Health & Beauty,Skincare Set,Online,Small Business,Wei Dubois,3,$164.32,$101.61,0%,$492.96,$0.00,$492.96,$304.83,$188.13,Credit Card,3.0,No
101105,2024-06-09,Asia Pacific,Singapore,Apparel,Running Shoes,Marketplace,Consumer,Diego Weber,6,$30.09,$13.67,10%,$180.54,$18.05,$162.49,$82.02,$80.47,Credit Card,4.2,No
101106,2024-06-09,Europe,Italy,Electronics,Smartwatch,Online,Consumer,Sam Silva,10,$185.09,$91.18,0%,"$1,850.90",$0.00,"$1,850.90",$911.80,$939.10,Credit Card,4.6,Yes
101107,2024-06-09,Asia Pacific,India,Apparel,Running Shoes,Retail Store,Enterprise,Taylor Patel,12,$15.86,$9.03,0%,$190.32,$0.00,$190.32,$108.36,$81.96,Cash,3.7,No
101108,2024-06-09,Middle East & Africa,Saudi Arabia,Apparel,Denim Jacket,Retail Store,Small Business,Sofia Kowalski,7,$51.43,$29.34,0%,$360.01,$0.00,$360.01,$205.38,$154.63,Debit Card,4.0,No
101109,2024-06-09,Europe,Italy,Health & Beauty,Hair Dryer,Online,Consumer,Cameron Nakamura,1,$148.15,$63.81,0%,$148.15,$0.00,$148.15,$63.81,$84.34,Credit Card,4.6,No
101110,2024-06-09,North America,Canada,Electronics,Wireless Earbuds,Retail Store,Consumer,Diego Weber,16,$89.16,$47.75,15%,"$1,426.56",$213.98,"$1,212.58",$764.00,$448.58,Credit Card,4.3,No
101111,2024-06-09,Europe,United Kingdom,Apparel,Sunglasses,Marketplace,Consumer,Riley Muller,8,$64.46,$38.29,0%,$515.68,$0.00,$515.68,$306.32,$209.36,Cash,5.0,No
101112,2024-06-09,Asia Pacific,Singapore,Home & Kitchen,Cookware Set,Online,Consumer,Drew Okafor,9,$208.61,$93.01,20%,"$1,877.49",$375.50,"$1,501.99",$837.09,$664.90,PayPal,3.3,No
101113,2024-06-09,North America,Canada,Home & Kitchen,Coffee Maker,Online,Consumer,Sam Silva,10,$204.66,$99.88,0%,"$2,046.60",$0.00,"$2,046.60",$998.80,"$1,047.80",Debit Card,3.8,No
101114,2024-06-09,North America,Mexico,Office Supplies,Desk Organizer,Retail Store,Consumer,Sofia Kowalski,2,$340.46,$192.01,0%,$680.92,$0.00,$680.92,$384.02,$296.90,Debit Card,5.0,No
101115,2024-06-09,North America,Canada,Home & Kitchen,Toaster,Online,Consumer,Morgan Kim,15,$196.77,$106.81,0%,"$2,951.55",$0.00,"$2,951.55","$1,602.15","$1,349.40",PayPal,3.5,No
101116,2024-06-09,North America,United States,Health & Beauty,Electric Toothbrush,Retail Store,Small Business,Sam Silva,5,$64.36,$28.54,0%,$321.80,$0.00,$321.80,$142.70,$179.10,Credit Card,3.2,No
101117,2024-06-09,Latin America,Brazil,Home & Kitchen,Air Fryer,Retail Store,Consumer,Amara Costa,3,$53.05,$27.93,0%,$159.15,$0.00,$159.15,$83.79,$75.36,Debit Card,4.4,No
101118,2024-06-10,Asia Pacific,Australia,Health & Beauty,Fitness Tracker,Wholesale,Small Business,Fatima Ahmed,8,$141.77,$90.14,0%,"$1,134.16",$0.00,"$1,134.16",$721.12,$413.04,Credit Card,3.2,Yes
101119,2024-06-10,Europe,Netherlands,Office Supplies,Monitor Arm,Retail Store,Small Business,Alex Reyes,8,$207.26,$124.89,0%,"$1,658.08",$0.00,"$1,658.08",$999.12,$658.96,Debit Card,5.0,No
101120,2024-06-10,Latin America,Colombia,Health & Beauty,Fitness Tracker,Retail Store,Small Business,Amara Costa,10,$105.00,$58.60,10%,"$1,050.00",$105.00,$945.00,$586.00,$359.00,Credit Card,3.3,No
101121,2024-06-10,North America,Mexico,Electronics,Smartwatch,Marketplace,Consumer,Taylor Patel,5,$168.58,$83.47,0%,$842.90,$0.00,$842.90,$417.35,$425.55,Credit Card,4.6,No
101122,2024-06-10,Europe,France,Office Supplies,Standing Desk,Online,Small Business,Noah Santos,9,$112.53,$56.57,10%,"$1,012.77",$101.28,$911.49,$509.13,$402.36,Cash,5.0,No
101123,2024-06-10,North America,Mexico,Office Supplies,Ergonomic Chair,Online,Small Business,Morgan Kim,7,$378.69,$183.26,15%,"$2,650.83",$397.62,"$2,253.21","$1,282.82",$970.39,Credit Card,3.6,No
101124,2024-06-10,Asia Pacific,China,Health & Beauty,Yoga Mat,Retail Store,Enterprise,Casey Garcia,13,$75.20,$42.80,20%,$977.60,$195.52,$782.08,$556.40,$225.68,Credit Card,3.8,No
101125,2024-06-10,North America,Mexico,Office Supplies,Standing Desk,Marketplace,Small Business,Fatima Ahmed,7,$16.25,$7.78,0%,$113.75,$0.00,$113.75,$54.46,$59.29,Bank Transfer,4.5,No
101126,2024-06-10,North America,Canada,Health & Beauty,Fitness Tracker,Online,Small Business,Casey Garcia,9,$138.47,$83.89,10%,"$1,246.23",$124.62,"$1,121.61",$755.01,$366.60,Debit Card,3.3,No
101127,2024-06-11,North America,Mexico,Apparel,Running Shoes,Online,Consumer,Morgan Kim,3,$27.61,$14.63,5%,$82.83,$4.14,$78.69,$43.89,$34.80,Credit Card,4.8,No
101128,2024-06-11,Asia Pacific,Australia,Home & Kitchen,Coffee Maker,Online,Small Business,Lucas Novak,21,$157.15,$92.68,0%,"$3,300.15",$0.00,"$3,300.15","$1,946.28","$1,353.87",Debit Card,4.3,No
101129,2024-06-11,Asia Pacific,Japan,Apparel,Yoga Pants,Retail Store,Consumer,Kenji Haddad,6,$46.18,$25.95,0%,$277.08,$0.00,$277.08,$155.70,$121.38,Debit Card,5.0,No
101130,2024-06-11,Europe,Spain,Electronics,Power Bank,Marketplace,Small Business,Morgan Kim,10,$98.25,$58.94,0%,$982.50,$0.00,$982.50,$589.40,$393.10,Credit Card,5.0,No
101131,2024-06-11,Asia Pacific,Singapore,Home & Kitchen,Air Fryer,Retail Store,Consumer,Fatima Ahmed,10,$32.37,$12.95,0%,$323.70,$0.00,$323.70,$129.50,$194.20,Credit Card,4.0,No
101132,2024-06-11,North America,Mexico,Health & Beauty,Massage Gun,Online,Consumer,Priya Rossi,12,$148.64,$76.49,0%,"$1,783.68",$0.00,"$1,783.68",$917.88,$865.80,Credit Card,3.1,No
101133,2024-06-11,North America,Mexico,Apparel,Denim Jacket,Online,Consumer,Priya Rossi,12,$80.26,$34.92,0%,$963.12,$0.00,$963.12,$419.04,$544.08,Debit Card,3.9,No
101134,2024-06-12,Europe,Netherlands,Home & Kitchen,Toaster,Online,Consumer,Jamie Johansson,2,$74.52,$32.65,5%,$149.04,$7.45,$141.59,$65.30,$76.29,Credit Card,3.9,No
101135,2024-06-12,Asia Pacific,Australia,Home & Kitchen,Blender,Marketplace,Consumer,Kenji Haddad,13,$90.23,$46.90,0%,"$1,172.99",$0.00,"$1,172.99",$609.70,$563.29,Debit Card,3.0,No
101136,2024-06-12,North America,United States,Apparel,Running Shoes,Marketplace,Consumer,Casey Garcia,8,$97.90,$46.95,0%,$783.20,$0.00,$783.20,$375.60,$407.60,Credit Card,5.0,No
101137,2024-06-12,Europe,Spain,Health & Beauty,Hair Dryer,Online,Enterprise,Riley Muller,3,$31.52,$13.48,0%,$94.56,$0.00,$94.56,$40.44,$54.12,Debit Card,4.5,No
101138,2024-06-12,Europe,France,Health & Beauty,Yoga Mat,Online,Consumer,Diego Weber,9,$10.20,$4.57,0%,$91.80,$0.00,$91.80,$41.13,$50.67,PayPal,4.0,No
101139,2024-06-12,Europe,United Kingdom,Health & Beauty,Massage Gun,Retail Store,Consumer,Taylor Patel,1,$24.74,$10.21,0%,$24.74,$0.00,$24.74,$10.21,$14.53,Credit Card,3.5,No
101140,2024-06-12,Asia Pacific,China,Electronics,Power Bank,Online,Enterprise,Jordan Chen,8,$69.30,$43.23,0%,$554.40,$0.00,$554.40,$345.84,$208.56,Credit Card,4.1,No
101141,2024-06-13,North America,Canada,Office Supplies,Pen Set,Online,Consumer,Drew Okafor,5,$141.01,$76.02,0%,$705.05,$0.00,$705.05,$380.10,$324.95,Bank Transfer,4.0,No
101142,2024-06-13,North America,Mexico,Electronics,Laptop Stand,Marketplace,Consumer,Sofia Kowalski,7,$307.29,$187.83,0%,"$2,151.03",$0.00,"$2,151.03","$1,314.81",$836.22,Debit Card,4.9,No
101143,2024-06-13,North America,Canada,Apparel,Running Shoes,Wholesale,Consumer,Sofia Kowalski,7,$122.22,$76.44,0%,$855.54,$0.00,$855.54,$535.08,$320.46,Credit Card,3.9,No
101144,2024-06-13,Europe,France,Apparel,Yoga Pants,Online,Small Business,Cameron Nakamura,4,$99.23,$51.85,0%,$396.92,$0.00,$396.92,$207.40,$189.52,PayPal,4.6,No
101145,2024-06-13,North America,United States,Office Supplies,Monitor Arm,Retail Store,Small Business,Cameron Nakamura,6,$157.82,$74.59,5%,$946.92,$47.35,$899.57,$447.54,$452.03,Credit Card,4.3,No
101146,2024-06-13,Asia Pacific,Japan,Electronics,Laptop Stand,Online,Enterprise,Amara Costa,6,$234.01,$148.92,20%,"$1,404.06",$280.81,"$1,123.25",$893.52,$229.73,Credit Card,5.0,Yes
101147,2024-06-13,North America,Canada,Apparel,Sunglasses,Retail Store,Small Business,Fatima Ahmed,9,$104.69,$42.05,15%,$942.21,$141.33,$800.88,$378.45,$422.43,Bank Transfer,4.4,No
101148,2024-06-14,Europe,Spain,Home & Kitchen,Coffee Maker,Wholesale,Small Business,Cameron Nakamura,6,$26.51,$10.72,5%,$159.06,$7.95,$151.11,$64.32,$86.79,Credit Card,4.5,No
101149,2024-06-14,Asia Pacific,Australia,Home & Kitchen,Air Fryer,Online,Consumer,Jamie Johansson,10,$97.03,$59.98,0%,$970.30,$0.00,$970.30,$599.80,$370.50,PayPal,3.7,No
101150,2024-06-14,North America,Canada,Home & Kitchen,Blender,Marketplace,Consumer,Sam Silva,9,$122.31,$60.90,0%,"$1,100.79",$0.00,"$1,100.79",$548.10,$552.69,PayPal,3.8,No
101151,2024-06-14,Asia Pacific,India,Office Supplies,Ergonomic Chair,Retail Store,Consumer,Morgan Kim,6,$209.26,$127.50,0%,"$1,255.56",$0.00,"$1,255.56",$765.00,$490.56,Credit Card,4.2,No
101152,2024-06-14,Europe,France,Electronics,Power Bank,Online,Small Business,Jordan Chen,7,$208.89,$97.46,0%,"$1,462.23",$0.00,"$1,462.23",$682.22,$780.01,Debit Card,5.0,No
101153,2024-06-14,Europe,Germany,Home & Kitchen,Air Fryer,Wholesale,Enterprise,Amara Costa,12,$213.59,$87.99,5%,"$2,563.08",$128.15,"$2,434.93","$1,055.88","$1,379.05",Bank Transfer,3.1,No
101154,2024-06-14,North America,Mexico,Electronics,Bluetooth Speaker,Online,Enterprise,Noah Santos,7,$30.45,$15.63,0%,$213.15,$0.00,$213.15,$109.41,$103.74,Credit Card,5.0,No
101155,2024-06-14,Middle East & Africa,Nigeria,Health & Beauty,Yoga Mat,Online,Consumer,Noah Santos,7,$14.73,$9.27,0%,$103.11,$0.00,$103.11,$64.89,$38.22,Debit Card,4.5,No
101156,2024-06-14,North America,Mexico,Office Supplies,Ergonomic Chair,Retail Store,Enterprise,Taylor Patel,13,$135.43,$83.46,0%,"$1,760.59",$0.00,"$1,760.59","$1,084.98",$675.61,Credit Card,3.4,No
101157,2024-06-15,Middle East & Africa,Nigeria,Apparel,Sunglasses,Online,Consumer,Noah Santos,6,$20.23,$8.17,10%,$121.38,$12.14,$109.24,$49.02,$60.22,PayPal,5.0,No
101158,2024-06-15,Europe,France,Home & Kitchen,Toaster,Online,Enterprise,Priya Rossi,2,$122.08,$62.89,10%,$244.16,$24.42,$219.74,$125.78,$93.96,Credit Card,3.6,No
101159,2024-06-15,Europe,France,Health & Beauty,Skincare Set,Marketplace,Small Business,Fatima Ahmed,7,$29.78,$12.79,0%,$208.46,$0.00,$208.46,$89.53,$118.93,Credit Card,4.1,No
101160,2024-06-15,Europe,Italy,Apparel,Sunglasses,Online,Small Business,Fatima Ahmed,8,$101.68,$51.51,0%,$813.44,$0.00,$813.44,$412.08,$401.36,Credit Card,2.9,No
101161,2024-06-15,North America,United States,Office Supplies,Pen Set,Retail Store,Small Business,Jordan Chen,7,$195.13,$104.23,10%,"$1,365.91",$136.59,"$1,229.32",$729.61,$499.71,Credit Card,4.8,No
101162,2024-06-15,Europe,Netherlands,Home & Kitchen,Cookware Set,Marketplace,Consumer,Noah Santos,10,$36.55,$18.70,0%,$365.50,$0.00,$365.50,$187.00,$178.50,Bank Transfer,4.4,No
101163,2024-06-16,Middle East & Africa,Nigeria,Home & Kitchen,Cookware Set,Marketplace,Consumer,Taylor Patel,2,$101.97,$49.60,20%,$203.94,$40.79,$163.15,$99.20,$63.95,Debit Card,4.6,No
101164,2024-06-16,Europe,United Kingdom,Health & Beauty,Skincare Set,Online,Small Business,Jamie Johansson,6,$43.96,$25.63,0%,$263.76,$0.00,$263.76,$153.78,$109.98,Bank Transfer,4.1,Yes
101165,2024-06-16,Europe,Italy,Apparel,Denim Jacket,Retail Store,Consumer,Lucas Novak,7,$90.12,$47.74,0%,$630.84,$0.00,$630.84,$334.18,$296.66,Credit Card,4.5,No
101166,2024-06-16,North America,Mexico,Home & Kitchen,Coffee Maker,Online,Small Business,Jordan Chen,5,$66.21,$30.84,0%,$331.05,$0.00,$331.05,$154.20,$176.85,Cash,4.3,Yes
101167,2024-06-16,Latin America,Colombia,Apparel,Running Shoes,Wholesale,Consumer,Noah Santos,6,$53.60,$31.54,20%,$321.60,$64.32,$257.28,$189.24,$68.04,Credit Card,4.1,No
101168,2024-06-16,Europe,Spain,Electronics,Power Bank,Retail Store,Small Business,Cameron Nakamura,8,$139.70,$75.88,0%,"$1,117.60",$0.00,"$1,117.60",$607.04,$510.56,Bank Transfer,4.9,No
101169,2024-06-16,Middle East & Africa,Saudi Arabia,Apparel,Backpack,Online,Small Business,Noah Santos,8,$71.42,$28.91,10%,$571.36,$57.14,$514.22,$231.28,$282.94,PayPal,4.6,No
101170,2024-06-17,North America,Canada,Apparel,Sunglasses,Marketplace,Consumer,Morgan Kim,4,$47.75,$21.42,0%,$191.00,$0.00,$191.00,$85.68,$105.32,Credit Card,5.0,No
101171,2024-06-17,Asia Pacific,Singapore,Apparel,Yoga Pants,Online,Consumer,Wei Dubois,8,$144.07,$64.52,0%,"$1,152.56",$0.00,"$1,152.56",$516.16,$636.40,Credit Card,4.8,No
101172,2024-06-18,Europe,Spain,Electronics,Laptop Stand,Retail Store,Small Business,Kenji Haddad,9,$226.02,$132.35,0%,"$2,034.18",$0.00,"$2,034.18","$1,191.15",$843.03,Credit Card,4.6,No
101173,2024-06-18,Europe,Germany,Office Supplies,Pen Set,Wholesale,Small Business,Noah Santos,2,$249.45,$120.49,5%,$498.90,$24.94,$473.96,$240.98,$232.98,Credit Card,3.8,Yes
101174,2024-06-18,Asia Pacific,Singapore,Electronics,Wireless Earbuds,Retail Store,Consumer,Taylor Patel,15,$342.78,$216.61,0%,"$5,141.70",$0.00,"$5,141.70","$3,249.15","$1,892.55",PayPal,3.6,No
101175,2024-06-18,Asia Pacific,India,Office Supplies,Pen Set,Retail Store,Consumer,Cameron Nakamura,12,$237.93,$139.89,5%,"$2,855.16",$142.76,"$2,712.40","$1,678.68","$1,033.72",Bank Transfer,5.0,No
101176,2024-06-18,North America,Mexico,Office Supplies,Standing Desk,Online,Consumer,Alex Reyes,7,$21.42,$12.18,0%,$149.94,$0.00,$149.94,$85.26,$64.68,Credit Card,3.9,No
101177,2024-06-18,North America,United States,Office Supplies,Pen Set,Retail Store,Consumer,Amara Costa,3,$173.57,$100.44,0%,$520.71,$0.00,$520.71,$301.32,$219.39,Credit Card,4.2,No
101178,2024-06-18,North America,Canada,Electronics,Smartwatch,Marketplace,Consumer,Jamie Johansson,9,$228.79,$145.09,0%,"$2,059.11",$0.00,"$2,059.11","$1,305.81",$753.30,PayPal,3.3,No
101179,2024-06-18,North America,Mexico,Home & Kitchen,Toaster,Retail Store,Consumer,Sam Silva,9,$71.17,$30.60,5%,$640.53,$32.03,$608.50,$275.40,$333.10,Credit Card,3.9,No
101180,2024-06-19,North America,United States,Apparel,Yoga Pants,Retail Store,Consumer,Taylor Patel,9,$89.18,$36.20,0%,$802.62,$0.00,$802.62,$325.80,$476.82,Bank Transfer,4.6,No
101181,2024-06-19,Latin America,Colombia,Office Supplies,Desk Organizer,Retail Store,Consumer,Riley Muller,10,$369.10,$219.79,10%,"$3,691.00",$369.10,"$3,321.90","$2,197.90","$1,124.00",Credit Card,5.0,No
101182,2024-06-19,Latin America,Brazil,Home & Kitchen,Cookware Set,Retail Store,Consumer,Elena Lindqvist,6,$173.20,$80.11,10%,"$1,039.20",$103.92,$935.28,$480.66,$454.62,Bank Transfer,3.8,No
101183,2024-06-19,North America,United States,Office Supplies,Notebook Set,Retail Store,Consumer,Drew Okafor,7,$280.32,$124.93,20%,"$1,962.24",$392.45,"$1,569.79",$874.51,$695.28,PayPal,3.9,No
101184,2024-06-19,Asia Pacific,Singapore,Health & Beauty,Yoga Mat,Online,Small Business,Cameron Nakamura,4,$128.85,$74.94,0%,$515.40,$0.00,$515.40,$299.76,$215.64,Credit Card,5.0,No
101185,2024-06-20,North America,Mexico,Home & Kitchen,Air Fryer,Online,Consumer,Priya Rossi,13,$51.77,$29.75,0%,$673.01,$0.00,$673.01,$386.75,$286.26,Credit Card,5.0,No
101186,2024-06-20,Asia Pacific,Japan,Health & Beauty,Hair Dryer,Online,Consumer,Jordan Chen,13,$107.45,$63.26,15%,"$1,396.85",$209.53,"$1,187.32",$822.38,$364.94,Credit Card,3.6,No
101187,2024-06-20,Asia Pacific,Singapore,Electronics,Smartwatch,Marketplace,Consumer,Wei Dubois,16,$214.28,$98.62,0%,"$3,428.48",$0.00,"$3,428.48","$1,577.92","$1,850.56",Debit Card,4.6,No
101188,2024-06-20,Asia Pacific,China,Apparel,Running Shoes,Marketplace,Consumer,Jamie Johansson,4,$117.87,$68.05,0%,$471.48,$0.00,$471.48,$272.20,$199.28,Credit Card,3.7,No
101189,2024-06-20,Latin America,Colombia,Health & Beauty,Yoga Mat,Online,Consumer,Priya Rossi,7,$149.02,$90.17,0%,"$1,043.14",$0.00,"$1,043.14",$631.19,$411.95,Credit Card,4.1,No
101190,2024-06-20,Latin America,Chile,Health & Beauty,Electric Toothbrush,Wholesale,Consumer,Fatima Ahmed,8,$59.00,$31.34,20%,$472.00,$94.40,$377.60,$250.72,$126.88,Credit Card,3.4,No
101191,2024-06-20,Asia Pacific,South Korea,Home & Kitchen,Toaster,Marketplace,Enterprise,Diego Weber,3,$70.91,$30.22,0%,$212.73,$0.00,$212.73,$90.66,$122.07,Debit Card,3.8,No
101192,2024-06-21,North America,Mexico,Home & Kitchen,Vacuum Cleaner,Retail Store,Consumer,Amara Costa,19,$109.86,$62.56,0%,"$2,087.34",$0.00,"$2,087.34","$1,188.64",$898.70,Debit Card,4.3,No
101193,2024-06-21,North America,Canada,Health & Beauty,Electric Toothbrush,Marketplace,Consumer,Sam Silva,1,$63.40,$39.79,0%,$63.40,$0.00,$63.40,$39.79,$23.61,Bank Transfer,4.4,No
101194,2024-06-21,Europe,United Kingdom,Office Supplies,Notebook Set,Marketplace,Consumer,Noah Santos,3,$46.48,$25.71,20%,$139.44,$27.89,$111.55,$77.13,$34.42,Debit Card,3.7,No
101195,2024-06-21,Europe,United Kingdom,Apparel,Backpack,Retail Store,Consumer,Riley Muller,6,$92.49,$44.97,0%,$554.94,$0.00,$554.94,$269.82,$285.12,Credit Card,4.4,No
101196,2024-06-21,North America,Mexico,Health & Beauty,Massage Gun,Wholesale,Enterprise,Drew Okafor,7,$37.21,$15.35,0%,$260.47,$0.00,$260.47,$107.45,$153.02,Debit Card,5.0,No
101197,2024-06-21,Latin America,Brazil,Office Supplies,Desk Organizer,Online,Consumer,Elena Lindqvist,14,$120.75,$73.51,0%,"$1,690.50",$0.00,"$1,690.50","$1,029.14",$661.36,PayPal,3.3,No
101198,2024-06-21,North America,Canada,Home & Kitchen,Blender,Retail Store,Consumer,Diego Weber,9,$210.75,$91.71,0%,"$1,896.75",$0.00,"$1,896.75",$825.39,"$1,071.36",Bank Transfer,3.9,No
101199,2024-06-21,Asia Pacific,Singapore,Home & Kitchen,Air Fryer,Online,Enterprise,Priya Rossi,9,$88.35,$37.00,0%,$795.15,$0.00,$795.15,$333.00,$462.15,Credit Card,4.5,No
101200,2024-06-21,Asia Pacific,India,Office Supplies,Desk Organizer,Online,Consumer,Riley Muller,15,$206.71,$105.73,10%,"$3,100.65",$310.07,"$2,790.58","$1,585.95","$1,204.63",Credit Card,3.7,No
101201,2024-06-22,Asia Pacific,Japan,Home & Kitchen,Cookware Set,Online,Consumer,Noah Santos,6,$167.78,$85.53,0%,"$1,006.68",$0.00,"$1,006.68",$513.18,$493.50,Credit Card,2.3,No
101202,2024-06-22,North America,United States,Health & Beauty,Hair Dryer,Online,Consumer,Fatima Ahmed,5,$65.97,$33.19,0%,$329.85,$0.00,$329.85,$165.95,$163.90,Bank Transfer,4.4,No
101203,2024-06-22,North America,United States,Home & Kitchen,Blender,Online,Enterprise,Sam Silva,4,$168.44,$73.25,0%,$673.76,$0.00,$673.76,$293.00,$380.76,Bank Transfer,3.6,No
101204,2024-06-23,Middle East & Africa,South Africa,Office Supplies,Monitor Arm,Online,Consumer,Jamie Johansson,5,$376.29,$184.44,0%,"$1,881.45",$0.00,"$1,881.45",$922.20,$959.25,Debit Card,4.9,No
101205,2024-06-23,Asia Pacific,Japan,Office Supplies,Pen Set,Online,Consumer,Casey Garcia,7,$378.60,$238.04,0%,"$2,650.20",$0.00,"$2,650.20","$1,666.28",$983.92,Debit Card,3.7,No
101206,2024-06-23,North America,Mexico,Office Supplies,Pen Set,Retail Store,Consumer,Noah Santos,2,$146.46,$63.12,0%,$292.92,$0.00,$292.92,$126.24,$166.68,Credit Card,3.9,No
101207,2024-06-23,Europe,United Kingdom,Home & Kitchen,Air Fryer,Retail Store,Small Business,Fatima Ahmed,4,$206.29,$101.02,20%,$825.16,$165.03,$660.13,$404.08,$256.05,Credit Card,4.1,No
101208,2024-06-23,North America,Canada,Health & Beauty,Electric Toothbrush,Online,Small Business,Noah Santos,10,$118.13,$53.91,0%,"$1,181.30",$0.00,"$1,181.30",$539.10,$642.20,Credit Card,5.0,No
101209,2024-06-23,Latin America,Chile,Electronics,Power Bank,Online,Consumer,Riley Muller,2,$70.66,$37.27,0%,$141.32,$0.00,$141.32,$74.54,$66.78,Credit Card,2.7,No
101210,2024-06-23,North America,Mexico,Office Supplies,Standing Desk,Online,Enterprise,Noah Santos,10,$112.44,$55.85,10%,"$1,124.40",$112.44,"$1,011.96",$558.50,$453.46,Credit Card,3.5,No
101211,2024-06-24,Asia Pacific,India,Office Supplies,Ergonomic Chair,Online,Consumer,Sofia Kowalski,5,$186.75,$95.03,0%,$933.75,$0.00,$933.75,$475.15,$458.60,Credit Card,4.4,No
101212,2024-06-24,Europe,United Kingdom,Office Supplies,Monitor Arm,Retail Store,Small Business,Jordan Chen,6,$84.29,$54.38,5%,$505.74,$25.29,$480.45,$326.28,$154.17,Credit Card,3.8,No
101213,2024-06-24,North America,Mexico,Apparel,Sunglasses,Retail Store,Consumer,Lucas Novak,6,$20.02,$10.35,5%,$120.12,$6.01,$114.11,$62.10,$52.01,Credit Card,3.7,No
101214,2024-06-24,Latin America,Argentina,Electronics,USB-C Hub,Retail Store,Consumer,Lucas Novak,3,$202.95,$88.64,15%,$608.85,$91.33,$517.52,$265.92,$251.60,Debit Card,4.7,No
101215,2024-06-25,North America,United States,Electronics,Bluetooth Speaker,Online,Consumer,Morgan Kim,6,$284.95,$116.95,0%,"$1,709.70",$0.00,"$1,709.70",$701.70,"$1,008.00",Cash,5.0,No
101216,2024-06-25,Europe,Germany,Apparel,Yoga Pants,Marketplace,Consumer,Morgan Kim,9,$112.37,$53.78,5%,"$1,011.33",$50.57,$960.76,$484.02,$476.74,Bank Transfer,3.0,No
101217,2024-06-25,North America,Canada,Health & Beauty,Massage Gun,Retail Store,Small Business,Lucas Novak,6,$151.75,$93.08,0%,$910.50,$0.00,$910.50,$558.48,$352.02,Debit Card,4.1,No
101218,2024-06-25,North America,Canada,Electronics,Wireless Earbuds,Marketplace,Consumer,Priya Rossi,10,$254.68,$150.62,0%,"$2,546.80",$0.00,"$2,546.80","$1,506.20","$1,040.60",PayPal,4.4,No
101219,2024-06-25,North America,Mexico,Health & Beauty,Massage Gun,Retail Store,Consumer,Jamie Johansson,8,$168.82,$93.80,10%,"$1,350.56",$135.06,"$1,215.50",$750.40,$465.10,PayPal,4.4,No
101220,2024-06-25,Europe,Germany,Electronics,Wireless Earbuds,Online,Consumer,Drew Okafor,3,$147.07,$83.46,0%,$441.21,$0.00,$441.21,$250.38,$190.83,Bank Transfer,2.6,No
101221,2024-06-26,Asia Pacific,Singapore,Home & Kitchen,Cookware Set,Online,Consumer,Casey Garcia,10,$50.63,$29.58,10%,$506.30,$50.63,$455.67,$295.80,$159.87,Credit Card,3.8,No
101222,2024-06-26,Latin America,Colombia,Apparel,Wool Sweater,Marketplace,Enterprise,Lucas Novak,8,$97.36,$51.04,0%,$778.88,$0.00,$778.88,$408.32,$370.56,Credit Card,4.4,No
101223,2024-06-26,Europe,Netherlands,Apparel,Sunglasses,Marketplace,Small Business,Cameron Nakamura,10,$30.45,$18.10,0%,$304.50,$0.00,$304.50,$181.00,$123.50,Credit Card,4.2,No
101224,2024-06-26,North America,United States,Health & Beauty,Electric Toothbrush,Retail Store,Consumer,Drew Okafor,31,$152.51,$64.14,0%,"$4,727.81",$0.00,"$4,727.81","$1,988.34","$2,739.47",Bank Transfer,3.7,No
101225,2024-06-26,Asia Pacific,Australia,Home & Kitchen,Toaster,Retail Store,Consumer,Morgan Kim,5,$209.26,$94.26,20%,"$1,046.30",$209.26,$837.04,$471.30,$365.74,Credit Card,3.6,No
101226,2024-06-26,North America,United States,Home & Kitchen,Air Fryer,Retail Store,Consumer,Priya Rossi,13,$101.84,$58.97,0%,"$1,323.92",$0.00,"$1,323.92",$766.61,$557.31,PayPal,3.6,No
101227,2024-06-26,Middle East & Africa,UAE,Apparel,Running Shoes,Online,Consumer,Drew Okafor,4,$81.55,$52.62,20%,$326.20,$65.24,$260.96,$210.48,$50.48,Credit Card,3.9,No
101228,2024-06-27,North America,Mexico,Office Supplies,Standing Desk,Retail Store,Consumer,Lucas Novak,4,$180.81,$77.43,5%,$723.24,$36.16,$687.08,$309.72,$377.36,PayPal,4.4,No
101229,2024-06-27,Asia Pacific,Japan,Health & Beauty,Yoga Mat,Online,Consumer,Wei Dubois,17,$27.41,$17.56,0%,$465.97,$0.00,$465.97,$298.52,$167.45,Debit Card,4.6,No
101230,2024-06-27,Europe,Spain,Office Supplies,Notebook Set,Online,Consumer,Jamie Johansson,16,$25.74,$10.93,15%,$411.84,$61.78,$350.06,$174.88,$175.18,Debit Card,4.6,No
101231,2024-06-27,North America,Canada,Office Supplies,Standing Desk,Marketplace,Consumer,Sam Silva,12,$145.53,$82.52,0%,"$1,746.36",$0.00,"$1,746.36",$990.24,$756.12,Debit Card,4.7,No
101232,2024-06-27,Asia Pacific,South Korea,Health & Beauty,Skincare Set,Online,Enterprise,Riley Muller,3,$55.35,$31.81,0%,$166.05,$0.00,$166.05,$95.43,$70.62,Cash,5.0,No
101233,2024-06-28,North America,Canada,Home & Kitchen,Coffee Maker,Online,Small Business,Morgan Kim,5,$152.84,$62.76,0%,$764.20,$0.00,$764.20,$313.80,$450.40,PayPal,4.4,No
101234,2024-06-28,North America,Mexico,Apparel,Wool Sweater,Online,Consumer,Noah Santos,2,$143.96,$91.31,20%,$287.92,$57.58,$230.34,$182.62,$47.72,Cash,3.9,No
101235,2024-06-28,Latin America,Colombia,Health & Beauty,Skincare Set,Online,Small Business,Sofia Kowalski,4,$151.25,$77.35,0%,$605.00,$0.00,$605.00,$309.40,$295.60,PayPal,4.1,No
101236,2024-06-29,Middle East & Africa,Nigeria,Health & Beauty,Skincare Set,Retail Store,Consumer,Jamie Johansson,9,$138.81,$57.52,0%,"$1,249.29",$0.00,"$1,249.29",$517.68,$731.61,Bank Transfer,4.5,No
101237,2024-06-29,Asia Pacific,India,Home & Kitchen,Coffee Maker,Wholesale,Small Business,Alex Reyes,8,$163.56,$79.37,0%,"$1,308.48",$0.00,"$1,308.48",$634.96,$673.52,Credit Card,3.9,No
101238,2024-06-29,North America,United States,Home & Kitchen,Air Fryer,Online,Small Business,Priya Rossi,4,$78.32,$46.28,0%,$313.28,$0.00,$313.28,$185.12,$128.16,PayPal,4.3,No
101239,2024-06-29,North America,United States,Electronics,Bluetooth Speaker,Online,Small Business,Morgan Kim,17,$143.00,$79.57,20%,"$2,431.00",$486.20,"$1,944.80","$1,352.69",$592.11,PayPal,3.9,No
101240,2024-06-30,Europe,Germany,Apparel,Yoga Pants,Online,Consumer,Alex Reyes,2,$70.21,$33.33,0%,$140.42,$0.00,$140.42,$66.66,$73.76,Credit Card,5.0,No
101241,2024-06-30,Europe,Italy,Home & Kitchen,Toaster,Wholesale,Consumer,Diego Weber,13,$215.97,$108.99,0%,"$2,807.61",$0.00,"$2,807.61","$1,416.87","$1,390.74",Debit Card,3.9,No
101242,2024-06-30,Europe,France,Office Supplies,Ergonomic Chair,Marketplace,Small Business,Elena Lindqvist,2,$284.29,$122.62,0%,$568.58,$0.00,$568.58,$245.24,$323.34,Debit Card,4.9,No
101243,2024-06-30,North America,United States,Office Supplies,Monitor Arm,Online,Consumer,Sofia Kowalski,13,$82.97,$46.06,0%,"$1,078.61",$0.00,"$1,078.61",$598.78,$479.83,Cash,4.1,No
101244,2024-06-30,Europe,Spain,Apparel,Running Shoes,Online,Consumer,Priya Rossi,9,$47.26,$19.71,15%,$425.34,$63.80,$361.54,$177.39,$184.15,Debit Card,4.5,No
101245,2024-06-30,North America,United States,Home & Kitchen,Cookware Set,Online,Consumer,Priya Rossi,5,$196.52,$79.56,0%,$982.60,$0.00,$982.60,$397.80,$584.80,Credit Card,5.0,No
101246,2024-06-30,Latin America,Chile,Home & Kitchen,Vacuum Cleaner,Marketplace,Consumer,Kenji Haddad,16,$75.12,$41.63,0%,"$1,201.92",$0.00,"$1,201.92",$666.08,$535.84,Credit Card,4.2,No
101247,2024-06-30,Asia Pacific,Japan,Home & Kitchen,Vacuum Cleaner,Wholesale,Small Business,Sofia Kowalski,9,$121.46,$50.29,0%,"$1,093.14",$0.00,"$1,093.14",$452.61,$640.53,PayPal,5.0,No
101248,2024-06-30,North America,Mexico,Health & Beauty,Fitness Tracker,Marketplace,Consumer,Wei Dubois,5,$98.22,$40.25,5%,$491.10,$24.56,$466.54,$201.25,$265.29,Bank Transfer,4.7,No
101249,2024-07-01,North America,Mexico,Home & Kitchen,Air Fryer,Online,Small Business,Kenji Haddad,5,$183.97,$90.65,0%,$919.85,$0.00,$919.85,$453.25,$466.60,Credit Card,3.4,No
101250,2024-07-01,North America,Mexico,Apparel,Backpack,Online,Small Business,Alex Reyes,11,$96.69,$52.09,15%,"$1,063.59",$159.54,$904.05,$572.99,$331.06,PayPal,3.6,No
101251,2024-07-01,Europe,Spain,Apparel,Wool Sweater,Online,Consumer,Sofia Kowalski,6,$80.60,$46.90,0%,$483.60,$0.00,$483.60,$281.40,$202.20,Debit Card,4.7,No
101252,2024-07-01,Asia Pacific,South Korea,Office Supplies,Pen Set,Marketplace,Consumer,Jordan Chen,11,$173.61,$103.78,0%,"$1,909.71",$0.00,"$1,909.71","$1,141.58",$768.13,Credit Card,4.2,No
101253,2024-07-01,Europe,France,Health & Beauty,Fitness Tracker,Online,Consumer,Wei Dubois,11,$29.80,$18.99,5%,$327.80,$16.39,$311.41,$208.89,$102.52,PayPal,5.0,No
101254,2024-07-01,North America,Mexico,Home & Kitchen,Vacuum Cleaner,Retail Store,Small Business,Amara Costa,4,$68.53,$33.94,0%,$274.12,$0.00,$274.12,$135.76,$138.36,Credit Card,4.3,No
101255,2024-07-01,Latin America,Brazil,Health & Beauty,Skincare Set,Online,Small Business,Casey Garcia,17,$41.29,$20.42,0%,$701.93,$0.00,$701.93,$347.14,$354.79,PayPal,4.8,No
101256,2024-07-01,Middle East & Africa,Nigeria,Health & Beauty,Massage Gun,Marketplace,Enterprise,Drew Okafor,15,$67.08,$27.44,0%,"$1,006.20",$0.00,"$1,006.20",$411.60,$594.60,Credit Card,3.1,No
101257,2024-07-01,North America,United States,Home & Kitchen,Coffee Maker,Marketplace,Consumer,Drew Okafor,11,$95.31,$53.40,0%,"$1,048.41",$0.00,"$1,048.41",$587.40,$461.01,PayPal,3.6,No
101258,2024-07-01,North America,United States,Home & Kitchen,Blender,Online,Small Business,Priya Rossi,5,$118.32,$63.76,0%,$591.60,$0.00,$591.60,$318.80,$272.80,Debit Card,3.6,No
101259,2024-07-02,North America,Canada,Apparel,Wool Sweater,Online,Consumer,Taylor Patel,8,$16.08,$8.78,0%,$128.64,$0.00,$128.64,$70.24,$58.40,Credit Card,5.0,No
101260,2024-07-02,Middle East & Africa,UAE,Home & Kitchen,Blender,Marketplace,Consumer,Kenji Haddad,2,$36.35,$22.93,0%,$72.70,$0.00,$72.70,$45.86,$26.84,Bank Transfer,3.6,No
101261,2024-07-02,Asia Pacific,Australia,Home & Kitchen,Vacuum Cleaner,Marketplace,Consumer,Sofia Kowalski,21,$199.11,$81.97,10%,"$4,181.31",$418.13,"$3,763.18","$1,721.37","$2,041.81",Debit Card,4.0,No
101262,2024-07-02,North America,United States,Electronics,Wireless Earbuds,Online,Small Business,Elena Lindqvist,1,$180.76,$110.62,0%,$180.76,$0.00,$180.76,$110.62,$70.14,Bank Transfer,4.6,No
101263,2024-07-02,Europe,France,Apparel,Yoga Pants,Marketplace,Small Business,Elena Lindqvist,14,$129.56,$62.05,0%,"$1,813.84",$0.00,"$1,813.84",$868.70,$945.14,Debit Card,3.5,Yes
101264,2024-07-02,North America,United States,Apparel,Yoga Pants,Online,Small Business,Wei Dubois,15,$122.70,$67.38,0%,"$1,840.50",$0.00,"$1,840.50","$1,010.70",$829.80,Credit Card,4.0,No
101265,2024-07-03,North America,Canada,Apparel,Yoga Pants,Marketplace,Small Business,Diego Weber,4,$61.52,$33.05,0%,$246.08,$0.00,$246.08,$132.20,$113.88,Credit Card,3.6,No
101266,2024-07-03,North America,Canada,Health & Beauty,Hair Dryer,Online,Consumer,Cameron Nakamura,5,$68.11,$36.16,0%,$340.55,$0.00,$340.55,$180.80,$159.75,PayPal,5.0,No
101267,2024-07-03,North America,Canada,Office Supplies,Pen Set,Wholesale,Consumer,Wei Dubois,2,$323.01,$153.85,0%,$646.02,$0.00,$646.02,$307.70,$338.32,PayPal,2.6,No
101268,2024-07-03,Asia Pacific,South Korea,Apparel,Sunglasses,Wholesale,Small Business,Drew Okafor,4,$58.07,$32.34,10%,$232.28,$23.23,$209.05,$129.36,$79.69,PayPal,3.1,No
101269,2024-07-04,Europe,France,Health & Beauty,Fitness Tracker,Retail Store,Consumer,Noah Santos,8,$131.55,$59.35,5%,"$1,052.40",$52.62,$999.78,$474.80,$524.98,Credit Card,5.0,No
101270,2024-07-04,North America,Mexico,Apparel,Wool Sweater,Retail Store,Consumer,Kenji Haddad,10,$66.55,$36.84,0%,$665.50,$0.00,$665.50,$368.40,$297.10,Credit Card,4.1,No
101271,2024-07-04,Latin America,Brazil,Health & Beauty,Skincare Set,Marketplace,Small Business,Elena Lindqvist,9,$176.16,$106.16,0%,"$1,585.44",$0.00,"$1,585.44",$955.44,$630.00,PayPal,4.1,Yes
101272,2024-07-05,North America,Mexico,Home & Kitchen,Coffee Maker,Retail Store,Consumer,Drew Okafor,6,$134.74,$77.93,0%,$808.44,$0.00,$808.44,$467.58,$340.86,Debit Card,3.9,No
101273,2024-07-05,Asia Pacific,Australia,Electronics,Smartwatch,Online,Consumer,Lucas Novak,10,$183.47,$118.16,10%,"$1,834.70",$183.47,"$1,651.23","$1,181.60",$469.63,PayPal,4.2,No
101274,2024-07-05,Europe,Spain,Apparel,Sunglasses,Online,Consumer,Sam Silva,21,$77.04,$49.18,0%,"$1,617.84",$0.00,"$1,617.84","$1,032.78",$585.06,Credit Card,5.0,No
101275,2024-07-05,Europe,United Kingdom,Health & Beauty,Massage Gun,Retail Store,Enterprise,Diego Weber,7,$8.52,$4.32,0%,$59.64,$0.00,$59.64,$30.24,$29.40,Credit Card,4.1,No
101276,2024-07-05,Europe,Netherlands,Office Supplies,Ergonomic Chair,Online,Enterprise,Kenji Haddad,12,$28.96,$15.19,0%,$347.52,$0.00,$347.52,$182.28,$165.24,Debit Card,4.0,No
101277,2024-07-06,Latin America,Argentina,Electronics,Laptop Stand,Marketplace,Consumer,Lucas Novak,13,$232.68,$108.33,15%,"$3,024.84",$453.73,"$2,571.11","$1,408.29","$1,162.82",Cash,3.1,No
101278,2024-07-06,Latin America,Argentina,Office Supplies,Notebook Set,Online,Consumer,Morgan Kim,4,$198.23,$113.13,10%,$792.92,$79.29,$713.63,$452.52,$261.11,Credit Card,5.0,No
101279,2024-07-06,North America,Canada,Health & Beauty,Yoga Mat,Retail Store,Small Business,Noah Santos,7,$119.73,$70.36,5%,$838.11,$41.91,$796.20,$492.52,$303.68,Debit Card,3.8,No
101280,2024-07-06,Europe,United Kingdom,Health & Beauty,Fitness Tracker,Online,Enterprise,Wei Dubois,9,$125.18,$71.79,0%,"$1,126.62",$0.00,"$1,126.62",$646.11,$480.51,Bank Transfer,3.9,No
101281,2024-07-06,Asia Pacific,Australia,Office Supplies,Ergonomic Chair,Online,Enterprise,Fatima Ahmed,1,$277.57,$164.25,0%,$277.57,$0.00,$277.57,$164.25,$113.32,Credit Card,4.9,No
101282,2024-07-06,Europe,France,Electronics,USB-C Hub,Online,Consumer,Wei Dubois,13,$205.05,$83.86,0%,"$2,665.65",$0.00,"$2,665.65","$1,090.18","$1,575.47",Credit Card,4.1,No
101283,2024-07-06,Asia Pacific,Japan,Office Supplies,Standing Desk,Wholesale,Consumer,Amara Costa,3,$193.45,$113.63,5%,$580.35,$29.02,$551.33,$340.89,$210.44,Credit Card,4.3,No
101284,2024-07-06,North America,Mexico,Health & Beauty,Skincare Set,Online,Small Business,Priya Rossi,16,$116.79,$54.98,0%,"$1,868.64",$0.00,"$1,868.64",$879.68,$988.96,Credit Card,5.0,No
101285,2024-07-06,North America,United States,Home & Kitchen,Vacuum Cleaner,Wholesale,Consumer,Sam Silva,8,$25.30,$10.88,0%,$202.40,$0.00,$202.40,$87.04,$115.36,Cash,4.5,No
101286,2024-07-06,Europe,France,Apparel,Backpack,Retail Store,Consumer,Kenji Haddad,8,$25.90,$14.13,0%,$207.20,$0.00,$207.20,$113.04,$94.16,Bank Transfer,4.1,No
101287,2024-07-06,Asia Pacific,South Korea,Home & Kitchen,Cookware Set,Online,Consumer,Cameron Nakamura,4,$157.44,$72.37,0%,$629.76,$0.00,$629.76,$289.48,$340.28,Bank Transfer,5.0,No
101288,2024-07-07,Europe,United Kingdom,Office Supplies,Pen Set,Retail Store,Consumer,Lucas Novak,6,$30.82,$16.37,5%,$184.92,$9.25,$175.67,$98.22,$77.45,PayPal,4.5,No
101289,2024-07-07,North America,Canada,Apparel,Sunglasses,Marketplace,Enterprise,Kenji Haddad,10,$78.84,$43.37,5%,$788.40,$39.42,$748.98,$433.70,$315.28,Credit Card,5.0,No
101290,2024-07-07,Asia Pacific,Singapore,Electronics,Smartwatch,Online,Small Business,Amara Costa,9,$274.13,$167.79,15%,"$2,467.17",$370.08,"$2,097.09","$1,510.11",$586.98,Debit Card,3.8,No
101291,2024-07-08,Asia Pacific,Australia,Office Supplies,Monitor Arm,Online,Consumer,Lucas Novak,22,$188.13,$114.57,5%,"$4,138.86",$206.94,"$3,931.92","$2,520.54","$1,411.38",Credit Card,4.4,No
101292,2024-07-08,North America,Canada,Electronics,Laptop Stand,Retail Store,Small Business,Morgan Kim,5,$298.94,$175.47,0%,"$1,494.70",$0.00,"$1,494.70",$877.35,$617.35,PayPal,3.2,No
101293,2024-07-08,Asia Pacific,Japan,Home & Kitchen,Cookware Set,Online,Consumer,Elena Lindqvist,4,$42.68,$18.57,0%,$170.72,$0.00,$170.72,$74.28,$96.44,Debit Card,4.6,No
101294,2024-07-08,Middle East & Africa,Nigeria,Health & Beauty,Fitness Tracker,Retail Store,Consumer,Noah Santos,8,$53.76,$24.82,10%,$430.08,$43.01,$387.07,$198.56,$188.51,Debit Card,5.0,No
101295,2024-07-08,Europe,Netherlands,Health & Beauty,Yoga Mat,Retail Store,Small Business,Kenji Haddad,10,$123.63,$77.34,0%,"$1,236.30",$0.00,"$1,236.30",$773.40,$462.90,Credit Card,4.1,No
101296,2024-07-08,Europe,Germany,Apparel,Denim Jacket,Online,Consumer,Diego Weber,7,$55.11,$32.47,0%,$385.77,$0.00,$385.77,$227.29,$158.48,PayPal,3.4,No
101297,2024-07-08,Asia Pacific,Australia,Electronics,Power Bank,Retail Store,Small Business,Riley Muller,1,$279.42,$162.25,0%,$279.42,$0.00,$279.42,$162.25,$117.17,Debit Card,4.5,No
101298,2024-07-08,Latin America,Colombia,Apparel,Sunglasses,Retail Store,Small Business,Priya Rossi,3,$145.16,$61.36,0%,$435.48,$0.00,$435.48,$184.08,$251.40,Credit Card,4.2,No
101299,2024-07-08,Asia Pacific,India,Electronics,USB-C Hub,Retail Store,Consumer,Alex Reyes,1,$177.06,$84.01,0%,$177.06,$0.00,$177.06,$84.01,$93.05,PayPal,3.9,No
101300,2024-07-09,Europe,Italy,Home & Kitchen,Coffee Maker,Retail Store,Consumer,Noah Santos,6,$156.45,$86.85,0%,$938.70,$0.00,$938.70,$521.10,$417.60,Credit Card,4.4,No
101301,2024-07-09,North America,Mexico,Apparel,Backpack,Retail Store,Consumer,Elena Lindqvist,12,$40.93,$19.95,20%,$491.16,$98.23,$392.93,$239.40,$153.53,Bank Transfer,5.0,No
101302,2024-07-09,North America,United States,Apparel,Sunglasses,Marketplace,Consumer,Drew Okafor,9,$44.90,$20.56,10%,$404.10,$40.41,$363.69,$185.04,$178.65,Bank Transfer,4.2,No
101303,2024-07-09,North America,Canada,Electronics,Bluetooth Speaker,Marketplace,Enterprise,Amara Costa,17,$249.17,$113.92,0%,"$4,235.89",$0.00,"$4,235.89","$1,936.64","$2,299.25",Credit Card,5.0,Yes
101304,2024-07-09,North America,Canada,Office Supplies,Ergonomic Chair,Wholesale,Small Business,Amara Costa,5,$275.07,$143.93,0%,"$1,375.35",$0.00,"$1,375.35",$719.65,$655.70,Credit Card,3.4,No
101305,2024-07-09,Latin America,Chile,Health & Beauty,Electric Toothbrush,Wholesale,Enterprise,Fatima Ahmed,3,$140.31,$88.33,0%,$420.93,$0.00,$420.93,$264.99,$155.94,Credit Card,4.0,No
101306,2024-07-09,Asia Pacific,India,Apparel,Backpack,Wholesale,Consumer,Cameron Nakamura,4,$128.73,$70.51,0%,$514.92,$0.00,$514.92,$282.04,$232.88,Credit Card,4.0,No
101307,2024-07-10,Middle East & Africa,Saudi Arabia,Home & Kitchen,Toaster,Retail Store,Consumer,Morgan Kim,8,$90.36,$47.97,0%,$722.88,$0.00,$722.88,$383.76,$339.12,Credit Card,5.0,No
101308,2024-07-10,North America,United States,Apparel,Backpack,Online,Small Business,Fatima Ahmed,4,$89.89,$51.60,0%,$359.56,$0.00,$359.56,$206.40,$153.16,Cash,3.1,No
101309,2024-07-10,North America,United States,Apparel,Yoga Pants,Marketplace,Consumer,Diego Weber,9,$136.91,$57.69,0%,"$1,232.19",$0.00,"$1,232.19",$519.21,$712.98,Credit Card,4.4,No
101310,2024-07-10,Europe,United Kingdom,Apparel,Wool Sweater,Retail Store,Consumer,Elena Lindqvist,3,$127.43,$76.73,0%,$382.29,$0.00,$382.29,$230.19,$152.10,PayPal,4.5,No
101311,2024-07-10,North America,Mexico,Home & Kitchen,Toaster,Wholesale,Consumer,Taylor Patel,2,$117.14,$57.67,0%,$234.28,$0.00,$234.28,$115.34,$118.94,Bank Transfer,4.1,No
101312,2024-07-10,Middle East & Africa,Nigeria,Electronics,Bluetooth Speaker,Retail Store,Consumer,Noah Santos,7,$195.31,$90.40,0%,"$1,367.17",$0.00,"$1,367.17",$632.80,$734.37,Credit Card,4.4,No
101313,2024-07-10,Latin America,Chile,Office Supplies,Standing Desk,Retail Store,Small Business,Casey Garcia,5,$200.48,$87.54,5%,"$1,002.40",$50.12,$952.28,$437.70,$514.58,PayPal,4.1,Yes
101314,2024-07-10,Europe,Italy,Health & Beauty,Electric Toothbrush,Online,Consumer,Riley Muller,10,$118.89,$48.22,0%,"$1,188.90",$0.00,"$1,188.90",$482.20,$706.70,Debit Card,4.6,No
101315,2024-07-11,North America,Mexico,Apparel,Running Shoes,Online,Small Business,Cameron Nakamura,9,$31.34,$19.74,0%,$282.06,$0.00,$282.06,$177.66,$104.40,Credit Card,4.6,No
101316,2024-07-11,North America,Mexico,Home & Kitchen,Coffee Maker,Online,Enterprise,Sofia Kowalski,8,$121.11,$62.53,0%,$968.88,$0.00,$968.88,$500.24,$468.64,PayPal,3.6,No
101317,2024-07-11,Latin America,Brazil,Electronics,Power Bank,Marketplace,Enterprise,Amara Costa,7,$317.87,$134.51,0%,"$2,225.09",$0.00,"$2,225.09",$941.57,"$1,283.52",Cash,4.4,No
101318,2024-07-11,North America,United States,Office Supplies,Monitor Arm,Marketplace,Small Business,Noah Santos,4,$183.59,$79.63,0%,$734.36,$0.00,$734.36,$318.52,$415.84,PayPal,4.1,No
101319,2024-07-11,Asia Pacific,Japan,Office Supplies,Desk Organizer,Retail Store,Small Business,Amara Costa,6,$382.32,$180.44,10%,"$2,293.92",$229.39,"$2,064.53","$1,082.64",$981.89,Credit Card,3.1,No
101320,2024-07-11,Europe,Netherlands,Electronics,Power Bank,Retail Store,Small Business,Lucas Novak,3,$129.19,$63.46,15%,$387.57,$58.14,$329.43,$190.38,$139.05,PayPal,5.0,No
101321,2024-07-12,Middle East & Africa,Saudi Arabia,Apparel,Wool Sweater,Online,Consumer,Drew Okafor,6,$120.47,$53.19,0%,$722.82,$0.00,$722.82,$319.14,$403.68,Debit Card,4.4,No
101322,2024-07-12,Latin America,Brazil,Health & Beauty,Yoga Mat,Retail Store,Consumer,Morgan Kim,10,$73.38,$29.74,0%,$733.80,$0.00,$733.80,$297.40,$436.40,PayPal,3.3,No
101323,2024-07-12,Asia Pacific,South Korea,Electronics,Smartwatch,Online,Consumer,Taylor Patel,5,$271.20,$125.89,15%,"$1,356.00",$203.40,"$1,152.60",$629.45,$523.15,PayPal,4.6,No
101324,2024-07-12,Europe,Netherlands,Apparel,Wool Sweater,Marketplace,Consumer,Jamie Johansson,3,$31.03,$16.90,0%,$93.09,$0.00,$93.09,$50.70,$42.39,Credit Card,3.7,No
101325,2024-07-12,North America,Canada,Home & Kitchen,Coffee Maker,Wholesale,Consumer,Casey Garcia,5,$132.10,$63.13,0%,$660.50,$0.00,$660.50,$315.65,$344.85,PayPal,4.1,No
101326,2024-07-12,North America,United States,Home & Kitchen,Cookware Set,Marketplace,Small Business,Diego Weber,17,$77.75,$41.29,0%,"$1,321.75",$0.00,"$1,321.75",$701.93,$619.82,Credit Card,2.8,No
101327,2024-07-12,Middle East & Africa,Nigeria,Apparel,Yoga Pants,Marketplace,Consumer,Fatima Ahmed,12,$73.50,$32.14,0%,$882.00,$0.00,$882.00,$385.68,$496.32,Credit Card,5.0,No
101328,2024-07-12,Latin America,Argentina,Office Supplies,Ergonomic Chair,Retail Store,Consumer,Drew Okafor,5,$249.59,$105.17,5%,"$1,247.95",$62.40,"$1,185.55",$525.85,$659.70,Debit Card,4.3,No
101329,2024-07-12,Europe,Germany,Electronics,Bluetooth Speaker,Online,Consumer,Noah Santos,9,$318.58,$178.10,0%,"$2,867.22",$0.00,"$2,867.22","$1,602.90","$1,264.32",Credit Card,5.0,No
101330,2024-07-13,Europe,Germany,Apparel,Sunglasses,Retail Store,Enterprise,Morgan Kim,3,$75.95,$32.34,10%,$227.85,$22.78,$205.07,$97.02,$108.05,PayPal,3.9,No
101331,2024-07-13,North America,Canada,Health & Beauty,Fitness Tracker,Marketplace,Small Business,Jamie Johansson,7,$86.18,$38.12,20%,$603.26,$120.65,$482.61,$266.84,$215.77,Credit Card,3.5,No
101332,2024-07-13,North America,Mexico,Electronics,Wireless Earbuds,Online,Small Business,Kenji Haddad,7,$221.60,$114.28,0%,"$1,551.20",$0.00,"$1,551.20",$799.96,$751.24,Credit Card,4.9,Yes
101333,2024-07-13,North America,United States,Home & Kitchen,Vacuum Cleaner,Retail Store,Consumer,Cameron Nakamura,4,$205.16,$123.91,5%,$820.64,$41.03,$779.61,$495.64,$283.97,Credit Card,4.5,No
101334,2024-07-13,North America,Canada,Health & Beauty,Massage Gun,Online,Small Business,Morgan Kim,2,$164.45,$103.34,0%,$328.90,$0.00,$328.90,$206.68,$122.22,Debit Card,4.1,No
101335,2024-07-13,North America,Canada,Home & Kitchen,Air Fryer,Wholesale,Consumer,Priya Rossi,4,$206.43,$88.04,10%,$825.72,$82.57,$743.15,$352.16,$390.99,Credit Card,3.0,No
101336,2024-07-13,North America,Mexico,Health & Beauty,Fitness Tracker,Wholesale,Enterprise,Wei Dubois,12,$134.72,$87.19,0%,"$1,616.64",$0.00,"$1,616.64","$1,046.28",$570.36,Credit Card,4.1,No
101337,2024-07-13,North America,Canada,Home & Kitchen,Cookware Set,Online,Consumer,Diego Weber,4,$80.11,$49.73,0%,$320.44,$0.00,$320.44,$198.92,$121.52,Credit Card,3.2,No
101338,2024-07-14,Middle East & Africa,Nigeria,Office Supplies,Ergonomic Chair,Online,Consumer,Alex Reyes,20,$321.76,$176.14,15%,"$6,435.20",$965.28,"$5,469.92","$3,522.80","$1,947.12",Debit Card,3.5,No
101339,2024-07-14,Europe,France,Electronics,Smartwatch,Marketplace,Enterprise,Priya Rossi,11,$296.64,$156.93,5%,"$3,263.04",$163.15,"$3,099.89","$1,726.23","$1,373.66",Credit Card,4.9,No
101340,2024-07-14,North America,Mexico,Apparel,Wool Sweater,Online,Consumer,Sam Silva,1,$36.12,$15.30,0%,$36.12,$0.00,$36.12,$15.30,$20.82,Credit Card,5.0,No
101341,2024-07-14,Middle East & Africa,Saudi Arabia,Electronics,Smartwatch,Online,Consumer,Taylor Patel,14,$168.93,$87.24,0%,"$2,365.02",$0.00,"$2,365.02","$1,221.36","$1,143.66",Debit Card,4.1,No
101342,2024-07-14,Asia Pacific,Australia,Office Supplies,Standing Desk,Online,Consumer,Fatima Ahmed,3,$372.21,$239.86,0%,"$1,116.63",$0.00,"$1,116.63",$719.58,$397.05,PayPal,4.0,No
101343,2024-07-14,North America,United States,Home & Kitchen,Air Fryer,Online,Small Business,Wei Dubois,22,$124.07,$60.13,0%,"$2,729.54",$0.00,"$2,729.54","$1,322.86","$1,406.68",Debit Card,3.7,No
101344,2024-07-14,Europe,Spain,Health & Beauty,Skincare Set,Retail Store,Enterprise,Noah Santos,13,$71.67,$41.39,10%,$931.71,$93.17,$838.54,$538.07,$300.47,Credit Card,4.8,No
101345,2024-07-14,Europe,Germany,Home & Kitchen,Toaster,Marketplace,Consumer,Elena Lindqvist,14,$40.87,$19.46,0%,$572.18,$0.00,$572.18,$272.44,$299.74,Bank Transfer,4.9,No
101346,2024-07-14,Europe,Netherlands,Health & Beauty,Fitness Tracker,Marketplace,Consumer,Cameron Nakamura,4,$129.10,$81.88,5%,$516.40,$25.82,$490.58,$327.52,$163.06,Bank Transfer,3.7,No
101347,2024-07-15,North America,Mexico,Home & Kitchen,Toaster,Online,Small Business,Casey Garcia,16,$199.45,$89.86,10%,"$3,191.20",$319.12,"$2,872.08","$1,437.76","$1,434.32",Credit Card,4.0,No
101348,2024-07-16,Asia Pacific,Australia,Apparel,Yoga Pants,Wholesale,Consumer,Jordan Chen,6,$43.96,$24.53,0%,$263.76,$0.00,$263.76,$147.18,$116.58,Bank Transfer,4.6,No
101349,2024-07-16,Europe,United Kingdom,Health & Beauty,Fitness Tracker,Retail Store,Consumer,Alex Reyes,11,$75.08,$41.62,5%,$825.88,$41.29,$784.59,$457.82,$326.77,Debit Card,5.0,No
101350,2024-07-16,Middle East & Africa,UAE,Apparel,Running Shoes,Online,Consumer,Amara Costa,10,$79.27,$35.09,0%,$792.70,$0.00,$792.70,$350.90,$441.80,Credit Card,5.0,No
101351,2024-07-16,Latin America,Chile,Office Supplies,Notebook Set,Retail Store,Small Business,Priya Rossi,17,$62.71,$39.76,0%,"$1,066.07",$0.00,"$1,066.07",$675.92,$390.15,PayPal,4.4,No
101352,2024-07-16,Latin America,Brazil,Health & Beauty,Hair Dryer,Online,Small Business,Amara Costa,3,$148.78,$75.35,5%,$446.34,$22.32,$424.02,$226.05,$197.97,Debit Card,3.3,No
101353,2024-07-16,Asia Pacific,Singapore,Home & Kitchen,Vacuum Cleaner,Online,Consumer,Noah Santos,11,$110.17,$48.23,0%,"$1,211.87",$0.00,"$1,211.87",$530.53,$681.34,Credit Card,4.5,No
101354,2024-07-16,Latin America,Argentina,Office Supplies,Pen Set,Retail Store,Consumer,Kenji Haddad,13,$82.08,$52.00,5%,"$1,067.04",$53.35,"$1,013.69",$676.00,$337.69,Debit Card,4.6,No
101355,2024-07-17,Europe,Netherlands,Health & Beauty,Skincare Set,Online,Small Business,Kenji Haddad,2,$130.55,$59.68,10%,$261.10,$26.11,$234.99,$119.36,$115.63,Credit Card,2.7,No
101356,2024-07-17,Asia Pacific,India,Office Supplies,Desk Organizer,Online,Consumer,Lucas Novak,3,$214.90,$124.99,0%,$644.70,$0.00,$644.70,$374.97,$269.73,PayPal,4.5,No
101357,2024-07-17,Europe,Germany,Home & Kitchen,Blender,Retail Store,Enterprise,Amara Costa,10,$161.77,$90.49,0%,"$1,617.70",$0.00,"$1,617.70",$904.90,$712.80,PayPal,4.5,No
101358,2024-07-17,Europe,Germany,Office Supplies,Notebook Set,Online,Consumer,Taylor Patel,6,$107.81,$57.26,20%,$646.86,$129.37,$517.49,$343.56,$173.93,Credit Card,3.4,No
101359,2024-07-17,North America,Mexico,Health & Beauty,Massage Gun,Wholesale,Enterprise,Morgan Kim,1,$111.14,$62.64,0%,$111.14,$0.00,$111.14,$62.64,$48.50,Credit Card,4.3,No
101360,2024-07-18,Middle East & Africa,Saudi Arabia,Home & Kitchen,Air Fryer,Marketplace,Small Business,Amara Costa,11,$110.86,$63.44,0%,"$1,219.46",$0.00,"$1,219.46",$697.84,$521.62,Bank Transfer,4.5,No
101361,2024-07-18,Latin America,Brazil,Health & Beauty,Fitness Tracker,Online,Consumer,Sofia Kowalski,4,$145.02,$70.88,0%,$580.08,$0.00,$580.08,$283.52,$296.56,PayPal,4.0,No
101362,2024-07-18,Europe,France,Apparel,Sunglasses,Online,Small Business,Cameron Nakamura,4,$81.52,$42.34,10%,$326.08,$32.61,$293.47,$169.36,$124.11,Debit Card,4.7,No
101363,2024-07-19,North America,Canada,Health & Beauty,Electric Toothbrush,Marketplace,Small Business,Lucas Novak,3,$151.88,$63.51,10%,$455.64,$45.56,$410.08,$190.53,$219.55,Debit Card,4.2,No
101364,2024-07-19,Asia Pacific,India,Health & Beauty,Massage Gun,Retail Store,Small Business,Elena Lindqvist,6,$98.11,$63.68,0%,$588.66,$0.00,$588.66,$382.08,$206.58,Credit Card,5.0,No
101365,2024-07-19,North America,United States,Apparel,Wool Sweater,Wholesale,Consumer,Fatima Ahmed,8,$123.24,$74.09,0%,$985.92,$0.00,$985.92,$592.72,$393.20,Cash,4.7,No
101366,2024-07-19,Europe,France,Office Supplies,Notebook Set,Marketplace,Enterprise,Jordan Chen,2,$277.04,$179.94,0%,$554.08,$0.00,$554.08,$359.88,$194.20,Credit Card,3.7,No
101367,2024-07-19,Europe,Germany,Health & Beauty,Massage Gun,Marketplace,Consumer,Sofia Kowalski,11,$138.83,$74.67,0%,"$1,527.13",$0.00,"$1,527.13",$821.37,$705.76,Credit Card,5.0,No
101368,2024-07-19,North America,Mexico,Electronics,Bluetooth Speaker,Marketplace,Small Business,Elena Lindqvist,8,$200.20,$98.47,0%,"$1,601.60",$0.00,"$1,601.60",$787.76,$813.84,Credit Card,3.2,No
101369,2024-07-19,Latin America,Colombia,Electronics,Laptop Stand,Retail Store,Small Business,Amara Costa,6,$335.42,$183.19,0%,"$2,012.52",$0.00,"$2,012.52","$1,099.14",$913.38,Debit Card,4.3,No
101370,2024-07-19,North America,Canada,Health & Beauty,Hair Dryer,Retail Store,Consumer,Alex Reyes,13,$65.42,$40.21,0%,$850.46,$0.00,$850.46,$522.73,$327.73,Debit Card,5.0,No
101371,2024-07-19,Europe,Germany,Apparel,Yoga Pants,Marketplace,Consumer,Taylor Patel,4,$84.13,$47.23,0%,$336.52,$0.00,$336.52,$188.92,$147.60,Debit Card,4.6,No
101372,2024-07-19,North America,United States,Health & Beauty,Yoga Mat,Online,Consumer,Sofia Kowalski,1,$140.82,$86.08,0%,$140.82,$0.00,$140.82,$86.08,$54.74,Credit Card,4.1,No
101373,2024-07-20,North America,United States,Office Supplies,Notebook Set,Retail Store,Consumer,Cameron Nakamura,2,$246.58,$137.04,0%,$493.16,$0.00,$493.16,$274.08,$219.08,Credit Card,4.4,No
101374,2024-07-20,Asia Pacific,India,Apparel,Wool Sweater,Online,Consumer,Morgan Kim,8,$20.61,$12.57,0%,$164.88,$0.00,$164.88,$100.56,$64.32,Credit Card,3.8,No
101375,2024-07-20,Europe,Spain,Apparel,Wool Sweater,Online,Consumer,Sam Silva,1,$117.12,$50.66,0%,$117.12,$0.00,$117.12,$50.66,$66.46,Credit Card,4.1,No
101376,2024-07-20,North America,Canada,Health & Beauty,Massage Gun,Marketplace,Small Business,Kenji Haddad,7,$109.00,$61.47,0%,$763.00,$0.00,$763.00,$430.29,$332.71,Debit Card,5.0,No
101377,2024-07-20,Europe,Netherlands,Office Supplies,Monitor Arm,Online,Enterprise,Amara Costa,10,$10.09,$5.96,0%,$100.90,$0.00,$100.90,$59.60,$41.30,Bank Transfer,5.0,No
101378,2024-07-20,North America,Canada,Home & Kitchen,Toaster,Retail Store,Consumer,Riley Muller,2,$211.41,$128.86,15%,$422.82,$63.42,$359.40,$257.72,$101.68,PayPal,5.0,No
101379,2024-07-20,North America,Canada,Office Supplies,Pen Set,Online,Small Business,Priya Rossi,2,$177.95,$113.79,0%,$355.90,$0.00,$355.90,$227.58,$128.32,Debit Card,5.0,No
101380,2024-07-20,Asia Pacific,India,Health & Beauty,Fitness Tracker,Online,Consumer,Lucas Novak,9,$100.30,$51.80,15%,$902.70,$135.40,$767.30,$466.20,$301.10,Cash,3.6,No
101381,2024-07-21,Europe,United Kingdom,Apparel,Yoga Pants,Online,Consumer,Jordan Chen,5,$117.80,$56.93,0%,$589.00,$0.00,$589.00,$284.65,$304.35,PayPal,2.8,No
101382,2024-07-21,North America,Canada,Health & Beauty,Electric Toothbrush,Wholesale,Consumer,Taylor Patel,7,$92.99,$47.14,0%,$650.93,$0.00,$650.93,$329.98,$320.95,Credit Card,5.0,No
101383,2024-07-21,Asia Pacific,China,Health & Beauty,Electric Toothbrush,Marketplace,Small Business,Jordan Chen,4,$146.49,$91.50,0%,$585.96,$0.00,$585.96,$366.00,$219.96,Credit Card,4.2,No
101384,2024-07-21,Asia Pacific,Australia,Health & Beauty,Skincare Set,Retail Store,Enterprise,Riley Muller,6,$117.61,$49.65,0%,$705.66,$0.00,$705.66,$297.90,$407.76,Credit Card,4.1,No
101385,2024-07-21,Asia Pacific,Japan,Health & Beauty,Fitness Tracker,Marketplace,Consumer,Lucas Novak,16,$36.01,$20.00,0%,$576.16,$0.00,$576.16,$320.00,$256.16,Credit Card,4.7,No
101386,2024-07-21,North America,Canada,Electronics,USB-C Hub,Retail Store,Consumer,Morgan Kim,2,$90.78,$40.64,0%,$181.56,$0.00,$181.56,$81.28,$100.28,Credit Card,3.8,No
101387,2024-07-22,Europe,United Kingdom,Electronics,USB-C Hub,Marketplace,Consumer,Elena Lindqvist,7,$299.71,$158.35,0%,"$2,097.97",$0.00,"$2,097.97","$1,108.45",$989.52,Bank Transfer,3.8,No
101388,2024-07-22,Europe,Italy,Health & Beauty,Fitness Tracker,Wholesale,Consumer,Sofia Kowalski,11,$40.14,$25.64,15%,$441.54,$66.23,$375.31,$282.04,$93.27,Credit Card,3.8,No
101389,2024-07-22,Europe,France,Apparel,Denim Jacket,Online,Consumer,Kenji Haddad,6,$94.70,$51.57,0%,$568.20,$0.00,$568.20,$309.42,$258.78,Credit Card,4.4,No
101390,2024-07-22,Asia Pacific,China,Health & Beauty,Fitness Tracker,Retail Store,Consumer,Lucas Novak,9,$75.54,$37.38,5%,$679.86,$33.99,$645.87,$336.42,$309.45,PayPal,2.7,Yes
101391,2024-07-22,North America,Mexico,Home & Kitchen,Coffee Maker,Online,Enterprise,Priya Rossi,11,$172.35,$86.89,5%,"$1,895.85",$94.79,"$1,801.06",$955.79,$845.27,Credit Card,4.0,No
101392,2024-07-22,Asia Pacific,China,Office Supplies,Monitor Arm,Online,Small Business,Lucas Novak,5,$262.08,$112.96,0%,"$1,310.40",$0.00,"$1,310.40",$564.80,$745.60,Bank Transfer,3.8,No
101393,2024-07-23,North America,Canada,Apparel,Yoga Pants,Retail Store,Consumer,Sam Silva,2,$68.16,$38.36,0%,$136.32,$0.00,$136.32,$76.72,$59.60,Credit Card,4.5,No
101394,2024-07-23,Europe,United Kingdom,Apparel,Yoga Pants,Retail Store,Consumer,Jordan Chen,2,$143.71,$69.48,0%,$287.42,$0.00,$287.42,$138.96,$148.46,Credit Card,4.0,No
101395,2024-07-23,Asia Pacific,China,Health & Beauty,Yoga Mat,Online,Consumer,Jordan Chen,15,$75.70,$34.56,0%,"$1,135.50",$0.00,"$1,135.50",$518.40,$617.10,Debit Card,2.8,Yes
101396,2024-07-23,Latin America,Chile,Home & Kitchen,Air Fryer,Wholesale,Consumer,Cameron Nakamura,2,$198.57,$123.36,15%,$397.14,$59.57,$337.57,$246.72,$90.85,PayPal,4.7,No
101397,2024-07-23,North America,Canada,Office Supplies,Monitor Arm,Online,Small Business,Sam Silva,1,$149.07,$70.00,0%,$149.07,$0.00,$149.07,$70.00,$79.07,Credit Card,3.8,No
101398,2024-07-23,North America,United States,Electronics,Laptop Stand,Marketplace,Consumer,Morgan Kim,11,$338.26,$151.30,0%,"$3,720.86",$0.00,"$3,720.86","$1,664.30","$2,056.56",PayPal,5.0,No
101399,2024-07-24,North America,Canada,Health & Beauty,Massage Gun,Retail Store,Consumer,Sofia Kowalski,11,$129.65,$54.70,15%,"$1,426.15",$213.92,"$1,212.23",$601.70,$610.53,PayPal,3.9,No
101400,2024-07-24,Europe,Netherlands,Apparel,Sunglasses,Wholesale,Enterprise,Amara Costa,11,$127.03,$65.21,10%,"$1,397.33",$139.73,"$1,257.60",$717.31,$540.29,Debit Card,4.0,No
101401,2024-07-24,Europe,Italy,Office Supplies,Ergonomic Chair,Online,Consumer,Sam Silva,10,$391.16,$240.47,10%,"$3,911.60",$391.16,"$3,520.44","$2,404.70","$1,115.74",Credit Card,4.1,No
101402,2024-07-24,Europe,Netherlands,Home & Kitchen,Air Fryer,Online,Enterprise,Morgan Kim,5,$123.81,$65.97,10%,$619.05,$61.90,$557.15,$329.85,$227.30,Credit Card,4.4,No
101403,2024-07-24,North America,United States,Apparel,Yoga Pants,Retail Store,Consumer,Casey Garcia,13,$71.21,$29.63,15%,$925.73,$138.86,$786.87,$385.19,$401.68,Credit Card,4.5,No
101404,2024-07-24,North America,United States,Health & Beauty,Hair Dryer,Online,Consumer,Sam Silva,2,$58.94,$34.61,0%,$117.88,$0.00,$117.88,$69.22,$48.66,Credit Card,3.7,No
101405,2024-07-24,Asia Pacific,Japan,Apparel,Running Shoes,Marketplace,Consumer,Cameron Nakamura,7,$60.20,$33.98,20%,$421.40,$84.28,$337.12,$237.86,$99.26,Credit Card,3.2,No
101406,2024-07-24,Europe,Germany,Home & Kitchen,Blender,Online,Consumer,Jordan Chen,18,$114.56,$56.07,0%,"$2,062.08",$0.00,"$2,062.08","$1,009.26","$1,052.82",Bank Transfer,4.1,No
101407,2024-07-25,Latin America,Chile,Health & Beauty,Fitness Tracker,Marketplace,Consumer,Elena Lindqvist,7,$107.49,$66.65,0%,$752.43,$0.00,$752.43,$466.55,$285.88,Bank Transfer,5.0,No
101408,2024-07-25,Europe,Italy,Home & Kitchen,Cookware Set,Retail Store,Small Business,Morgan Kim,12,$22.29,$11.05,0%,$267.48,$0.00,$267.48,$132.60,$134.88,Credit Card,5.0,No
101409,2024-07-25,North America,United States,Apparel,Backpack,Retail Store,Small Business,Alex Reyes,10,$102.17,$49.90,0%,"$1,021.70",$0.00,"$1,021.70",$499.00,$522.70,Credit Card,3.3,No
101410,2024-07-25,North America,Mexico,Electronics,USB-C Hub,Marketplace,Consumer,Lucas Novak,4,$202.37,$89.46,5%,$809.48,$40.47,$769.01,$357.84,$411.17,Debit Card,4.0,No
101411,2024-07-25,Europe,Germany,Health & Beauty,Hair Dryer,Retail Store,Consumer,Priya Rossi,12,$176.71,$94.45,10%,"$2,120.52",$212.05,"$1,908.47","$1,133.40",$775.07,PayPal,4.2,No
101412,2024-07-25,Europe,Spain,Office Supplies,Standing Desk,Online,Small Business,Noah Santos,6,$238.79,$145.28,5%,"$1,432.74",$71.64,"$1,361.10",$871.68,$489.42,Debit Card,4.4,No
101413,2024-07-25,Europe,Germany,Office Supplies,Desk Organizer,Online,Enterprise,Fatima Ahmed,4,$87.67,$44.80,20%,$350.68,$70.14,$280.54,$179.20,$101.34,Bank Transfer,3.6,No
101414,2024-07-25,Asia Pacific,India,Electronics,Bluetooth Speaker,Retail Store,Consumer,Riley Muller,4,$282.16,$117.73,0%,"$1,128.64",$0.00,"$1,128.64",$470.92,$657.72,Bank Transfer,5.0,Yes
101415,2024-07-25,Asia Pacific,China,Office Supplies,Notebook Set,Marketplace,Small Business,Jordan Chen,4,$124.54,$71.86,5%,$498.16,$24.91,$473.25,$287.44,$185.81,Credit Card,4.4,No
101416,2024-07-25,North America,Mexico,Home & Kitchen,Cookware Set,Online,Consumer,Priya Rossi,9,$27.50,$15.77,15%,$247.50,$37.12,$210.38,$141.93,$68.45,Credit Card,5.0,No
101417,2024-07-25,Europe,Italy,Apparel,Yoga Pants,Online,Small Business,Sam Silva,3,$48.71,$30.07,0%,$146.13,$0.00,$146.13,$90.21,$55.92,PayPal,5.0,Yes
101418,2024-07-26,North America,Canada,Apparel,Denim Jacket,Wholesale,Enterprise,Cameron Nakamura,6,$67.84,$28.74,0%,$407.04,$0.00,$407.04,$172.44,$234.60,Credit Card,3.6,No
101419,2024-07-26,Europe,Italy,Home & Kitchen,Blender,Marketplace,Consumer,Lucas Novak,3,$177.18,$101.68,0%,$531.54,$0.00,$531.54,$305.04,$226.50,PayPal,4.6,No
101420,2024-07-26,Europe,Netherlands,Electronics,Laptop Stand,Online,Consumer,Jamie Johansson,5,$97.86,$56.40,10%,$489.30,$48.93,$440.37,$282.00,$158.37,Debit Card,4.2,No
101421,2024-07-26,North America,Canada,Health & Beauty,Yoga Mat,Retail Store,Consumer,Elena Lindqvist,4,$128.17,$75.54,10%,$512.68,$51.27,$461.41,$302.16,$159.25,Credit Card,5.0,No
101422,2024-07-26,Europe,United Kingdom,Home & Kitchen,Air Fryer,Wholesale,Consumer,Taylor Patel,10,$82.33,$49.53,10%,$823.30,$82.33,$740.97,$495.30,$245.67,Debit Card,4.5,No
101423,2024-07-26,Europe,Spain,Health & Beauty,Yoga Mat,Wholesale,Small Business,Riley Muller,12,$116.51,$69.16,0%,"$1,398.12",$0.00,"$1,398.12",$829.92,$568.20,Credit Card,4.6,No
101424,2024-07-27,Asia Pacific,Australia,Apparel,Backpack,Wholesale,Consumer,Wei Dubois,2,$58.81,$27.91,10%,$117.62,$11.76,$105.86,$55.82,$50.04,Credit Card,3.9,No
101425,2024-07-27,Europe,United Kingdom,Electronics,Bluetooth Speaker,Retail Store,Small Business,Casey Garcia,8,$85.68,$50.92,0%,$685.44,$0.00,$685.44,$407.36,$278.08,PayPal,4.1,No
101426,2024-07-27,Asia Pacific,India,Electronics,Bluetooth Speaker,Retail Store,Small Business,Amara Costa,5,$119.86,$51.64,0%,$599.30,$0.00,$599.30,$258.20,$341.10,Credit Card,3.2,No
101427,2024-07-27,North America,Canada,Electronics,Bluetooth Speaker,Marketplace,Consumer,Morgan Kim,11,$323.67,$153.21,0%,"$3,560.37",$0.00,"$3,560.37","$1,685.31","$1,875.06",Cash,3.3,No
101428,2024-07-28,North America,Mexico,Electronics,USB-C Hub,Online,Consumer,Cameron Nakamura,6,$105.91,$55.60,15%,$635.46,$95.32,$540.14,$333.60,$206.54,Credit Card,5.0,No
101429,2024-07-28,Asia Pacific,Singapore,Apparel,Sunglasses,Online,Consumer,Casey Garcia,4,$45.60,$29.61,10%,$182.40,$18.24,$164.16,$118.44,$45.72,Bank Transfer,5.0,No
101430,2024-07-28,North America,United States,Home & Kitchen,Coffee Maker,Marketplace,Consumer,Wei Dubois,1,$89.39,$46.15,10%,$89.39,$8.94,$80.45,$46.15,$34.30,Credit Card,4.2,No
101431,2024-07-28,Europe,Italy,Electronics,USB-C Hub,Online,Enterprise,Riley Muller,12,$127.20,$77.39,0%,"$1,526.40",$0.00,"$1,526.40",$928.68,$597.72,Cash,5.0,No
101432,2024-07-28,Latin America,Chile,Apparel,Sunglasses,Marketplace,Consumer,Drew Okafor,2,$96.52,$52.86,0%,$193.04,$0.00,$193.04,$105.72,$87.32,Credit Card,4.0,No
101433,2024-07-28,North America,United States,Health & Beauty,Electric Toothbrush,Marketplace,Enterprise,Kenji Haddad,5,$107.35,$62.03,0%,$536.75,$0.00,$536.75,$310.15,$226.60,Credit Card,5.0,No
101434,2024-07-28,North America,United States,Electronics,Bluetooth Speaker,Online,Small Business,Sam Silva,6,$187.73,$86.54,10%,"$1,126.38",$112.64,"$1,013.74",$519.24,$494.50,Bank Transfer,4.9,No
101435,2024-07-28,Asia Pacific,Australia,Apparel,Backpack,Online,Consumer,Alex Reyes,11,$54.97,$28.78,0%,$604.67,$0.00,$604.67,$316.58,$288.09,Credit Card,4.8,No
101436,2024-07-28,Europe,United Kingdom,Electronics,USB-C Hub,Online,Consumer,Noah Santos,3,$330.89,$144.47,0%,$992.67,$0.00,$992.67,$433.41,$559.26,Bank Transfer,3.7,No
101437,2024-07-29,Asia Pacific,India,Electronics,USB-C Hub,Retail Store,Consumer,Taylor Patel,16,$277.41,$138.89,0%,"$4,438.56",$0.00,"$4,438.56","$2,222.24","$2,216.32",PayPal,4.2,No
101438,2024-07-29,Europe,France,Health & Beauty,Electric Toothbrush,Retail Store,Consumer,Noah Santos,11,$145.05,$61.22,10%,"$1,595.55",$159.56,"$1,435.99",$673.42,$762.57,Credit Card,4.5,No
101439,2024-07-29,Europe,United Kingdom,Home & Kitchen,Cookware Set,Online,Enterprise,Kenji Haddad,7,$183.07,$86.52,0%,"$1,281.49",$0.00,"$1,281.49",$605.64,$675.85,Credit Card,2.8,No
101440,2024-07-29,Asia Pacific,China,Home & Kitchen,Cookware Set,Retail Store,Small Business,Alex Reyes,2,$123.30,$49.92,0%,$246.60,$0.00,$246.60,$99.84,$146.76,Credit Card,4.2,No
101441,2024-07-29,North America,United States,Electronics,Smartwatch,Marketplace,Consumer,Kenji Haddad,7,$114.86,$50.08,0%,$804.02,$0.00,$804.02,$350.56,$453.46,Credit Card,4.1,No
101442,2024-07-29,Europe,France,Health & Beauty,Fitness Tracker,Online,Consumer,Taylor Patel,4,$20.21,$8.43,15%,$80.84,$12.13,$68.71,$33.72,$34.99,Credit Card,3.6,No
101443,2024-07-30,Europe,Italy,Apparel,Sunglasses,Online,Consumer,Drew Okafor,7,$36.01,$21.29,20%,$252.07,$50.41,$201.66,$149.03,$52.63,Debit Card,3.8,No
101444,2024-07-30,North America,United States,Health & Beauty,Skincare Set,Marketplace,Consumer,Sofia Kowalski,9,$9.12,$5.27,15%,$82.08,$12.31,$69.77,$47.43,$22.34,PayPal,5.0,No
101445,2024-07-30,Asia Pacific,Japan,Electronics,Power Bank,Online,Small Business,Sofia Kowalski,27,$164.20,$91.23,0%,"$4,433.40",$0.00,"$4,433.40","$2,463.21","$1,970.19",Bank Transfer,5.0,No
101446,2024-07-30,Latin America,Argentina,Home & Kitchen,Cookware Set,Online,Consumer,Wei Dubois,6,$20.12,$11.04,15%,$120.72,$18.11,$102.61,$66.24,$36.37,PayPal,4.5,No
101447,2024-07-31,Asia Pacific,Japan,Health & Beauty,Hair Dryer,Marketplace,Small Business,Casey Garcia,5,$169.53,$80.29,0%,$847.65,$0.00,$847.65,$401.45,$446.20,Credit Card,3.3,No
101448,2024-07-31,Latin America,Argentina,Health & Beauty,Fitness Tracker,Retail Store,Consumer,Taylor Patel,13,$30.23,$12.41,10%,$392.99,$39.30,$353.69,$161.33,$192.36,Debit Card,3.3,No
101449,2024-07-31,Asia Pacific,Australia,Office Supplies,Pen Set,Retail Store,Small Business,Taylor Patel,14,$58.30,$27.67,5%,$816.20,$40.81,$775.39,$387.38,$388.01,Credit Card,1.1,No
101450,2024-07-31,North America,Canada,Office Supplies,Desk Organizer,Marketplace,Small Business,Alex Reyes,9,$35.29,$14.75,5%,$317.61,$15.88,$301.73,$132.75,$168.98,Debit Card,4.4,No
101451,2024-07-31,Middle East & Africa,South Africa,Office Supplies,Pen Set,Online,Consumer,Noah Santos,4,$10.49,$5.59,0%,$41.96,$0.00,$41.96,$22.36,$19.60,Credit Card,4.5,No
101452,2024-07-31,Europe,Germany,Apparel,Denim Jacket,Online,Consumer,Sam Silva,7,$103.49,$44.42,0%,$724.43,$0.00,$724.43,$310.94,$413.49,Credit Card,3.2,No
101453,2024-07-31,Asia Pacific,Australia,Apparel,Denim Jacket,Online,Small Business,Jordan Chen,7,$20.11,$10.25,0%,$140.77,$0.00,$140.77,$71.75,$69.02,PayPal,3.4,No
101454,2024-07-31,Asia Pacific,China,Electronics,Power Bank,Online,Consumer,Jordan Chen,1,$30.47,$13.79,0%,$30.47,$0.00,$30.47,$13.79,$16.68,Credit Card,3.8,No
101455,2024-08-01,Latin America,Chile,Electronics,Power Bank,Wholesale,Small Business,Fatima Ahmed,12,$125.48,$64.90,10%,"$1,505.76",$150.58,"$1,355.18",$778.80,$576.38,Bank Transfer,4.5,No
101456,2024-08-01,North America,Mexico,Office Supplies,Monitor Arm,Online,Consumer,Wei Dubois,8,$287.72,$176.21,0%,"$2,301.76",$0.00,"$2,301.76","$1,409.68",$892.08,Bank Transfer,3.5,No
101457,2024-08-01,Latin America,Chile,Office Supplies,Desk Organizer,Retail Store,Enterprise,Riley Muller,13,$384.36,$202.07,5%,"$4,996.68",$249.83,"$4,746.85","$2,626.91","$2,119.94",PayPal,4.9,No
101458,2024-08-01,North America,Mexico,Office Supplies,Desk Organizer,Retail Store,Small Business,Fatima Ahmed,3,$270.53,$127.40,0%,$811.59,$0.00,$811.59,$382.20,$429.39,Credit Card,4.2,No
101459,2024-08-01,North America,Mexico,Health & Beauty,Skincare Set,Retail Store,Small Business,Fatima Ahmed,9,$51.72,$27.83,15%,$465.48,$69.82,$395.66,$250.47,$145.19,Credit Card,4.7,No
101460,2024-08-01,Latin America,Colombia,Office Supplies,Standing Desk,Wholesale,Small Business,Jamie Johansson,3,$164.07,$77.36,10%,$492.21,$49.22,$442.99,$232.08,$210.91,Credit Card,4.8,No
101461,2024-08-01,Asia Pacific,South Korea,Home & Kitchen,Coffee Maker,Marketplace,Consumer,Alex Reyes,6,$207.17,$119.21,0%,"$1,243.02",$0.00,"$1,243.02",$715.26,$527.76,Credit Card,4.0,Yes
101462,2024-08-02,Asia Pacific,South Korea,Health & Beauty,Yoga Mat,Online,Consumer,Taylor Patel,6,$91.56,$51.66,0%,$549.36,$0.00,$549.36,$309.96,$239.40,Debit Card,3.7,No
101463,2024-08-02,Latin America,Chile,Office Supplies,Desk Organizer,Online,Consumer,Taylor Patel,13,$145.31,$93.37,10%,"$1,889.03",$188.90,"$1,700.13","$1,213.81",$486.32,Credit Card,3.4,No
101464,2024-08-02,Asia Pacific,Singapore,Health & Beauty,Skincare Set,Online,Consumer,Jamie Johansson,8,$124.43,$56.60,15%,$995.44,$149.32,$846.12,$452.80,$393.32,Debit Card,4.4,No
101465,2024-08-02,Europe,United Kingdom,Home & Kitchen,Vacuum Cleaner,Online,Consumer,Lucas Novak,9,$184.55,$101.14,0%,"$1,660.95",$0.00,"$1,660.95",$910.26,$750.69,Bank Transfer,3.2,No
101466,2024-08-02,North America,Canada,Home & Kitchen,Vacuum Cleaner,Online,Small Business,Elena Lindqvist,3,$89.74,$46.14,0%,$269.22,$0.00,$269.22,$138.42,$130.80,Credit Card,3.8,No
101467,2024-08-02,North America,Canada,Health & Beauty,Fitness Tracker,Online,Consumer,Noah Santos,24,$142.60,$64.94,5%,"$3,422.40",$171.12,"$3,251.28","$1,558.56","$1,692.72",Credit Card,4.4,No
101468,2024-08-02,North America,United States,Apparel,Yoga Pants,Retail Store,Enterprise,Sam Silva,6,$106.53,$62.39,5%,$639.18,$31.96,$607.22,$374.34,$232.88,Credit Card,4.9,No
101469,2024-08-03,North America,Canada,Health & Beauty,Fitness Tracker,Marketplace,Consumer,Morgan Kim,8,$59.60,$33.94,0%,$476.80,$0.00,$476.80,$271.52,$205.28,Credit Card,3.0,Yes
101470,2024-08-03,Latin America,Chile,Apparel,Running Shoes,Online,Consumer,Drew Okafor,10,$60.74,$24.37,10%,$607.40,$60.74,$546.66,$243.70,$302.96,PayPal,4.5,No
101471,2024-08-03,Asia Pacific,Singapore,Office Supplies,Ergonomic Chair,Online,Small Business,Casey Garcia,11,$206.53,$104.30,10%,"$2,271.83",$227.18,"$2,044.65","$1,147.30",$897.35,Credit Card,4.1,No
101472,2024-08-03,Asia Pacific,South Korea,Office Supplies,Notebook Set,Retail Store,Consumer,Alex Reyes,5,$107.52,$68.86,0%,$537.60,$0.00,$537.60,$344.30,$193.30,Credit Card,4.5,No
101473,2024-08-03,Asia Pacific,South Korea,Apparel,Denim Jacket,Online,Small Business,Taylor Patel,2,$64.61,$36.55,0%,$129.22,$0.00,$129.22,$73.10,$56.12,Credit Card,4.2,No
101474,2024-08-03,Asia Pacific,China,Health & Beauty,Fitness Tracker,Online,Consumer,Priya Rossi,4,$90.41,$43.34,0%,$361.64,$0.00,$361.64,$173.36,$188.28,PayPal,4.9,No
101475,2024-08-03,North America,Canada,Electronics,Bluetooth Speaker,Online,Small Business,Sam Silva,10,$94.02,$46.05,5%,$940.20,$47.01,$893.19,$460.50,$432.69,Debit Card,3.8,No
101476,2024-08-03,North America,Canada,Apparel,Sunglasses,Retail Store,Consumer,Jamie Johansson,2,$144.60,$86.75,0%,$289.20,$0.00,$289.20,$173.50,$115.70,Bank Transfer,3.4,No
101477,2024-08-03,Europe,Netherlands,Office Supplies,Ergonomic Chair,Wholesale,Consumer,Fatima Ahmed,4,$52.29,$25.04,0%,$209.16,$0.00,$209.16,$100.16,$109.00,PayPal,4.3,No
101478,2024-08-04,North America,United States,Office Supplies,Ergonomic Chair,Retail Store,Small Business,Sam Silva,7,$147.85,$61.51,5%,"$1,034.95",$51.75,$983.20,$430.57,$552.63,Debit Card,2.8,No
101479,2024-08-04,Asia Pacific,Australia,Home & Kitchen,Air Fryer,Retail Store,Enterprise,Lucas Novak,13,$133.24,$85.53,5%,"$1,732.12",$86.61,"$1,645.51","$1,111.89",$533.62,Cash,3.2,No
101480,2024-08-04,Europe,Germany,Office Supplies,Notebook Set,Marketplace,Consumer,Morgan Kim,2,$354.67,$225.34,0%,$709.34,$0.00,$709.34,$450.68,$258.66,Credit Card,3.6,No
101481,2024-08-04,Europe,Germany,Health & Beauty,Electric Toothbrush,Online,Consumer,Elena Lindqvist,1,$165.94,$86.20,0%,$165.94,$0.00,$165.94,$86.20,$79.74,Credit Card,3.9,No
101482,2024-08-04,Asia Pacific,South Korea,Office Supplies,Desk Organizer,Online,Consumer,Elena Lindqvist,8,$248.70,$111.74,0%,"$1,989.60",$0.00,"$1,989.60",$893.92,"$1,095.68",Credit Card,3.4,No
101483,2024-08-04,Middle East & Africa,Nigeria,Apparel,Yoga Pants,Online,Consumer,Cameron Nakamura,19,$76.71,$44.81,5%,"$1,457.49",$72.87,"$1,384.62",$851.39,$533.23,Bank Transfer,3.5,No
101484,2024-08-04,Latin America,Chile,Apparel,Running Shoes,Online,Small Business,Morgan Kim,8,$63.01,$36.25,0%,$504.08,$0.00,$504.08,$290.00,$214.08,Credit Card,4.0,No
101485,2024-08-04,North America,Canada,Health & Beauty,Yoga Mat,Retail Store,Consumer,Kenji Haddad,7,$11.94,$5.85,0%,$83.58,$0.00,$83.58,$40.95,$42.63,Credit Card,3.0,Yes
101486,2024-08-05,Asia Pacific,Japan,Electronics,Power Bank,Online,Consumer,Fatima Ahmed,9,$222.29,$140.00,5%,"$2,000.61",$100.03,"$1,900.58","$1,260.00",$640.58,PayPal,5.0,No
101487,2024-08-05,North America,Mexico,Office Supplies,Standing Desk,Wholesale,Small Business,Kenji Haddad,9,$322.95,$153.04,5%,"$2,906.55",$145.33,"$2,761.22","$1,377.36","$1,383.86",Credit Card,3.1,No
101488,2024-08-05,North America,Canada,Health & Beauty,Fitness Tracker,Retail Store,Consumer,Priya Rossi,5,$128.10,$51.71,0%,$640.50,$0.00,$640.50,$258.55,$381.95,Credit Card,4.5,No
101489,2024-08-05,Europe,United Kingdom,Apparel,Wool Sweater,Marketplace,Small Business,Lucas Novak,4,$107.22,$64.39,0%,$428.88,$0.00,$428.88,$257.56,$171.32,Bank Transfer,4.2,No
101490,2024-08-05,North America,Canada,Apparel,Running Shoes,Retail Store,Consumer,Noah Santos,13,$105.03,$61.52,0%,"$1,365.39",$0.00,"$1,365.39",$799.76,$565.63,Credit Card,5.0,Yes
101491,2024-08-05,Europe,Germany,Office Supplies,Standing Desk,Retail Store,Consumer,Lucas Novak,5,$69.71,$39.65,10%,$348.55,$34.86,$313.69,$198.25,$115.44,PayPal,3.9,No
101492,2024-08-05,Latin America,Brazil,Home & Kitchen,Coffee Maker,Online,Consumer,Sam Silva,1,$165.84,$80.33,0%,$165.84,$0.00,$165.84,$80.33,$85.51,Debit Card,4.2,Yes
101493,2024-08-05,Asia Pacific,India,Apparel,Running Shoes,Retail Store,Consumer,Cameron Nakamura,11,$118.69,$70.54,0%,"$1,305.59",$0.00,"$1,305.59",$775.94,$529.65,Credit Card,3.5,No
101494,2024-08-05,Asia Pacific,South Korea,Home & Kitchen,Air Fryer,Online,Small Business,Kenji Haddad,6,$190.24,$120.35,10%,"$1,141.44",$114.14,"$1,027.30",$722.10,$305.20,Cash,3.1,No
101495,2024-08-05,Latin America,Chile,Apparel,Yoga Pants,Marketplace,Consumer,Noah Santos,7,$72.79,$41.71,0%,$509.53,$0.00,$509.53,$291.97,$217.56,Credit Card,2.4,Yes
101496,2024-08-06,Europe,Germany,Health & Beauty,Yoga Mat,Online,Small Business,Diego Weber,6,$48.87,$25.13,0%,$293.22,$0.00,$293.22,$150.78,$142.44,Debit Card,3.9,No
101497,2024-08-06,Latin America,Chile,Health & Beauty,Electric Toothbrush,Online,Consumer,Casey Garcia,3,$20.46,$13.03,0%,$61.38,$0.00,$61.38,$39.09,$22.29,Credit Card,4.3,No
101498,2024-08-07,Europe,France,Apparel,Yoga Pants,Retail Store,Consumer,Diego Weber,10,$73.35,$35.10,0%,$733.50,$0.00,$733.50,$351.00,$382.50,Credit Card,5.0,No
101499,2024-08-07,Asia Pacific,China,Electronics,Wireless Earbuds,Online,Enterprise,Sofia Kowalski,9,$83.85,$38.84,0%,$754.65,$0.00,$754.65,$349.56,$405.09,PayPal,4.2,No
101500,2024-08-07,North America,Canada,Apparel,Denim Jacket,Retail Store,Consumer,Wei Dubois,4,$136.03,$60.02,0%,$544.12,$0.00,$544.12,$240.08,$304.04,Credit Card,4.7,No
101501,2024-08-07,Europe,France,Health & Beauty,Fitness Tracker,Online,Small Business,Amara Costa,17,$72.50,$34.75,0%,"$1,232.50",$0.00,"$1,232.50",$590.75,$641.75,Credit Card,3.0,Yes
101502,2024-08-07,Europe,Netherlands,Home & Kitchen,Coffee Maker,Retail Store,Consumer,Sofia Kowalski,7,$189.08,$86.27,0%,"$1,323.56",$0.00,"$1,323.56",$603.89,$719.67,Credit Card,3.3,No
101503,2024-08-07,Asia Pacific,South Korea,Office Supplies,Notebook Set,Online,Enterprise,Diego Weber,1,$131.20,$55.25,5%,$131.20,$6.56,$124.64,$55.25,$69.39,Debit Card,5.0,No
101504,2024-08-07,Asia Pacific,India,Health & Beauty,Yoga Mat,Marketplace,Enterprise,Fatima Ahmed,16,$142.81,$59.69,0%,"$2,284.96",$0.00,"$2,284.96",$955.04,"$1,329.92",Debit Card,5.0,Yes
101505,2024-08-07,North America,Mexico,Apparel,Backpack,Online,Small Business,Wei Dubois,7,$77.35,$37.23,0%,$541.45,$0.00,$541.45,$260.61,$280.84,Credit Card,4.4,No
101506,2024-08-07,Europe,Italy,Home & Kitchen,Toaster,Online,Enterprise,Lucas Novak,7,$126.39,$56.27,0%,$884.73,$0.00,$884.73,$393.89,$490.84,Debit Card,4.1,No
101507,2024-08-07,North America,United States,Health & Beauty,Skincare Set,Online,Consumer,Noah Santos,11,$177.17,$101.04,0%,"$1,948.87",$0.00,"$1,948.87","$1,111.44",$837.43,Debit Card,5.0,No
101508,2024-08-07,North America,United States,Apparel,Running Shoes,Marketplace,Consumer,Sam Silva,9,$46.93,$20.81,0%,$422.37,$0.00,$422.37,$187.29,$235.08,Debit Card,3.6,No
101509,2024-08-08,North America,Canada,Apparel,Sunglasses,Marketplace,Enterprise,Jamie Johansson,1,$97.61,$52.62,0%,$97.61,$0.00,$97.61,$52.62,$44.99,Credit Card,3.7,No
101510,2024-08-08,Latin America,Argentina,Electronics,USB-C Hub,Online,Consumer,Kenji Haddad,4,$118.16,$61.40,0%,$472.64,$0.00,$472.64,$245.60,$227.04,PayPal,4.4,No
101511,2024-08-08,Latin America,Colombia,Health & Beauty,Hair Dryer,Wholesale,Enterprise,Sofia Kowalski,10,$71.66,$42.86,0%,$716.60,$0.00,$716.60,$428.60,$288.00,Credit Card,5.0,No
101512,2024-08-08,North America,Mexico,Electronics,Laptop Stand,Marketplace,Small Business,Wei Dubois,9,$209.44,$101.53,5%,"$1,884.96",$94.25,"$1,790.71",$913.77,$876.94,Credit Card,3.8,No
101513,2024-08-08,Latin America,Argentina,Apparel,Sunglasses,Retail Store,Enterprise,Elena Lindqvist,5,$48.25,$24.30,0%,$241.25,$0.00,$241.25,$121.50,$119.75,Debit Card,3.5,No
101514,2024-08-09,Asia Pacific,Japan,Home & Kitchen,Toaster,Retail Store,Consumer,Kenji Haddad,5,$75.85,$47.76,5%,$379.25,$18.96,$360.29,$238.80,$121.49,Credit Card,5.0,No
101515,2024-08-09,Asia Pacific,Japan,Electronics,Power Bank,Wholesale,Small Business,Jordan Chen,8,$199.29,$128.69,5%,"$1,594.32",$79.72,"$1,514.60","$1,029.52",$485.08,Credit Card,4.1,No
101516,2024-08-09,Asia Pacific,India,Health & Beauty,Yoga Mat,Wholesale,Small Business,Fatima Ahmed,13,$177.87,$99.81,5%,"$2,312.31",$115.62,"$2,196.69","$1,297.53",$899.16,PayPal,4.2,No
101517,2024-08-09,Europe,Italy,Health & Beauty,Fitness Tracker,Retail Store,Consumer,Jamie Johansson,14,$71.52,$34.27,5%,"$1,001.28",$50.06,$951.22,$479.78,$471.44,Debit Card,3.9,No
101518,2024-08-09,North America,United States,Office Supplies,Standing Desk,Online,Consumer,Morgan Kim,7,$366.98,$180.14,10%,"$2,568.86",$256.89,"$2,311.97","$1,260.98","$1,050.99",Credit Card,3.9,No
101519,2024-08-09,Asia Pacific,Japan,Apparel,Backpack,Retail Store,Consumer,Casey Garcia,5,$102.27,$65.35,0%,$511.35,$0.00,$511.35,$326.75,$184.60,Debit Card,3.2,No
101520,2024-08-10,Asia Pacific,India,Electronics,Smartwatch,Online,Consumer,Priya Rossi,5,$315.99,$135.74,10%,"$1,579.95",$158.00,"$1,421.95",$678.70,$743.25,PayPal,5.0,No
101521,2024-08-10,North America,Canada,Electronics,Laptop Stand,Retail Store,Consumer,Drew Okafor,1,$290.72,$175.84,0%,$290.72,$0.00,$290.72,$175.84,$114.88,Debit Card,4.7,No
101522,2024-08-10,Europe,Spain,Electronics,Smartwatch,Retail Store,Consumer,Wei Dubois,5,$178.16,$83.71,0%,$890.80,$0.00,$890.80,$418.55,$472.25,PayPal,4.2,No
101523,2024-08-10,Latin America,Brazil,Office Supplies,Monitor Arm,Online,Consumer,Amara Costa,3,$123.69,$50.69,15%,$371.07,$55.66,$315.41,$152.07,$163.34,PayPal,3.8,No
101524,2024-08-10,Europe,Germany,Apparel,Yoga Pants,Online,Consumer,Fatima Ahmed,8,$62.16,$39.38,0%,$497.28,$0.00,$497.28,$315.04,$182.24,Credit Card,4.2,No
101525,2024-08-10,Europe,Spain,Apparel,Wool Sweater,Online,Small Business,Jamie Johansson,14,$52.83,$27.52,0%,$739.62,$0.00,$739.62,$385.28,$354.34,Debit Card,4.6,No
101526,2024-08-10,North America,Mexico,Office Supplies,Standing Desk,Wholesale,Consumer,Priya Rossi,2,$107.93,$57.18,0%,$215.86,$0.00,$215.86,$114.36,$101.50,PayPal,4.3,No
101527,2024-08-10,North America,Mexico,Office Supplies,Monitor Arm,Online,Small Business,Kenji Haddad,6,$327.68,$165.16,0%,"$1,966.08",$0.00,"$1,966.08",$990.96,$975.12,Credit Card,4.4,No
101528,2024-08-10,North America,Mexico,Health & Beauty,Yoga Mat,Online,Consumer,Sam Silva,7,$42.82,$21.97,5%,$299.74,$14.99,$284.75,$153.79,$130.96,Credit Card,3.8,No
101529,2024-08-10,North America,Mexico,Home & Kitchen,Toaster,Wholesale,Consumer,Alex Reyes,14,$76.26,$35.31,0%,"$1,067.64",$0.00,"$1,067.64",$494.34,$573.30,Credit Card,4.3,No
101530,2024-08-10,North America,Mexico,Health & Beauty,Hair Dryer,Retail Store,Small Business,Jordan Chen,4,$124.16,$66.20,5%,$496.64,$24.83,$471.81,$264.80,$207.01,Cash,4.0,No
101531,2024-08-10,North America,United States,Apparel,Denim Jacket,Online,Small Business,Noah Santos,3,$88.80,$51.03,15%,$266.40,$39.96,$226.44,$153.09,$73.35,Credit Card,5.0,No
101532,2024-08-11,Asia Pacific,Singapore,Office Supplies,Desk Organizer,Wholesale,Consumer,Amara Costa,5,$95.03,$45.36,0%,$475.15,$0.00,$475.15,$226.80,$248.35,Debit Card,4.6,No
101533,2024-08-11,North America,Canada,Health & Beauty,Massage Gun,Online,Consumer,Diego Weber,1,$68.12,$33.08,0%,$68.12,$0.00,$68.12,$33.08,$35.04,PayPal,4.0,No
101534,2024-08-11,Europe,Germany,Office Supplies,Notebook Set,Online,Enterprise,Casey Garcia,11,$263.63,$170.37,20%,"$2,899.93",$579.99,"$2,319.94","$1,874.07",$445.87,Debit Card,3.9,No
101535,2024-08-11,Europe,Italy,Home & Kitchen,Cookware Set,Retail Store,Small Business,Sam Silva,7,$36.31,$19.35,5%,$254.17,$12.71,$241.46,$135.45,$106.01,Credit Card,3.8,No
101536,2024-08-11,Europe,Spain,Office Supplies,Notebook Set,Wholesale,Enterprise,Sofia Kowalski,10,$107.73,$67.68,10%,"$1,077.30",$107.73,$969.57,$676.80,$292.77,Credit Card,4.8,No
101537,2024-08-12,Asia Pacific,Singapore,Health & Beauty,Electric Toothbrush,Online,Consumer,Fatima Ahmed,12,$89.23,$56.48,10%,"$1,070.76",$107.08,$963.68,$677.76,$285.92,Bank Transfer,3.0,No
101538,2024-08-12,North America,Canada,Apparel,Sunglasses,Retail Store,Consumer,Amara Costa,9,$86.52,$55.86,10%,$778.68,$77.87,$700.81,$502.74,$198.07,Credit Card,4.5,No
101539,2024-08-12,Asia Pacific,Singapore,Office Supplies,Pen Set,Online,Consumer,Cameron Nakamura,9,$186.76,$102.46,0%,"$1,680.84",$0.00,"$1,680.84",$922.14,$758.70,Credit Card,4.4,No
101540,2024-08-12,Europe,Germany,Apparel,Yoga Pants,Marketplace,Consumer,Morgan Kim,2,$111.00,$60.32,5%,$222.00,$11.10,$210.90,$120.64,$90.26,Cash,4.4,No
101541,2024-08-12,Asia Pacific,China,Office Supplies,Desk Organizer,Online,Consumer,Amara Costa,9,$162.13,$71.94,0%,"$1,459.17",$0.00,"$1,459.17",$647.46,$811.71,PayPal,3.6,No
101542,2024-08-12,North America,Mexico,Home & Kitchen,Air Fryer,Retail Store,Consumer,Noah Santos,10,$149.72,$94.64,10%,"$1,497.20",$149.72,"$1,347.48",$946.40,$401.08,PayPal,5.0,No
101543,2024-08-12,Latin America,Colombia,Home & Kitchen,Cookware Set,Online,Enterprise,Alex Reyes,4,$107.32,$67.64,0%,$429.28,$0.00,$429.28,$270.56,$158.72,Credit Card,5.0,No
101544,2024-08-13,Asia Pacific,Singapore,Apparel,Sunglasses,Online,Consumer,Noah Santos,16,$100.05,$46.74,0%,"$1,600.80",$0.00,"$1,600.80",$747.84,$852.96,Cash,3.9,No
101545,2024-08-13,Asia Pacific,Singapore,Health & Beauty,Skincare Set,Marketplace,Consumer,Priya Rossi,6,$14.21,$9.09,5%,$85.26,$4.26,$81.00,$54.54,$26.46,Credit Card,3.5,No
101546,2024-08-13,Latin America,Argentina,Apparel,Wool Sweater,Wholesale,Small Business,Jamie Johansson,11,$17.04,$10.18,10%,$187.44,$18.74,$168.70,$111.98,$56.72,Bank Transfer,4.3,No
101547,2024-08-13,Latin America,Brazil,Home & Kitchen,Vacuum Cleaner,Retail Store,Small Business,Sam Silva,11,$171.52,$73.40,10%,"$1,886.72",$188.67,"$1,698.05",$807.40,$890.65,Credit Card,3.5,No
101548,2024-08-13,Asia Pacific,China,Health & Beauty,Electric Toothbrush,Retail Store,Consumer,Noah Santos,12,$167.31,$82.60,0%,"$2,007.72",$0.00,"$2,007.72",$991.20,"$1,016.52",Debit Card,3.8,No
101549,2024-08-13,Asia Pacific,Singapore,Health & Beauty,Hair Dryer,Online,Consumer,Fatima Ahmed,6,$148.11,$72.79,20%,$888.66,$177.73,$710.93,$436.74,$274.19,PayPal,4.6,No
101550,2024-08-13,North America,Canada,Office Supplies,Ergonomic Chair,Retail Store,Consumer,Drew Okafor,2,$362.87,$154.10,0%,$725.74,$0.00,$725.74,$308.20,$417.54,PayPal,4.7,No
101551,2024-08-13,North America,Canada,Apparel,Backpack,Wholesale,Consumer,Alex Reyes,6,$24.96,$10.14,10%,$149.76,$14.98,$134.78,$60.84,$73.94,Bank Transfer,4.7,No
101552,2024-08-13,Europe,Italy,Home & Kitchen,Air Fryer,Retail Store,Consumer,Cameron Nakamura,18,$187.20,$100.43,10%,"$3,369.60",$336.96,"$3,032.64","$1,807.74","$1,224.90",PayPal,5.0,No
101553,2024-08-14,North America,Canada,Health & Beauty,Fitness Tracker,Retail Store,Small Business,Jordan Chen,8,$71.83,$29.25,0%,$574.64,$0.00,$574.64,$234.00,$340.64,Credit Card,3.6,No
101554,2024-08-14,Europe,France,Electronics,Wireless Earbuds,Online,Consumer,Lucas Novak,5,$184.05,$109.54,5%,$920.25,$46.01,$874.24,$547.70,$326.54,Credit Card,3.9,No
101555,2024-08-14,Asia Pacific,Japan,Apparel,Yoga Pants,Marketplace,Small Business,Lucas Novak,13,$146.84,$89.76,0%,"$1,908.92",$0.00,"$1,908.92","$1,166.88",$742.04,Debit Card,4.0,No
101556,2024-08-14,Asia Pacific,China,Apparel,Backpack,Wholesale,Small Business,Riley Muller,4,$143.96,$77.14,0%,$575.84,$0.00,$575.84,$308.56,$267.28,Cash,4.7,No
101557,2024-08-14,Europe,Netherlands,Apparel,Wool Sweater,Retail Store,Consumer,Priya Rossi,5,$142.49,$90.67,10%,$712.45,$71.24,$641.21,$453.35,$187.86,Bank Transfer,2.2,No
101558,2024-08-14,Europe,Netherlands,Home & Kitchen,Air Fryer,Online,Consumer,Sofia Kowalski,7,$87.41,$46.60,0%,$611.87,$0.00,$611.87,$326.20,$285.67,PayPal,3.5,No
101559,2024-08-14,North America,Canada,Electronics,Laptop Stand,Retail Store,Consumer,Alex Reyes,12,$130.61,$76.07,0%,"$1,567.32",$0.00,"$1,567.32",$912.84,$654.48,Debit Card,4.1,No
101560,2024-08-14,North America,United States,Office Supplies,Desk Organizer,Marketplace,Consumer,Amara Costa,10,$46.84,$22.14,0%,$468.40,$0.00,$468.40,$221.40,$247.00,Debit Card,3.9,No
101561,2024-08-14,Asia Pacific,India,Electronics,Smartwatch,Marketplace,Consumer,Sofia Kowalski,13,$288.21,$186.57,0%,"$3,746.73",$0.00,"$3,746.73","$2,425.41","$1,321.32",Credit Card,4.8,No
101562,2024-08-14,Middle East & Africa,Saudi Arabia,Electronics,Wireless Earbuds,Online,Enterprise,Kenji Haddad,18,$292.39,$142.01,0%,"$5,263.02",$0.00,"$5,263.02","$2,556.18","$2,706.84",Credit Card,5.0,No
101563,2024-08-14,Europe,Germany,Health & Beauty,Fitness Tracker,Marketplace,Small Business,Taylor Patel,21,$140.52,$81.40,0%,"$2,950.92",$0.00,"$2,950.92","$1,709.40","$1,241.52",Cash,5.0,No
101564,2024-08-15,Asia Pacific,Singapore,Home & Kitchen,Coffee Maker,Retail Store,Consumer,Jamie Johansson,7,$214.41,$101.94,0%,"$1,500.87",$0.00,"$1,500.87",$713.58,$787.29,Cash,3.2,No
101565,2024-08-15,Asia Pacific,India,Office Supplies,Ergonomic Chair,Online,Enterprise,Amara Costa,10,$231.24,$115.67,5%,"$2,312.40",$115.62,"$2,196.78","$1,156.70","$1,040.08",PayPal,3.7,No
101566,2024-08-15,Asia Pacific,Japan,Health & Beauty,Massage Gun,Marketplace,Consumer,Elena Lindqvist,1,$51.26,$25.13,0%,$51.26,$0.00,$51.26,$25.13,$26.13,Credit Card,3.2,No
101567,2024-08-15,Europe,Italy,Health & Beauty,Fitness Tracker,Online,Consumer,Amara Costa,11,$84.01,$39.84,10%,$924.11,$92.41,$831.70,$438.24,$393.46,Credit Card,5.0,No
101568,2024-08-15,Europe,Spain,Apparel,Sunglasses,Online,Enterprise,Diego Weber,2,$67.18,$42.24,0%,$134.36,$0.00,$134.36,$84.48,$49.88,Credit Card,4.6,No
101569,2024-08-15,Asia Pacific,Singapore,Electronics,Power Bank,Retail Store,Enterprise,Casey Garcia,17,$332.68,$204.83,0%,"$5,655.56",$0.00,"$5,655.56","$3,482.11","$2,173.45",PayPal,3.4,No
101570,2024-08-16,Asia Pacific,South Korea,Health & Beauty,Fitness Tracker,Wholesale,Consumer,Jamie Johansson,14,$106.08,$58.50,0%,"$1,485.12",$0.00,"$1,485.12",$819.00,$666.12,Credit Card,4.6,No
101571,2024-08-16,North America,Canada,Electronics,Wireless Earbuds,Retail Store,Enterprise,Morgan Kim,6,$116.93,$47.46,0%,$701.58,$0.00,$701.58,$284.76,$416.82,Debit Card,3.9,No
101572,2024-08-16,North America,Mexico,Health & Beauty,Yoga Mat,Online,Small Business,Jamie Johansson,4,$140.62,$81.90,5%,$562.48,$28.12,$534.36,$327.60,$206.76,Credit Card,4.6,No
101573,2024-08-16,Asia Pacific,India,Home & Kitchen,Coffee Maker,Marketplace,Consumer,Cameron Nakamura,1,$194.49,$116.60,0%,$194.49,$0.00,$194.49,$116.60,$77.89,Debit Card,4.0,No
101574,2024-08-16,North America,Canada,Electronics,Laptop Stand,Online,Consumer,Elena Lindqvist,20,$108.01,$63.22,5%,"$2,160.20",$108.01,"$2,052.19","$1,264.40",$787.79,PayPal,5.0,No
101575,2024-08-16,North America,United States,Apparel,Sunglasses,Online,Consumer,Taylor Patel,2,$87.95,$39.92,5%,$175.90,$8.80,$167.10,$79.84,$87.26,Bank Transfer,5.0,No
101576,2024-08-16,North America,Canada,Home & Kitchen,Air Fryer,Online,Consumer,Taylor Patel,5,$195.80,$95.14,0%,$979.00,$0.00,$979.00,$475.70,$503.30,Bank Transfer,3.1,No
101577,2024-08-16,Middle East & Africa,Saudi Arabia,Electronics,Smartwatch,Online,Consumer,Sam Silva,6,$311.22,$200.45,20%,"$1,867.32",$373.46,"$1,493.86","$1,202.70",$291.16,Debit Card,4.2,No
101578,2024-08-17,North America,Mexico,Office Supplies,Ergonomic Chair,Retail Store,Small Business,Diego Weber,16,$25.39,$15.80,0%,$406.24,$0.00,$406.24,$252.80,$153.44,PayPal,5.0,No
101579,2024-08-17,Europe,Germany,Apparel,Sunglasses,Retail Store,Consumer,Noah Santos,7,$110.80,$48.98,20%,$775.60,$155.12,$620.48,$342.86,$277.62,Debit Card,4.7,No
101580,2024-08-17,Asia Pacific,Japan,Health & Beauty,Fitness Tracker,Retail Store,Consumer,Taylor Patel,2,$61.92,$34.69,5%,$123.84,$6.19,$117.65,$69.38,$48.27,Cash,4.5,Yes
101581,2024-08-17,Europe,Italy,Health & Beauty,Hair Dryer,Online,Consumer,Morgan Kim,5,$94.05,$49.14,0%,$470.25,$0.00,$470.25,$245.70,$224.55,Credit Card,3.3,No
101582,2024-08-17,North America,United States,Office Supplies,Desk Organizer,Marketplace,Consumer,Diego Weber,2,$168.92,$96.64,20%,$337.84,$67.57,$270.27,$193.28,$76.99,Debit Card,4.6,No
101583,2024-08-17,Europe,Germany,Apparel,Denim Jacket,Online,Consumer,Casey Garcia,8,$80.71,$39.04,0%,$645.68,$0.00,$645.68,$312.32,$333.36,Bank Transfer,3.5,No
101584,2024-08-18,Europe,United Kingdom,Office Supplies,Desk Organizer,Retail Store,Consumer,Lucas Novak,7,$309.85,$197.29,0%,"$2,168.95",$0.00,"$2,168.95","$1,381.03",$787.92,Credit Card,4.2,No
101585,2024-08-18,Latin America,Brazil,Health & Beauty,Fitness Tracker,Online,Small Business,Drew Okafor,7,$20.61,$12.69,0%,$144.27,$0.00,$144.27,$88.83,$55.44,Credit Card,4.4,No
101586,2024-08-18,North America,Canada,Office Supplies,Ergonomic Chair,Online,Small Business,Cameron Nakamura,5,$341.26,$155.56,0%,"$1,706.30",$0.00,"$1,706.30",$777.80,$928.50,PayPal,3.5,No
101587,2024-08-18,Europe,Spain,Home & Kitchen,Toaster,Retail Store,Consumer,Jamie Johansson,1,$178.44,$103.90,0%,$178.44,$0.00,$178.44,$103.90,$74.54,Credit Card,5.0,No
101588,2024-08-18,North America,United States,Apparel,Running Shoes,Wholesale,Consumer,Sofia Kowalski,7,$77.45,$49.13,0%,$542.15,$0.00,$542.15,$343.91,$198.24,Credit Card,5.0,No
101589,2024-08-18,North America,Canada,Health & Beauty,Electric Toothbrush,Retail Store,Consumer,Sofia Kowalski,3,$77.38,$44.63,0%,$232.14,$0.00,$232.14,$133.89,$98.25,Credit Card,4.6,No
101590,2024-08-18,Europe,Spain,Home & Kitchen,Air Fryer,Retail Store,Consumer,Wei Dubois,3,$86.85,$56.45,0%,$260.55,$0.00,$260.55,$169.35,$91.20,Bank Transfer,3.6,No
101591,2024-08-18,Europe,France,Home & Kitchen,Coffee Maker,Retail Store,Consumer,Casey Garcia,4,$170.11,$104.92,0%,$680.44,$0.00,$680.44,$419.68,$260.76,Debit Card,4.5,No
101592,2024-08-18,Middle East & Africa,South Africa,Health & Beauty,Fitness Tracker,Wholesale,Small Business,Elena Lindqvist,6,$70.78,$39.41,15%,$424.68,$63.70,$360.98,$236.46,$124.52,PayPal,3.8,No
101593,2024-08-19,Asia Pacific,Japan,Apparel,Denim Jacket,Wholesale,Consumer,Fatima Ahmed,8,$42.64,$24.19,5%,$341.12,$17.06,$324.06,$193.52,$130.54,PayPal,3.3,Yes
101594,2024-08-19,North America,United States,Office Supplies,Notebook Set,Retail Store,Small Business,Wei Dubois,5,$132.91,$76.27,0%,$664.55,$0.00,$664.55,$381.35,$283.20,PayPal,5.0,No
101595,2024-08-19,Europe,United Kingdom,Office Supplies,Pen Set,Retail Store,Consumer,Diego Weber,2,$109.08,$66.59,15%,$218.16,$32.72,$185.44,$133.18,$52.26,Bank Transfer,4.3,No
101596,2024-08-19,North America,Canada,Health & Beauty,Electric Toothbrush,Retail Store,Consumer,Drew Okafor,15,$115.75,$68.36,0%,"$1,736.25",$0.00,"$1,736.25","$1,025.40",$710.85,Credit Card,4.0,No
101597,2024-08-20,Asia Pacific,China,Health & Beauty,Yoga Mat,Online,Consumer,Casey Garcia,1,$135.97,$61.32,0%,$135.97,$0.00,$135.97,$61.32,$74.65,Credit Card,4.1,No
101598,2024-08-20,North America,Canada,Health & Beauty,Yoga Mat,Marketplace,Consumer,Riley Muller,12,$110.62,$71.85,0%,"$1,327.44",$0.00,"$1,327.44",$862.20,$465.24,Bank Transfer,5.0,No
101599,2024-08-20,North America,United States,Office Supplies,Notebook Set,Marketplace,Small Business,Elena Lindqvist,6,$86.91,$38.94,5%,$521.46,$26.07,$495.39,$233.64,$261.75,Debit Card,4.9,No
101600,2024-08-20,Middle East & Africa,Saudi Arabia,Office Supplies,Notebook Set,Retail Store,Consumer,Sofia Kowalski,7,$58.38,$30.75,0%,$408.66,$0.00,$408.66,$215.25,$193.41,Bank Transfer,4.1,No
101601,2024-08-20,Asia Pacific,India,Health & Beauty,Fitness Tracker,Marketplace,Small Business,Wei Dubois,11,$95.95,$47.28,0%,"$1,055.45",$0.00,"$1,055.45",$520.08,$535.37,Credit Card,5.0,No
101602,2024-08-20,North America,United States,Apparel,Backpack,Marketplace,Consumer,Lucas Novak,10,$51.97,$22.77,10%,$519.70,$51.97,$467.73,$227.70,$240.03,Credit Card,3.8,No
101603,2024-08-20,North America,Canada,Health & Beauty,Yoga Mat,Online,Small Business,Sofia Kowalski,11,$130.26,$61.62,0%,"$1,432.86",$0.00,"$1,432.86",$677.82,$755.04,PayPal,4.4,No
101604,2024-08-20,North America,Mexico,Electronics,Wireless Earbuds,Online,Small Business,Alex Reyes,1,$87.30,$47.00,5%,$87.30,$4.36,$82.94,$47.00,$35.94,Debit Card,3.4,No
101605,2024-08-20,Asia Pacific,Japan,Apparel,Denim Jacket,Online,Consumer,Priya Rossi,14,$62.90,$32.90,0%,$880.60,$0.00,$880.60,$460.60,$420.00,Credit Card,5.0,Yes
101606,2024-08-20,Asia Pacific,Australia,Apparel,Backpack,Retail Store,Consumer,Riley Muller,7,$116.55,$67.21,0%,$815.85,$0.00,$815.85,$470.47,$345.38,Cash,4.7,No
101607,2024-08-20,Asia Pacific,Singapore,Apparel,Running Shoes,Online,Small Business,Noah Santos,9,$40.85,$22.17,5%,$367.65,$18.38,$349.27,$199.53,$149.74,Debit Card,3.9,No
101608,2024-08-20,North America,Canada,Home & Kitchen,Coffee Maker,Online,Small Business,Alex Reyes,4,$44.81,$20.93,0%,$179.24,$0.00,$179.24,$83.72,$95.52,Debit Card,5.0,No
101609,2024-08-21,North America,United States,Apparel,Yoga Pants,Online,Consumer,Diego Weber,6,$23.78,$13.57,0%,$142.68,$0.00,$142.68,$81.42,$61.26,Credit Card,3.1,No
101610,2024-08-21,Europe,Italy,Home & Kitchen,Cookware Set,Wholesale,Consumer,Kenji Haddad,5,$191.17,$79.32,0%,$955.85,$0.00,$955.85,$396.60,$559.25,Cash,3.8,No
101611,2024-08-21,Europe,United Kingdom,Home & Kitchen,Blender,Retail Store,Small Business,Sofia Kowalski,9,$76.58,$43.77,10%,$689.22,$68.92,$620.30,$393.93,$226.37,PayPal,3.6,No
101612,2024-08-21,North America,United States,Health & Beauty,Fitness Tracker,Marketplace,Consumer,Priya Rossi,10,$57.69,$33.79,0%,$576.90,$0.00,$576.90,$337.90,$239.00,Bank Transfer,2.9,No
101613,2024-08-21,Europe,Italy,Home & Kitchen,Coffee Maker,Retail Store,Consumer,Kenji Haddad,3,$42.63,$21.01,10%,$127.89,$12.79,$115.10,$63.03,$52.07,Credit Card,3.5,No
101614,2024-08-22,Latin America,Chile,Office Supplies,Ergonomic Chair,Online,Enterprise,Diego Weber,15,$265.32,$118.14,0%,"$3,979.80",$0.00,"$3,979.80","$1,772.10","$2,207.70",PayPal,5.0,No
101615,2024-08-22,Asia Pacific,Singapore,Home & Kitchen,Coffee Maker,Retail Store,Consumer,Jamie Johansson,4,$90.70,$38.40,0%,$362.80,$0.00,$362.80,$153.60,$209.20,Credit Card,4.0,No
101616,2024-08-22,Latin America,Argentina,Apparel,Sunglasses,Online,Enterprise,Riley Muller,2,$82.23,$37.39,0%,$164.46,$0.00,$164.46,$74.78,$89.68,Credit Card,4.0,No
101617,2024-08-22,Europe,Italy,Health & Beauty,Hair Dryer,Retail Store,Consumer,Drew Okafor,6,$169.71,$101.07,0%,"$1,018.26",$0.00,"$1,018.26",$606.42,$411.84,Credit Card,4.7,No
101618,2024-08-22,Europe,Spain,Home & Kitchen,Air Fryer,Retail Store,Consumer,Priya Rossi,8,$70.05,$36.41,15%,$560.40,$84.06,$476.34,$291.28,$185.06,Cash,3.5,No
101619,2024-08-22,North America,Canada,Office Supplies,Notebook Set,Marketplace,Enterprise,Kenji Haddad,5,$237.23,$128.90,0%,"$1,186.15",$0.00,"$1,186.15",$644.50,$541.65,Credit Card,4.4,No
101620,2024-08-22,Europe,France,Home & Kitchen,Toaster,Retail Store,Small Business,Elena Lindqvist,12,$150.74,$97.25,20%,"$1,808.88",$361.78,"$1,447.10","$1,167.00",$280.10,Bank Transfer,4.8,No
101621,2024-08-22,Asia Pacific,China,Health & Beauty,Yoga Mat,Retail Store,Consumer,Elena Lindqvist,4,$88.36,$35.96,20%,$353.44,$70.69,$282.75,$143.84,$138.91,PayPal,3.0,No
101622,2024-08-22,North America,United States,Home & Kitchen,Blender,Online,Small Business,Morgan Kim,1,$39.66,$17.85,0%,$39.66,$0.00,$39.66,$17.85,$21.81,Debit Card,4.9,Yes
101623,2024-08-22,Europe,Italy,Apparel,Denim Jacket,Retail Store,Consumer,Priya Rossi,5,$29.01,$12.33,0%,$145.05,$0.00,$145.05,$61.65,$83.40,Credit Card,4.8,Yes
101624,2024-08-23,North America,Canada,Health & Beauty,Massage Gun,Online,Consumer,Taylor Patel,7,$47.36,$25.13,0%,$331.52,$0.00,$331.52,$175.91,$155.61,PayPal,3.8,No
101625,2024-08-23,Asia Pacific,India,Apparel,Yoga Pants,Marketplace,Consumer,Drew Okafor,1,$52.01,$23.29,0%,$52.01,$0.00,$52.01,$23.29,$28.72,Credit Card,4.7,No
101626,2024-08-23,Europe,Netherlands,Office Supplies,Notebook Set,Marketplace,Small Business,Cameron Nakamura,3,$143.71,$83.49,0%,$431.13,$0.00,$431.13,$250.47,$180.66,Credit Card,4.7,No
101627,2024-08-23,Latin America,Chile,Home & Kitchen,Blender,Online,Enterprise,Jamie Johansson,12,$147.42,$78.30,0%,"$1,769.04",$0.00,"$1,769.04",$939.60,$829.44,PayPal,2.6,No
101628,2024-08-23,Asia Pacific,Singapore,Home & Kitchen,Blender,Marketplace,Consumer,Jamie Johansson,7,$151.55,$64.57,0%,"$1,060.85",$0.00,"$1,060.85",$451.99,$608.86,Credit Card,4.6,Yes
101629,2024-08-23,North America,Mexico,Electronics,Wireless Earbuds,Retail Store,Consumer,Cameron Nakamura,7,$287.84,$134.03,10%,"$2,014.88",$201.49,"$1,813.39",$938.21,$875.18,Bank Transfer,5.0,No
101630,2024-08-24,Europe,United Kingdom,Electronics,Power Bank,Retail Store,Small Business,Elena Lindqvist,7,$111.70,$65.24,10%,$781.90,$78.19,$703.71,$456.68,$247.03,Debit Card,4.5,No
101631,2024-08-24,Asia Pacific,Japan,Electronics,USB-C Hub,Online,Small Business,Elena Lindqvist,10,$262.31,$104.93,0%,"$2,623.10",$0.00,"$2,623.10","$1,049.30","$1,573.80",Debit Card,2.9,Yes
101632,2024-08-24,Asia Pacific,India,Home & Kitchen,Toaster,Online,Consumer,Kenji Haddad,5,$192.36,$103.18,5%,$961.80,$48.09,$913.71,$515.90,$397.81,Bank Transfer,5.0,No
101633,2024-08-24,Europe,Italy,Apparel,Sunglasses,Marketplace,Small Business,Sam Silva,6,$101.84,$45.83,0%,$611.04,$0.00,$611.04,$274.98,$336.06,Credit Card,4.3,No
101634,2024-08-24,Europe,Netherlands,Office Supplies,Desk Organizer,Wholesale,Small Business,Cameron Nakamura,12,$111.36,$48.07,10%,"$1,336.32",$133.63,"$1,202.69",$576.84,$625.85,Credit Card,3.8,No
101635,2024-08-24,Latin America,Argentina,Health & Beauty,Yoga Mat,Online,Consumer,Cameron Nakamura,4,$148.60,$80.29,0%,$594.40,$0.00,$594.40,$321.16,$273.24,PayPal,3.8,No
101636,2024-08-25,North America,United States,Home & Kitchen,Blender,Marketplace,Consumer,Sam Silva,3,$159.71,$100.93,0%,$479.13,$0.00,$479.13,$302.79,$176.34,Debit Card,3.3,No
101637,2024-08-25,Europe,Germany,Health & Beauty,Skincare Set,Retail Store,Enterprise,Fatima Ahmed,4,$108.02,$62.56,0%,$432.08,$0.00,$432.08,$250.24,$181.84,Credit Card,4.8,No
101638,2024-08-25,Asia Pacific,Singapore,Health & Beauty,Massage Gun,Online,Small Business,Alex Reyes,1,$121.98,$62.29,0%,$121.98,$0.00,$121.98,$62.29,$59.69,PayPal,2.0,No
101639,2024-08-26,Europe,Netherlands,Office Supplies,Notebook Set,Marketplace,Consumer,Morgan Kim,15,$73.79,$43.63,0%,"$1,106.85",$0.00,"$1,106.85",$654.45,$452.40,Credit Card,4.8,Yes
101640,2024-08-26,Europe,Germany,Electronics,USB-C Hub,Retail Store,Small Business,Priya Rossi,5,$228.26,$136.81,20%,"$1,141.30",$228.26,$913.04,$684.05,$228.99,Credit Card,4.9,No
101641,2024-08-26,North America,Mexico,Apparel,Denim Jacket,Retail Store,Consumer,Cameron Nakamura,1,$55.64,$24.22,0%,$55.64,$0.00,$55.64,$24.22,$31.42,PayPal,3.7,No
101642,2024-08-26,Latin America,Argentina,Health & Beauty,Yoga Mat,Retail Store,Consumer,Jamie Johansson,5,$105.86,$44.13,5%,$529.30,$26.46,$502.84,$220.65,$282.19,PayPal,4.5,Yes
101643,2024-08-26,Asia Pacific,Japan,Office Supplies,Desk Organizer,Marketplace,Consumer,Lucas Novak,5,$158.92,$82.67,0%,$794.60,$0.00,$794.60,$413.35,$381.25,Credit Card,3.3,No
101644,2024-08-26,Latin America,Brazil,Office Supplies,Desk Organizer,Online,Consumer,Fatima Ahmed,1,$119.17,$52.61,0%,$119.17,$0.00,$119.17,$52.61,$66.56,Credit Card,5.0,Yes
101645,2024-08-26,Europe,Netherlands,Electronics,Wireless Earbuds,Retail Store,Consumer,Kenji Haddad,6,$49.85,$20.57,0%,$299.10,$0.00,$299.10,$123.42,$175.68,PayPal,4.7,No
101646,2024-08-26,Latin America,Brazil,Office Supplies,Ergonomic Chair,Retail Store,Consumer,Priya Rossi,4,$310.04,$190.38,0%,"$1,240.16",$0.00,"$1,240.16",$761.52,$478.64,PayPal,5.0,No
101647,2024-08-26,Latin America,Chile,Office Supplies,Notebook Set,Retail Store,Consumer,Wei Dubois,7,$274.71,$174.42,0%,"$1,922.97",$0.00,"$1,922.97","$1,220.94",$702.03,Credit Card,5.0,No
101648,2024-08-27,North America,United States,Office Supplies,Monitor Arm,Retail Store,Enterprise,Cameron Nakamura,10,$360.14,$173.91,10%,"$3,601.40",$360.14,"$3,241.26","$1,739.10","$1,502.16",PayPal,4.5,No
101649,2024-08-27,North America,Mexico,Home & Kitchen,Air Fryer,Online,Consumer,Jordan Chen,6,$151.95,$81.17,0%,$911.70,$0.00,$911.70,$487.02,$424.68,Cash,4.0,No
101650,2024-08-28,Latin America,Argentina,Office Supplies,Ergonomic Chair,Wholesale,Consumer,Lucas Novak,4,$127.60,$66.32,0%,$510.40,$0.00,$510.40,$265.28,$245.12,Debit Card,4.6,No
101651,2024-08-28,Asia Pacific,South Korea,Health & Beauty,Skincare Set,Online,Consumer,Taylor Patel,2,$179.91,$102.78,0%,$359.82,$0.00,$359.82,$205.56,$154.26,Debit Card,5.0,No
101652,2024-08-28,Asia Pacific,Japan,Home & Kitchen,Cookware Set,Online,Consumer,Alex Reyes,10,$86.03,$38.90,5%,$860.30,$43.02,$817.28,$389.00,$428.28,Credit Card,4.2,No
101653,2024-08-29,Latin America,Argentina,Apparel,Sunglasses,Marketplace,Small Business,Sam Silva,8,$37.89,$22.02,0%,$303.12,$0.00,$303.12,$176.16,$126.96,Cash,4.2,No
101654,2024-08-29,Europe,Spain,Home & Kitchen,Vacuum Cleaner,Marketplace,Consumer,Wei Dubois,14,$180.65,$105.57,0%,"$2,529.10",$0.00,"$2,529.10","$1,477.98","$1,051.12",PayPal,4.1,No
101655,2024-08-29,Asia Pacific,China,Office Supplies,Monitor Arm,Online,Consumer,Sam Silva,10,$97.51,$50.30,5%,$975.10,$48.76,$926.34,$503.00,$423.34,Cash,4.1,No
101656,2024-08-29,Latin America,Argentina,Office Supplies,Notebook Set,Wholesale,Enterprise,Priya Rossi,1,$112.70,$56.46,5%,$112.70,$5.64,$107.06,$56.46,$50.60,Credit Card,3.0,No
101657,2024-08-29,North America,Mexico,Office Supplies,Desk Organizer,Online,Consumer,Elena Lindqvist,9,$291.06,$154.67,0%,"$2,619.54",$0.00,"$2,619.54","$1,392.03","$1,227.51",Credit Card,3.9,No
101658,2024-08-29,North America,United States,Health & Beauty,Fitness Tracker,Online,Enterprise,Jordan Chen,16,$152.61,$74.26,0%,"$2,441.76",$0.00,"$2,441.76","$1,188.16","$1,253.60",PayPal,3.9,No
101659,2024-08-29,Latin America,Brazil,Home & Kitchen,Toaster,Online,Small Business,Priya Rossi,16,$200.89,$90.78,0%,"$3,214.24",$0.00,"$3,214.24","$1,452.48","$1,761.76",Bank Transfer,3.6,No
101660,2024-08-29,Asia Pacific,Australia,Electronics,Bluetooth Speaker,Marketplace,Small Business,Sofia Kowalski,6,$296.84,$129.07,0%,"$1,781.04",$0.00,"$1,781.04",$774.42,"$1,006.62",PayPal,4.3,No
101661,2024-08-29,North America,United States,Home & Kitchen,Coffee Maker,Online,Consumer,Elena Lindqvist,6,$42.42,$17.91,0%,$254.52,$0.00,$254.52,$107.46,$147.06,Credit Card,4.3,No
101662,2024-08-29,North America,United States,Office Supplies,Standing Desk,Online,Consumer,Sofia Kowalski,8,$369.25,$200.06,10%,"$2,954.00",$295.40,"$2,658.60","$1,600.48","$1,058.12",Debit Card,4.2,No
101663,2024-08-30,Asia Pacific,Singapore,Office Supplies,Ergonomic Chair,Retail Store,Consumer,Alex Reyes,9,$100.51,$62.54,10%,$904.59,$90.46,$814.13,$562.86,$251.27,Credit Card,4.6,No
101664,2024-08-30,Latin America,Argentina,Health & Beauty,Skincare Set,Retail Store,Small Business,Wei Dubois,3,$109.78,$69.04,0%,$329.34,$0.00,$329.34,$207.12,$122.22,Credit Card,3.8,No
101665,2024-08-30,Middle East & Africa,South Africa,Home & Kitchen,Air Fryer,Retail Store,Consumer,Lucas Novak,4,$194.44,$118.67,0%,$777.76,$0.00,$777.76,$474.68,$303.08,Credit Card,4.1,No
101666,2024-08-30,North America,United States,Office Supplies,Desk Organizer,Marketplace,Small Business,Cameron Nakamura,5,$361.18,$173.39,0%,"$1,805.90",$0.00,"$1,805.90",$866.95,$938.95,Bank Transfer,3.5,No
101667,2024-08-30,Europe,Spain,Office Supplies,Desk Organizer,Marketplace,Consumer,Lucas Novak,11,$370.05,$221.00,0%,"$4,070.55",$0.00,"$4,070.55","$2,431.00","$1,639.55",PayPal,2.8,No
101668,2024-08-31,North America,Mexico,Electronics,Wireless Earbuds,Retail Store,Consumer,Elena Lindqvist,6,$329.50,$185.59,0%,"$1,977.00",$0.00,"$1,977.00","$1,113.54",$863.46,Credit Card,5.0,No
101669,2024-08-31,Europe,Italy,Office Supplies,Standing Desk,Online,Small Business,Priya Rossi,3,$364.56,$148.18,0%,"$1,093.68",$0.00,"$1,093.68",$444.54,$649.14,Credit Card,4.1,No
101670,2024-08-31,Latin America,Brazil,Office Supplies,Monitor Arm,Wholesale,Enterprise,Kenji Haddad,9,$227.68,$119.91,0%,"$2,049.12",$0.00,"$2,049.12","$1,079.19",$969.93,Debit Card,4.9,No
101671,2024-08-31,Asia Pacific,India,Apparel,Wool Sweater,Online,Consumer,Morgan Kim,11,$74.31,$34.11,0%,$817.41,$0.00,$817.41,$375.21,$442.20,Debit Card,2.7,Yes
101672,2024-09-01,Europe,Germany,Apparel,Backpack,Marketplace,Enterprise,Taylor Patel,4,$139.26,$69.12,0%,$557.04,$0.00,$557.04,$276.48,$280.56,Credit Card,4.2,No
101673,2024-09-01,Middle East & Africa,Nigeria,Electronics,Bluetooth Speaker,Online,Small Business,Amara Costa,5,$114.99,$63.77,0%,$574.95,$0.00,$574.95,$318.85,$256.10,PayPal,3.5,No
101674,2024-09-01,Asia Pacific,China,Electronics,Wireless Earbuds,Retail Store,Consumer,Wei Dubois,5,$216.10,$94.52,0%,"$1,080.50",$0.00,"$1,080.50",$472.60,$607.90,PayPal,4.0,No
101675,2024-09-01,Asia Pacific,China,Home & Kitchen,Cookware Set,Online,Consumer,Alex Reyes,11,$208.92,$117.44,0%,"$2,298.12",$0.00,"$2,298.12","$1,291.84","$1,006.28",Credit Card,4.3,No
101676,2024-09-01,Asia Pacific,Japan,Apparel,Yoga Pants,Online,Consumer,Sofia Kowalski,4,$71.25,$31.91,0%,$285.00,$0.00,$285.00,$127.64,$157.36,Bank Transfer,4.2,No
101677,2024-09-02,Europe,United Kingdom,Apparel,Denim Jacket,Online,Small Business,Sofia Kowalski,5,$130.99,$65.63,20%,$654.95,$130.99,$523.96,$328.15,$195.81,Credit Card,3.1,No
101678,2024-09-02,Middle East & Africa,Nigeria,Apparel,Running Shoes,Online,Enterprise,Cameron Nakamura,1,$113.36,$71.07,15%,$113.36,$17.00,$96.36,$71.07,$25.29,Credit Card,5.0,No
101679,2024-09-02,Asia Pacific,Japan,Home & Kitchen,Vacuum Cleaner,Online,Consumer,Amara Costa,3,$82.72,$37.98,0%,$248.16,$0.00,$248.16,$113.94,$134.22,PayPal,3.8,No
101680,2024-09-02,Asia Pacific,China,Office Supplies,Standing Desk,Wholesale,Small Business,Jamie Johansson,10,$323.84,$177.56,0%,"$3,238.40",$0.00,"$3,238.40","$1,775.60","$1,462.80",Debit Card,5.0,No
101681,2024-09-03,North America,United States,Health & Beauty,Yoga Mat,Online,Small Business,Elena Lindqvist,18,$14.70,$8.25,5%,$264.60,$13.23,$251.37,$148.50,$102.87,Credit Card,5.0,No
101682,2024-09-03,North America,United States,Health & Beauty,Massage Gun,Retail Store,Consumer,Jordan Chen,11,$167.40,$68.52,0%,"$1,841.40",$0.00,"$1,841.40",$753.72,"$1,087.68",Credit Card,4.9,No
101683,2024-09-03,North America,United States,Apparel,Yoga Pants,Wholesale,Small Business,Riley Muller,9,$124.22,$68.03,0%,"$1,117.98",$0.00,"$1,117.98",$612.27,$505.71,Cash,2.9,No
101684,2024-09-03,Middle East & Africa,Nigeria,Health & Beauty,Hair Dryer,Online,Consumer,Amara Costa,11,$98.83,$58.47,5%,"$1,087.13",$54.36,"$1,032.77",$643.17,$389.60,Credit Card,4.4,No
101685,2024-09-03,Asia Pacific,Japan,Apparel,Wool Sweater,Online,Consumer,Kenji Haddad,5,$137.81,$62.27,0%,$689.05,$0.00,$689.05,$311.35,$377.70,Credit Card,4.7,No
101686,2024-09-03,Europe,Spain,Office Supplies,Pen Set,Marketplace,Consumer,Alex Reyes,10,$385.01,$236.24,0%,"$3,850.10",$0.00,"$3,850.10","$2,362.40","$1,487.70",Debit Card,4.1,No
101687,2024-09-03,Asia Pacific,South Korea,Electronics,Power Bank,Retail Store,Enterprise,Taylor Patel,6,$218.06,$98.13,0%,"$1,308.36",$0.00,"$1,308.36",$588.78,$719.58,Debit Card,5.0,No
101688,2024-09-04,Europe,Netherlands,Apparel,Wool Sweater,Retail Store,Consumer,Drew Okafor,3,$90.65,$44.91,0%,$271.95,$0.00,$271.95,$134.73,$137.22,Credit Card,4.4,Yes
101689,2024-09-04,North America,Mexico,Office Supplies,Ergonomic Chair,Online,Consumer,Sam Silva,9,$326.59,$133.78,0%,"$2,939.31",$0.00,"$2,939.31","$1,204.02","$1,735.29",Credit Card,3.3,Yes
101690,2024-09-04,Middle East & Africa,Saudi Arabia,Apparel,Denim Jacket,Retail Store,Small Business,Fatima Ahmed,4,$50.46,$30.73,0%,$201.84,$0.00,$201.84,$122.92,$78.92,PayPal,4.6,No
101691,2024-09-04,Asia Pacific,Australia,Apparel,Yoga Pants,Online,Small Business,Sam Silva,12,$130.98,$63.41,0%,"$1,571.76",$0.00,"$1,571.76",$760.92,$810.84,Credit Card,4.7,No
101692,2024-09-04,Europe,Italy,Health & Beauty,Hair Dryer,Online,Enterprise,Sofia Kowalski,8,$40.85,$18.11,10%,$326.80,$32.68,$294.12,$144.88,$149.24,PayPal,4.6,No
101693,2024-09-04,Asia Pacific,China,Health & Beauty,Fitness Tracker,Wholesale,Consumer,Fatima Ahmed,13,$115.32,$73.85,0%,"$1,499.16",$0.00,"$1,499.16",$960.05,$539.11,Credit Card,4.0,No
101694,2024-09-05,Europe,Netherlands,Health & Beauty,Electric Toothbrush,Retail Store,Consumer,Casey Garcia,12,$31.05,$12.55,5%,$372.60,$18.63,$353.97,$150.60,$203.37,Debit Card,3.7,No
101695,2024-09-05,North America,United States,Home & Kitchen,Coffee Maker,Online,Small Business,Lucas Novak,1,$24.89,$11.12,5%,$24.89,$1.24,$23.65,$11.12,$12.53,Credit Card,4.5,No
101696,2024-09-06,Europe,Spain,Electronics,Wireless Earbuds,Retail Store,Small Business,Elena Lindqvist,2,$130.52,$81.96,0%,$261.04,$0.00,$261.04,$163.92,$97.12,Credit Card,4.0,No
101697,2024-09-06,North America,United States,Apparel,Sunglasses,Online,Consumer,Sam Silva,11,$44.19,$28.28,0%,$486.09,$0.00,$486.09,$311.08,$175.01,PayPal,3.4,No
101698,2024-09-06,Europe,Italy,Home & Kitchen,Coffee Maker,Online,Consumer,Jordan Chen,15,$99.60,$62.68,0%,"$1,494.00",$0.00,"$1,494.00",$940.20,$553.80,Credit Card,3.8,No
101699,2024-09-06,Middle East & Africa,South Africa,Office Supplies,Desk Organizer,Marketplace,Consumer,Fatima Ahmed,2,$209.94,$91.89,0%,$419.88,$0.00,$419.88,$183.78,$236.10,Bank Transfer,5.0,No
101700,2024-09-06,Europe,United Kingdom,Health & Beauty,Hair Dryer,Retail Store,Consumer,Sofia Kowalski,6,$145.84,$78.71,15%,$875.04,$131.26,$743.78,$472.26,$271.52,Credit Card,3.1,No
101701,2024-09-06,Asia Pacific,Singapore,Office Supplies,Standing Desk,Marketplace,Small Business,Amara Costa,21,$198.80,$85.06,0%,"$4,174.80",$0.00,"$4,174.80","$1,786.26","$2,388.54",Cash,5.0,No
101702,2024-09-07,Europe,Germany,Apparel,Yoga Pants,Retail Store,Consumer,Sam Silva,6,$121.83,$52.74,0%,$730.98,$0.00,$730.98,$316.44,$414.54,Cash,4.0,No
101703,2024-09-07,Europe,Germany,Apparel,Running Shoes,Online,Consumer,Sofia Kowalski,7,$33.35,$18.57,0%,$233.45,$0.00,$233.45,$129.99,$103.46,PayPal,3.8,No
101704,2024-09-07,North America,United States,Office Supplies,Ergonomic Chair,Online,Consumer,Elena Lindqvist,15,$54.64,$23.10,0%,$819.60,$0.00,$819.60,$346.50,$473.10,Credit Card,5.0,No
101705,2024-09-07,North America,Mexico,Office Supplies,Notebook Set,Marketplace,Consumer,Kenji Haddad,2,$257.37,$148.64,0%,$514.74,$0.00,$514.74,$297.28,$217.46,Bank Transfer,3.3,No
101706,2024-09-07,Asia Pacific,South Korea,Health & Beauty,Yoga Mat,Retail Store,Consumer,Morgan Kim,5,$51.49,$30.55,15%,$257.45,$38.62,$218.83,$152.75,$66.08,Cash,3.5,No
101707,2024-09-07,Europe,France,Home & Kitchen,Air Fryer,Online,Small Business,Sam Silva,18,$171.61,$82.71,0%,"$3,088.98",$0.00,"$3,088.98","$1,488.78","$1,600.20",Credit Card,4.7,No
101708,2024-09-07,North America,United States,Home & Kitchen,Cookware Set,Online,Consumer,Taylor Patel,8,$105.98,$60.18,5%,$847.84,$42.39,$805.45,$481.44,$324.01,PayPal,5.0,No
101709,2024-09-07,Europe,Italy,Electronics,Bluetooth Speaker,Online,Consumer,Jamie Johansson,2,$269.55,$160.33,0%,$539.10,$0.00,$539.10,$320.66,$218.44,Debit Card,3.7,No
101710,2024-09-08,Europe,Italy,Electronics,Bluetooth Speaker,Online,Enterprise,Alex Reyes,13,$273.57,$139.79,0%,"$3,556.41",$0.00,"$3,556.41","$1,817.27","$1,739.14",Credit Card,3.8,No
101711,2024-09-08,North America,United States,Electronics,Power Bank,Online,Consumer,Drew Okafor,4,$111.55,$49.49,0%,$446.20,$0.00,$446.20,$197.96,$248.24,Debit Card,2.3,Yes
101712,2024-09-08,Asia Pacific,Singapore,Electronics,Wireless Earbuds,Online,Consumer,Elena Lindqvist,5,$309.21,$153.24,0%,"$1,546.05",$0.00,"$1,546.05",$766.20,$779.85,PayPal,3.3,No
101713,2024-09-08,North America,Mexico,Office Supplies,Ergonomic Chair,Marketplace,Consumer,Cameron Nakamura,11,$38.45,$17.40,15%,$422.95,$63.44,$359.51,$191.40,$168.11,Debit Card,4.6,No
101714,2024-09-08,North America,Canada,Health & Beauty,Massage Gun,Online,Consumer,Cameron Nakamura,3,$119.94,$57.85,0%,$359.82,$0.00,$359.82,$173.55,$186.27,PayPal,4.5,Yes
101715,2024-09-09,Asia Pacific,Japan,Apparel,Running Shoes,Online,Consumer,Noah Santos,5,$43.27,$25.32,0%,$216.35,$0.00,$216.35,$126.60,$89.75,PayPal,4.6,No
101716,2024-09-09,Asia Pacific,India,Home & Kitchen,Vacuum Cleaner,Retail Store,Small Business,Morgan Kim,3,$135.82,$61.97,5%,$407.46,$20.37,$387.09,$185.91,$201.18,PayPal,3.4,No
101717,2024-09-09,Latin America,Argentina,Office Supplies,Pen Set,Online,Consumer,Alex Reyes,3,$218.61,$128.44,0%,$655.83,$0.00,$655.83,$385.32,$270.51,Debit Card,4.6,No
101718,2024-09-09,Latin America,Brazil,Office Supplies,Pen Set,Wholesale,Small Business,Priya Rossi,7,$196.07,$78.45,0%,"$1,372.49",$0.00,"$1,372.49",$549.15,$823.34,Credit Card,4.5,No
101719,2024-09-09,Europe,Spain,Office Supplies,Ergonomic Chair,Online,Consumer,Cameron Nakamura,7,$351.22,$174.68,0%,"$2,458.54",$0.00,"$2,458.54","$1,222.76","$1,235.78",PayPal,4.9,No
101720,2024-09-09,Europe,Germany,Home & Kitchen,Vacuum Cleaner,Online,Consumer,Taylor Patel,4,$217.77,$104.91,10%,$871.08,$87.11,$783.97,$419.64,$364.33,Bank Transfer,3.3,No
101721,2024-09-09,Asia Pacific,South Korea,Office Supplies,Desk Organizer,Retail Store,Consumer,Morgan Kim,10,$173.73,$85.98,0%,"$1,737.30",$0.00,"$1,737.30",$859.80,$877.50,PayPal,4.7,No
101722,2024-09-09,North America,Mexico,Home & Kitchen,Air Fryer,Online,Small Business,Kenji Haddad,9,$59.06,$31.83,15%,$531.54,$79.73,$451.81,$286.47,$165.34,Credit Card,3.3,No
101723,2024-09-09,North America,Mexico,Apparel,Backpack,Online,Small Business,Noah Santos,7,$84.59,$39.29,0%,$592.13,$0.00,$592.13,$275.03,$317.10,Credit Card,4.5,No
101724,2024-09-10,North America,United States,Apparel,Backpack,Online,Consumer,Fatima Ahmed,8,$23.32,$14.80,0%,$186.56,$0.00,$186.56,$118.40,$68.16,Credit Card,3.8,No
101725,2024-09-10,North America,Canada,Electronics,Laptop Stand,Online,Small Business,Jamie Johansson,6,$313.45,$199.95,5%,"$1,880.70",$94.04,"$1,786.66","$1,199.70",$586.96,Credit Card,3.5,No
101726,2024-09-10,Latin America,Brazil,Office Supplies,Pen Set,Wholesale,Consumer,Elena Lindqvist,4,$224.10,$119.01,0%,$896.40,$0.00,$896.40,$476.04,$420.36,Credit Card,4.4,No
101727,2024-09-10,Asia Pacific,Singapore,Electronics,Smartwatch,Online,Small Business,Diego Weber,7,$124.50,$53.89,0%,$871.50,$0.00,$871.50,$377.23,$494.27,Credit Card,3.4,No
101728,2024-09-10,Europe,France,Apparel,Wool Sweater,Online,Small Business,Sam Silva,17,$84.63,$52.92,5%,"$1,438.71",$71.94,"$1,366.77",$899.64,$467.13,PayPal,3.4,No
101729,2024-09-10,North America,Mexico,Electronics,Laptop Stand,Online,Consumer,Diego Weber,3,$297.83,$167.55,5%,$893.49,$44.67,$848.82,$502.65,$346.17,Credit Card,3.5,No
101730,2024-09-10,Europe,United Kingdom,Home & Kitchen,Cookware Set,Marketplace,Enterprise,Kenji Haddad,22,$152.76,$88.26,15%,"$3,360.72",$504.11,"$2,856.61","$1,941.72",$914.89,Credit Card,2.9,No
101731,2024-09-10,North America,United States,Office Supplies,Monitor Arm,Marketplace,Enterprise,Sam Silva,7,$250.90,$136.11,5%,"$1,756.30",$87.82,"$1,668.48",$952.77,$715.71,Debit Card,3.9,No
101732,2024-09-10,Europe,Netherlands,Home & Kitchen,Toaster,Online,Consumer,Noah Santos,12,$47.37,$28.64,5%,$568.44,$28.42,$540.02,$343.68,$196.34,Bank Transfer,5.0,No
101733,2024-09-10,Europe,Germany,Health & Beauty,Electric Toothbrush,Marketplace,Consumer,Diego Weber,13,$134.44,$81.52,0%,"$1,747.72",$0.00,"$1,747.72","$1,059.76",$687.96,Debit Card,3.6,No
101734,2024-09-10,Europe,United Kingdom,Home & Kitchen,Coffee Maker,Wholesale,Small Business,Casey Garcia,4,$218.77,$136.21,0%,$875.08,$0.00,$875.08,$544.84,$330.24,Credit Card,4.2,No
101735,2024-09-11,Asia Pacific,Japan,Apparel,Wool Sweater,Marketplace,Consumer,Cameron Nakamura,10,$66.74,$41.63,0%,$667.40,$0.00,$667.40,$416.30,$251.10,Credit Card,3.4,No
101736,2024-09-11,Latin America,Chile,Office Supplies,Pen Set,Wholesale,Consumer,Casey Garcia,3,$310.15,$135.14,0%,$930.45,$0.00,$930.45,$405.42,$525.03,Credit Card,1.9,No
101737,2024-09-12,Asia Pacific,India,Home & Kitchen,Vacuum Cleaner,Wholesale,Consumer,Jamie Johansson,7,$150.12,$90.56,0%,"$1,050.84",$0.00,"$1,050.84",$633.92,$416.92,PayPal,5.0,Yes
101738,2024-09-12,North America,Mexico,Health & Beauty,Yoga Mat,Wholesale,Consumer,Cameron Nakamura,8,$156.53,$66.03,5%,"$1,252.24",$62.61,"$1,189.63",$528.24,$661.39,Credit Card,4.8,No
101739,2024-09-12,Asia Pacific,India,Apparel,Running Shoes,Marketplace,Consumer,Sofia Kowalski,15,$38.62,$18.49,0%,$579.30,$0.00,$579.30,$277.35,$301.95,Bank Transfer,4.4,Yes
101740,2024-09-12,Europe,Spain,Home & Kitchen,Toaster,Marketplace,Small Business,Lucas Novak,5,$152.02,$86.51,0%,$760.10,$0.00,$760.10,$432.55,$327.55,PayPal,4.4,No
101741,2024-09-12,Latin America,Brazil,Health & Beauty,Hair Dryer,Retail Store,Consumer,Jordan Chen,4,$17.36,$9.55,0%,$69.44,$0.00,$69.44,$38.20,$31.24,Credit Card,4.2,No
101742,2024-09-12,North America,Canada,Office Supplies,Monitor Arm,Wholesale,Small Business,Sofia Kowalski,4,$226.89,$118.31,5%,$907.56,$45.38,$862.18,$473.24,$388.94,Debit Card,4.2,No
101743,2024-09-12,Middle East & Africa,Nigeria,Office Supplies,Standing Desk,Online,Enterprise,Elena Lindqvist,14,$288.05,$167.07,0%,"$4,032.70",$0.00,"$4,032.70","$2,338.98","$1,693.72",PayPal,5.0,No
101744,2024-09-12,Asia Pacific,India,Apparel,Wool Sweater,Online,Small Business,Elena Lindqvist,12,$27.42,$11.86,0%,$329.04,$0.00,$329.04,$142.32,$186.72,PayPal,4.6,No
101745,2024-09-13,North America,United States,Health & Beauty,Fitness Tracker,Marketplace,Consumer,Sofia Kowalski,1,$68.95,$41.20,10%,$68.95,$6.90,$62.05,$41.20,$20.85,Cash,4.7,No
101746,2024-09-13,Asia Pacific,China,Electronics,Smartwatch,Online,Consumer,Noah Santos,5,$215.68,$133.05,0%,"$1,078.40",$0.00,"$1,078.40",$665.25,$413.15,Credit Card,3.3,No
101747,2024-09-13,Europe,Germany,Apparel,Backpack,Wholesale,Consumer,Jamie Johansson,6,$119.70,$70.23,0%,$718.20,$0.00,$718.20,$421.38,$296.82,Credit Card,5.0,Yes
101748,2024-09-13,Asia Pacific,Japan,Electronics,Laptop Stand,Online,Consumer,Sofia Kowalski,4,$298.36,$150.15,10%,"$1,193.44",$119.34,"$1,074.10",$600.60,$473.50,PayPal,4.3,No
101749,2024-09-14,Europe,Germany,Apparel,Sunglasses,Retail Store,Consumer,Cameron Nakamura,14,$34.38,$18.83,0%,$481.32,$0.00,$481.32,$263.62,$217.70,Credit Card,5.0,No
101750,2024-09-14,Europe,France,Home & Kitchen,Toaster,Marketplace,Enterprise,Fatima Ahmed,4,$88.11,$44.24,0%,$352.44,$0.00,$352.44,$176.96,$175.48,PayPal,5.0,No
101751,2024-09-14,Europe,United Kingdom,Electronics,Laptop Stand,Online,Small Business,Priya Rossi,5,$178.54,$77.17,0%,$892.70,$0.00,$892.70,$385.85,$506.85,Credit Card,4.3,No
101752,2024-09-14,Asia Pacific,Japan,Electronics,Power Bank,Marketplace,Consumer,Noah Santos,12,$219.80,$106.23,15%,"$2,637.60",$395.64,"$2,241.96","$1,274.76",$967.20,PayPal,5.0,No
101753,2024-09-14,Asia Pacific,China,Health & Beauty,Hair Dryer,Online,Consumer,Diego Weber,9,$27.29,$14.15,0%,$245.61,$0.00,$245.61,$127.35,$118.26,Bank Transfer,3.6,Yes
101754,2024-09-15,North America,Canada,Home & Kitchen,Coffee Maker,Retail Store,Consumer,Taylor Patel,7,$182.43,$94.79,15%,"$1,277.01",$191.55,"$1,085.46",$663.53,$421.93,Credit Card,3.3,No
101755,2024-09-15,North America,Canada,Apparel,Yoga Pants,Online,Small Business,Drew Okafor,10,$110.88,$46.53,0%,"$1,108.80",$0.00,"$1,108.80",$465.30,$643.50,Cash,4.4,No
101756,2024-09-15,North America,United States,Health & Beauty,Massage Gun,Wholesale,Small Business,Morgan Kim,7,$178.59,$92.73,5%,"$1,250.13",$62.51,"$1,187.62",$649.11,$538.51,PayPal,4.4,No
101757,2024-09-15,Asia Pacific,India,Office Supplies,Desk Organizer,Retail Store,Small Business,Wei Dubois,5,$188.87,$119.51,10%,$944.35,$94.44,$849.91,$597.55,$252.36,Credit Card,4.8,No
101758,2024-09-15,Europe,Italy,Office Supplies,Monitor Arm,Retail Store,Enterprise,Casey Garcia,7,$351.05,$188.84,10%,"$2,457.35",$245.74,"$2,211.61","$1,321.88",$889.73,Credit Card,3.3,No
101759,2024-09-15,Asia Pacific,China,Health & Beauty,Hair Dryer,Online,Consumer,Jordan Chen,7,$101.18,$47.23,0%,$708.26,$0.00,$708.26,$330.61,$377.65,PayPal,3.9,No
101760,2024-09-16,North America,Canada,Home & Kitchen,Blender,Marketplace,Consumer,Amara Costa,5,$110.08,$48.20,5%,$550.40,$27.52,$522.88,$241.00,$281.88,Credit Card,4.8,No
101761,2024-09-16,Middle East & Africa,UAE,Health & Beauty,Massage Gun,Marketplace,Consumer,Cameron Nakamura,12,$25.30,$15.95,0%,$303.60,$0.00,$303.60,$191.40,$112.20,Credit Card,3.2,No
101762,2024-09-16,North America,United States,Office Supplies,Monitor Arm,Wholesale,Small Business,Jordan Chen,14,$213.51,$117.38,0%,"$2,989.14",$0.00,"$2,989.14","$1,643.32","$1,345.82",Credit Card,3.8,No
101763,2024-09-16,North America,Mexico,Apparel,Backpack,Online,Consumer,Jamie Johansson,12,$76.12,$32.78,0%,$913.44,$0.00,$913.44,$393.36,$520.08,Credit Card,3.9,No
101764,2024-09-16,North America,Canada,Office Supplies,Monitor Arm,Online,Small Business,Riley Muller,2,$290.71,$170.04,0%,$581.42,$0.00,$581.42,$340.08,$241.34,Debit Card,4.2,No
101765,2024-09-16,Asia Pacific,Japan,Home & Kitchen,Toaster,Marketplace,Small Business,Elena Lindqvist,11,$35.45,$19.78,0%,$389.95,$0.00,$389.95,$217.58,$172.37,Debit Card,4.2,No
101766,2024-09-16,Asia Pacific,Singapore,Office Supplies,Ergonomic Chair,Retail Store,Consumer,Sofia Kowalski,10,$70.27,$41.13,0%,$702.70,$0.00,$702.70,$411.30,$291.40,Debit Card,4.9,No
101767,2024-09-16,Latin America,Colombia,Health & Beauty,Electric Toothbrush,Online,Consumer,Amara Costa,5,$42.68,$22.68,0%,$213.40,$0.00,$213.40,$113.40,$100.00,Cash,4.1,No
101768,2024-09-16,North America,United States,Office Supplies,Standing Desk,Online,Consumer,Riley Muller,11,$361.41,$205.09,10%,"$3,975.51",$397.55,"$3,577.96","$2,255.99","$1,321.97",PayPal,4.2,No
101769,2024-09-17,Asia Pacific,China,Office Supplies,Pen Set,Retail Store,Consumer,Kenji Haddad,2,$145.10,$85.90,0%,$290.20,$0.00,$290.20,$171.80,$118.40,Credit Card,3.9,No
101770,2024-09-17,Asia Pacific,China,Apparel,Denim Jacket,Online,Consumer,Sam Silva,9,$70.75,$39.39,15%,$636.75,$95.51,$541.24,$354.51,$186.73,Credit Card,4.7,No
101771,2024-09-17,Europe,Italy,Home & Kitchen,Vacuum Cleaner,Online,Consumer,Taylor Patel,2,$72.76,$29.15,0%,$145.52,$0.00,$145.52,$58.30,$87.22,PayPal,4.7,No
101772,2024-09-17,North America,United States,Apparel,Backpack,Retail Store,Small Business,Sofia Kowalski,20,$85.45,$37.90,0%,"$1,709.00",$0.00,"$1,709.00",$758.00,$951.00,Credit Card,4.5,No
101773,2024-09-17,Asia Pacific,India,Apparel,Running Shoes,Online,Enterprise,Casey Garcia,9,$18.82,$9.13,5%,$169.38,$8.47,$160.91,$82.17,$78.74,Bank Transfer,5.0,No
101774,2024-09-17,Asia Pacific,Japan,Electronics,Bluetooth Speaker,Marketplace,Consumer,Taylor Patel,10,$237.19,$130.23,0%,"$2,371.90",$0.00,"$2,371.90","$1,302.30","$1,069.60",PayPal,4.2,No
101775,2024-09-17,Europe,Germany,Home & Kitchen,Toaster,Wholesale,Consumer,Kenji Haddad,6,$28.80,$15.05,0%,$172.80,$0.00,$172.80,$90.30,$82.50,PayPal,3.7,No
101776,2024-09-17,Asia Pacific,Singapore,Electronics,Smartwatch,Online,Consumer,Priya Rossi,5,$37.23,$17.63,0%,$186.15,$0.00,$186.15,$88.15,$98.00,Credit Card,5.0,No
101777,2024-09-17,Asia Pacific,India,Home & Kitchen,Vacuum Cleaner,Online,Consumer,Kenji Haddad,5,$68.60,$28.23,10%,$343.00,$34.30,$308.70,$141.15,$167.55,Debit Card,5.0,No
101778,2024-09-18,Europe,Netherlands,Electronics,Laptop Stand,Online,Consumer,Drew Okafor,3,$141.05,$88.40,0%,$423.15,$0.00,$423.15,$265.20,$157.95,Credit Card,2.9,No
101779,2024-09-18,Middle East & Africa,Saudi Arabia,Home & Kitchen,Blender,Retail Store,Consumer,Casey Garcia,8,$62.08,$28.61,15%,$496.64,$74.50,$422.14,$228.88,$193.26,Credit Card,4.3,No
101780,2024-09-18,Latin America,Brazil,Electronics,Power Bank,Online,Enterprise,Elena Lindqvist,11,$202.30,$112.45,20%,"$2,225.30",$445.06,"$1,780.24","$1,236.95",$543.29,Credit Card,3.5,No
101781,2024-09-18,North America,Mexico,Electronics,Smartwatch,Wholesale,Consumer,Noah Santos,10,$234.54,$122.15,0%,"$2,345.40",$0.00,"$2,345.40","$1,221.50","$1,123.90",Credit Card,3.8,No
101782,2024-09-18,North America,United States,Apparel,Wool Sweater,Online,Consumer,Jamie Johansson,8,$39.85,$16.64,0%,$318.80,$0.00,$318.80,$133.12,$185.68,Credit Card,4.6,No
101783,2024-09-18,Middle East & Africa,Saudi Arabia,Apparel,Sunglasses,Online,Enterprise,Elena Lindqvist,3,$132.27,$78.64,0%,$396.81,$0.00,$396.81,$235.92,$160.89,Credit Card,4.0,No
101784,2024-09-18,Europe,Spain,Apparel,Running Shoes,Online,Enterprise,Drew Okafor,11,$22.48,$11.51,0%,$247.28,$0.00,$247.28,$126.61,$120.67,Bank Transfer,3.5,No
101785,2024-09-19,Asia Pacific,India,Apparel,Sunglasses,Online,Consumer,Wei Dubois,15,$101.13,$54.88,0%,"$1,516.95",$0.00,"$1,516.95",$823.20,$693.75,Debit Card,5.0,No
101786,2024-09-19,Asia Pacific,South Korea,Office Supplies,Standing Desk,Wholesale,Enterprise,Morgan Kim,3,$177.59,$98.77,0%,$532.77,$0.00,$532.77,$296.31,$236.46,PayPal,3.9,No
101787,2024-09-19,North America,Canada,Office Supplies,Notebook Set,Online,Enterprise,Kenji Haddad,3,$73.37,$40.99,0%,$220.11,$0.00,$220.11,$122.97,$97.14,Debit Card,4.3,No
101788,2024-09-19,Europe,Netherlands,Home & Kitchen,Blender,Marketplace,Small Business,Lucas Novak,4,$148.67,$60.16,0%,$594.68,$0.00,$594.68,$240.64,$354.04,Bank Transfer,4.5,No
101789,2024-09-19,Asia Pacific,Japan,Office Supplies,Notebook Set,Wholesale,Consumer,Riley Muller,2,$260.18,$126.91,0%,$520.36,$0.00,$520.36,$253.82,$266.54,Credit Card,4.1,Yes
101790,2024-09-20,North America,Canada,Office Supplies,Pen Set,Retail Store,Small Business,Diego Weber,4,$125.86,$64.62,0%,$503.44,$0.00,$503.44,$258.48,$244.96,PayPal,4.0,No
101791,2024-09-20,North America,Canada,Apparel,Backpack,Online,Enterprise,Amara Costa,1,$16.00,$7.44,0%,$16.00,$0.00,$16.00,$7.44,$8.56,PayPal,3.6,No
101792,2024-09-20,North America,Mexico,Health & Beauty,Fitness Tracker,Retail Store,Consumer,Noah Santos,9,$155.23,$95.49,5%,"$1,397.07",$69.85,"$1,327.22",$859.41,$467.81,Bank Transfer,3.8,No
101793,2024-09-20,Middle East & Africa,Saudi Arabia,Home & Kitchen,Toaster,Retail Store,Consumer,Casey Garcia,5,$44.28,$20.27,10%,$221.40,$22.14,$199.26,$101.35,$97.91,Credit Card,3.9,No
101794,2024-09-20,Europe,Spain,Office Supplies,Desk Organizer,Online,Enterprise,Elena Lindqvist,1,$366.64,$154.06,0%,$366.64,$0.00,$366.64,$154.06,$212.58,Bank Transfer,3.6,No
101795,2024-09-20,Europe,United Kingdom,Health & Beauty,Yoga Mat,Online,Consumer,Alex Reyes,8,$83.62,$49.35,5%,$668.96,$33.45,$635.51,$394.80,$240.71,Credit Card,3.3,No
101796,2024-09-20,Asia Pacific,China,Electronics,USB-C Hub,Online,Consumer,Jordan Chen,5,$241.47,$101.89,0%,"$1,207.35",$0.00,"$1,207.35",$509.45,$697.90,Credit Card,4.3,No
101797,2024-09-20,Europe,Spain,Electronics,Power Bank,Online,Consumer,Elena Lindqvist,16,$275.72,$159.87,0%,"$4,411.52",$0.00,"$4,411.52","$2,557.92","$1,853.60",Credit Card,3.7,No
101798,2024-09-21,North America,Canada,Electronics,Laptop Stand,Online,Small Business,Kenji Haddad,8,$124.52,$50.38,0%,$996.16,$0.00,$996.16,$403.04,$593.12,Credit Card,4.9,No
101799,2024-09-21,Europe,France,Office Supplies,Notebook Set,Marketplace,Consumer,Sofia Kowalski,10,$303.20,$176.05,5%,"$3,032.00",$151.60,"$2,880.40","$1,760.50","$1,119.90",Credit Card,3.0,No
101800,2024-09-21,North America,United States,Apparel,Yoga Pants,Online,Consumer,Sofia Kowalski,3,$79.38,$45.42,0%,$238.14,$0.00,$238.14,$136.26,$101.88,Credit Card,5.0,No
101801,2024-09-21,Asia Pacific,China,Electronics,Bluetooth Speaker,Retail Store,Consumer,Fatima Ahmed,3,$290.89,$188.72,0%,$872.67,$0.00,$872.67,$566.16,$306.51,Debit Card,4.3,No
101802,2024-09-21,Asia Pacific,South Korea,Health & Beauty,Skincare Set,Retail Store,Consumer,Sofia Kowalski,5,$66.97,$33.01,0%,$334.85,$0.00,$334.85,$165.05,$169.80,Credit Card,3.6,Yes
101803,2024-09-21,North America,Mexico,Home & Kitchen,Blender,Online,Small Business,Lucas Novak,10,$184.59,$96.43,5%,"$1,845.90",$92.30,"$1,753.60",$964.30,$789.30,Credit Card,3.8,No
101804,2024-09-22,Middle East & Africa,South Africa,Electronics,Power Bank,Online,Enterprise,Drew Okafor,12,$132.92,$83.66,0%,"$1,595.04",$0.00,"$1,595.04","$1,003.92",$591.12,Credit Card,5.0,No
101805,2024-09-22,North America,Canada,Office Supplies,Notebook Set,Marketplace,Consumer,Sofia Kowalski,10,$338.94,$212.39,0%,"$3,389.40",$0.00,"$3,389.40","$2,123.90","$1,265.50",Credit Card,4.5,No
101806,2024-09-22,North America,Mexico,Home & Kitchen,Blender,Wholesale,Enterprise,Noah Santos,8,$207.80,$132.15,0%,"$1,662.40",$0.00,"$1,662.40","$1,057.20",$605.20,Credit Card,4.0,No
101807,2024-09-22,Europe,Spain,Home & Kitchen,Blender,Retail Store,Consumer,Kenji Haddad,17,$34.25,$21.46,0%,$582.25,$0.00,$582.25,$364.82,$217.43,PayPal,4.2,No
101808,2024-09-22,Europe,Netherlands,Office Supplies,Pen Set,Wholesale,Consumer,Sofia Kowalski,14,$26.76,$11.03,20%,$374.64,$74.93,$299.71,$154.42,$145.29,PayPal,5.0,No
101809,2024-09-23,Asia Pacific,China,Health & Beauty,Massage Gun,Retail Store,Small Business,Priya Rossi,10,$73.82,$40.09,0%,$738.20,$0.00,$738.20,$400.90,$337.30,Cash,5.0,No
101810,2024-09-23,Asia Pacific,Japan,Office Supplies,Notebook Set,Wholesale,Consumer,Kenji Haddad,2,$332.30,$179.39,0%,$664.60,$0.00,$664.60,$358.78,$305.82,Credit Card,3.7,Yes
101811,2024-09-23,North America,Mexico,Electronics,Power Bank,Online,Small Business,Sam Silva,1,$129.44,$79.89,5%,$129.44,$6.47,$122.97,$79.89,$43.08,Credit Card,4.6,No
101812,2024-09-23,North America,Canada,Electronics,Wireless Earbuds,Online,Small Business,Kenji Haddad,5,$294.62,$134.07,0%,"$1,473.10",$0.00,"$1,473.10",$670.35,$802.75,Credit Card,5.0,No
101813,2024-09-23,Europe,France,Apparel,Running Shoes,Marketplace,Small Business,Fatima Ahmed,19,$86.55,$51.48,0%,"$1,644.45",$0.00,"$1,644.45",$978.12,$666.33,Credit Card,3.6,No
101814,2024-09-24,North America,Canada,Apparel,Sunglasses,Wholesale,Enterprise,Amara Costa,10,$91.09,$55.90,0%,$910.90,$0.00,$910.90,$559.00,$351.90,Credit Card,2.6,No
101815,2024-09-24,North America,United States,Apparel,Denim Jacket,Online,Consumer,Noah Santos,8,$50.64,$29.89,10%,$405.12,$40.51,$364.61,$239.12,$125.49,Credit Card,4.1,No
101816,2024-09-24,Asia Pacific,China,Apparel,Yoga Pants,Online,Enterprise,Kenji Haddad,5,$68.10,$43.43,0%,$340.50,$0.00,$340.50,$217.15,$123.35,Bank Transfer,4.0,No
101817,2024-09-24,Europe,Italy,Home & Kitchen,Toaster,Online,Enterprise,Amara Costa,7,$34.58,$14.17,0%,$242.06,$0.00,$242.06,$99.19,$142.87,Debit Card,3.8,No
101818,2024-09-24,North America,Mexico,Health & Beauty,Skincare Set,Online,Small Business,Elena Lindqvist,8,$107.45,$54.06,0%,$859.60,$0.00,$859.60,$432.48,$427.12,Bank Transfer,4.3,Yes
101819,2024-09-24,North America,United States,Electronics,Wireless Earbuds,Retail Store,Consumer,Cameron Nakamura,7,$44.28,$28.47,0%,$309.96,$0.00,$309.96,$199.29,$110.67,Credit Card,4.6,No
101820,2024-09-24,Europe,Germany,Home & Kitchen,Vacuum Cleaner,Marketplace,Small Business,Morgan Kim,4,$52.94,$30.72,0%,$211.76,$0.00,$211.76,$122.88,$88.88,PayPal,5.0,No
101821,2024-09-24,North America,Mexico,Apparel,Yoga Pants,Wholesale,Enterprise,Drew Okafor,8,$124.18,$50.00,0%,$993.44,$0.00,$993.44,$400.00,$593.44,Credit Card,4.2,No
101822,2024-09-24,Asia Pacific,Japan,Office Supplies,Notebook Set,Online,Small Business,Kenji Haddad,10,$274.20,$138.13,0%,"$2,742.00",$0.00,"$2,742.00","$1,381.30","$1,360.70",PayPal,3.9,No
101823,2024-09-24,Middle East & Africa,UAE,Apparel,Yoga Pants,Retail Store,Consumer,Elena Lindqvist,3,$91.91,$38.86,0%,$275.73,$0.00,$275.73,$116.58,$159.15,Credit Card,4.4,No
101824,2024-09-24,Europe,United Kingdom,Office Supplies,Notebook Set,Online,Small Business,Drew Okafor,9,$204.21,$108.15,0%,"$1,837.89",$0.00,"$1,837.89",$973.35,$864.54,Credit Card,5.0,No
101825,2024-09-24,Europe,Germany,Apparel,Sunglasses,Marketplace,Small Business,Morgan Kim,7,$37.86,$17.19,0%,$265.02,$0.00,$265.02,$120.33,$144.69,Credit Card,4.1,No
101826,2024-09-25,Latin America,Brazil,Health & Beauty,Skincare Set,Marketplace,Consumer,Casey Garcia,9,$39.92,$18.38,0%,$359.28,$0.00,$359.28,$165.42,$193.86,Credit Card,4.1,No
101827,2024-09-25,North America,Mexico,Home & Kitchen,Vacuum Cleaner,Wholesale,Small Business,Cameron Nakamura,6,$152.75,$78.21,0%,$916.50,$0.00,$916.50,$469.26,$447.24,Bank Transfer,4.0,No
101828,2024-09-25,Europe,Spain,Office Supplies,Standing Desk,Retail Store,Enterprise,Noah Santos,6,$314.27,$148.41,0%,"$1,885.62",$0.00,"$1,885.62",$890.46,$995.16,Credit Card,3.1,No
101829,2024-09-25,Asia Pacific,Singapore,Health & Beauty,Hair Dryer,Wholesale,Consumer,Drew Okafor,16,$34.12,$18.86,0%,$545.92,$0.00,$545.92,$301.76,$244.16,Debit Card,4.4,No
101830,2024-09-26,Asia Pacific,Australia,Health & Beauty,Skincare Set,Wholesale,Consumer,Casey Garcia,7,$13.92,$6.22,20%,$97.44,$19.49,$77.95,$43.54,$34.41,PayPal,4.0,No
101831,2024-09-26,Europe,Netherlands,Electronics,Wireless Earbuds,Online,Small Business,Riley Muller,4,$177.57,$103.87,0%,$710.28,$0.00,$710.28,$415.48,$294.80,PayPal,4.9,No
101832,2024-09-26,North America,Canada,Apparel,Yoga Pants,Online,Consumer,Jamie Johansson,2,$41.35,$22.80,5%,$82.70,$4.14,$78.56,$45.60,$32.96,Cash,4.2,No
101833,2024-09-26,North America,United States,Health & Beauty,Fitness Tracker,Online,Consumer,Jordan Chen,13,$129.04,$64.49,0%,"$1,677.52",$0.00,"$1,677.52",$838.37,$839.15,Credit Card,4.7,No
101834,2024-09-26,Europe,United Kingdom,Health & Beauty,Electric Toothbrush,Online,Consumer,Casey Garcia,12,$50.08,$30.36,20%,$600.96,$120.19,$480.77,$364.32,$116.45,Debit Card,3.8,No
101835,2024-09-26,North America,Canada,Home & Kitchen,Blender,Retail Store,Consumer,Diego Weber,15,$51.44,$30.26,20%,$771.60,$154.32,$617.28,$453.90,$163.38,Credit Card,2.8,No
101836,2024-09-26,Latin America,Argentina,Health & Beauty,Hair Dryer,Retail Store,Small Business,Fatima Ahmed,5,$119.72,$53.06,0%,$598.60,$0.00,$598.60,$265.30,$333.30,Credit Card,3.5,No
101837,2024-09-27,Europe,United Kingdom,Apparel,Denim Jacket,Online,Consumer,Amara Costa,2,$72.87,$46.54,0%,$145.74,$0.00,$145.74,$93.08,$52.66,Credit Card,4.6,No
101838,2024-09-27,North America,Mexico,Office Supplies,Standing Desk,Online,Consumer,Jamie Johansson,5,$209.68,$106.72,0%,"$1,048.40",$0.00,"$1,048.40",$533.60,$514.80,Credit Card,4.1,No
101839,2024-09-27,Europe,United Kingdom,Apparel,Running Shoes,Marketplace,Consumer,Elena Lindqvist,11,$62.78,$31.68,0%,$690.58,$0.00,$690.58,$348.48,$342.10,Credit Card,3.8,No
101840,2024-09-27,Asia Pacific,Australia,Home & Kitchen,Toaster,Marketplace,Consumer,Jamie Johansson,6,$148.95,$73.40,0%,$893.70,$0.00,$893.70,$440.40,$453.30,Bank Transfer,3.1,No
101841,2024-09-27,North America,Mexico,Office Supplies,Notebook Set,Retail Store,Enterprise,Sofia Kowalski,4,$49.06,$28.31,0%,$196.24,$0.00,$196.24,$113.24,$83.00,Bank Transfer,5.0,Yes
101842,2024-09-27,Latin America,Argentina,Health & Beauty,Massage Gun,Marketplace,Small Business,Jamie Johansson,5,$145.69,$83.50,0%,$728.45,$0.00,$728.45,$417.50,$310.95,Debit Card,2.5,No
101843,2024-09-28,Europe,Germany,Apparel,Sunglasses,Online,Consumer,Lucas Novak,7,$73.07,$44.15,0%,$511.49,$0.00,$511.49,$309.05,$202.44,Debit Card,5.0,No
101844,2024-09-28,Europe,Netherlands,Apparel,Wool Sweater,Online,Consumer,Wei Dubois,2,$31.75,$13.87,15%,$63.50,$9.52,$53.98,$27.74,$26.24,Credit Card,4.1,No
101845,2024-09-28,Latin America,Colombia,Electronics,Wireless Earbuds,Online,Small Business,Riley Muller,15,$250.00,$141.96,0%,"$3,750.00",$0.00,"$3,750.00","$2,129.40","$1,620.60",Credit Card,5.0,No
101846,2024-09-28,North America,Canada,Electronics,Wireless Earbuds,Retail Store,Consumer,Sam Silva,4,$205.64,$99.17,0%,$822.56,$0.00,$822.56,$396.68,$425.88,Bank Transfer,4.4,No
101847,2024-09-28,Middle East & Africa,UAE,Apparel,Denim Jacket,Retail Store,Small Business,Drew Okafor,1,$24.81,$10.39,0%,$24.81,$0.00,$24.81,$10.39,$14.42,Credit Card,5.0,No
101848,2024-09-29,Europe,Spain,Office Supplies,Pen Set,Retail Store,Consumer,Jamie Johansson,3,$47.62,$24.83,0%,$142.86,$0.00,$142.86,$74.49,$68.37,Cash,3.4,No
101849,2024-09-29,North America,Mexico,Electronics,Power Bank,Online,Consumer,Morgan Kim,4,$177.07,$99.68,0%,$708.28,$0.00,$708.28,$398.72,$309.56,Credit Card,3.0,No
101850,2024-09-29,North America,Mexico,Health & Beauty,Electric Toothbrush,Retail Store,Consumer,Alex Reyes,4,$164.11,$75.58,0%,$656.44,$0.00,$656.44,$302.32,$354.12,Credit Card,5.0,No
101851,2024-09-29,Europe,France,Office Supplies,Monitor Arm,Retail Store,Consumer,Taylor Patel,2,$196.92,$85.98,0%,$393.84,$0.00,$393.84,$171.96,$221.88,Bank Transfer,5.0,No
101852,2024-09-29,Asia Pacific,Singapore,Health & Beauty,Massage Gun,Online,Consumer,Sofia Kowalski,6,$130.95,$67.94,20%,$785.70,$157.14,$628.56,$407.64,$220.92,Credit Card,5.0,No
101853,2024-09-29,Latin America,Argentina,Apparel,Denim Jacket,Marketplace,Small Business,Diego Weber,8,$119.18,$74.17,10%,$953.44,$95.34,$858.10,$593.36,$264.74,Debit Card,5.0,No
101854,2024-09-29,Europe,Italy,Office Supplies,Desk Organizer,Online,Consumer,Kenji Haddad,11,$284.51,$179.70,0%,"$3,129.61",$0.00,"$3,129.61","$1,976.70","$1,152.91",Credit Card,4.7,No
101855,2024-09-29,Middle East & Africa,South Africa,Home & Kitchen,Cookware Set,Online,Consumer,Sofia Kowalski,11,$197.02,$118.36,0%,"$2,167.22",$0.00,"$2,167.22","$1,301.96",$865.26,Credit Card,4.1,No
101856,2024-09-29,Europe,Spain,Electronics,Wireless Earbuds,Wholesale,Consumer,Jamie Johansson,1,$139.86,$80.66,0%,$139.86,$0.00,$139.86,$80.66,$59.20,PayPal,4.1,No
101857,2024-09-30,Asia Pacific,South Korea,Electronics,Wireless Earbuds,Online,Consumer,Jamie Johansson,13,$180.10,$84.59,10%,"$2,341.30",$234.13,"$2,107.17","$1,099.67","$1,007.50",PayPal,4.9,No
101858,2024-09-30,Middle East & Africa,Nigeria,Apparel,Sunglasses,Online,Enterprise,Riley Muller,7,$105.67,$47.33,0%,$739.69,$0.00,$739.69,$331.31,$408.38,Debit Card,4.0,No
101859,2024-09-30,Europe,United Kingdom,Office Supplies,Ergonomic Chair,Online,Consumer,Jordan Chen,8,$205.08,$103.61,10%,"$1,640.64",$164.06,"$1,476.58",$828.88,$647.70,Credit Card,3.4,No
101860,2024-09-30,North America,Canada,Office Supplies,Monitor Arm,Marketplace,Consumer,Noah Santos,10,$133.24,$68.62,0%,"$1,332.40",$0.00,"$1,332.40",$686.20,$646.20,Bank Transfer,3.9,No
101861,2024-09-30,North America,Mexico,Home & Kitchen,Coffee Maker,Retail Store,Small Business,Noah Santos,2,$123.62,$66.67,0%,$247.24,$0.00,$247.24,$133.34,$113.90,Bank Transfer,3.6,No
101862,2024-09-30,Latin America,Colombia,Health & Beauty,Electric Toothbrush,Marketplace,Enterprise,Drew Okafor,4,$177.04,$88.09,15%,$708.16,$106.22,$601.94,$352.36,$249.58,Debit Card,4.5,No
101863,2024-09-30,North America,United States,Office Supplies,Desk Organizer,Online,Consumer,Priya Rossi,7,$191.13,$95.75,0%,"$1,337.91",$0.00,"$1,337.91",$670.25,$667.66,Credit Card,4.4,No
101864,2024-10-01,Europe,Germany,Home & Kitchen,Vacuum Cleaner,Online,Small Business,Fatima Ahmed,8,$166.10,$71.61,0%,"$1,328.80",$0.00,"$1,328.80",$572.88,$755.92,PayPal,4.0,No
101865,2024-10-01,North America,Canada,Health & Beauty,Fitness Tracker,Marketplace,Consumer,Priya Rossi,6,$172.54,$93.32,20%,"$1,035.24",$207.05,$828.19,$559.92,$268.27,Credit Card,4.4,Yes
101866,2024-10-01,Latin America,Argentina,Electronics,Power Bank,Retail Store,Consumer,Amara Costa,13,$298.23,$175.17,0%,"$3,876.99",$0.00,"$3,876.99","$2,277.21","$1,599.78",Credit Card,4.1,No
101867,2024-10-02,Asia Pacific,South Korea,Health & Beauty,Fitness Tracker,Retail Store,Consumer,Taylor Patel,12,$130.50,$56.71,0%,"$1,566.00",$0.00,"$1,566.00",$680.52,$885.48,Credit Card,5.0,No
101868,2024-10-02,North America,Mexico,Health & Beauty,Fitness Tracker,Online,Consumer,Casey Garcia,6,$69.64,$34.34,0%,$417.84,$0.00,$417.84,$206.04,$211.80,Debit Card,3.5,No
101869,2024-10-02,Asia Pacific,Japan,Apparel,Sunglasses,Online,Consumer,Taylor Patel,4,$122.89,$62.54,0%,$491.56,$0.00,$491.56,$250.16,$241.40,PayPal,3.2,No
101870,2024-10-02,Europe,Spain,Office Supplies,Monitor Arm,Retail Store,Enterprise,Amara Costa,8,$335.58,$166.23,0%,"$2,684.64",$0.00,"$2,684.64","$1,329.84","$1,354.80",Credit Card,3.8,No
101871,2024-10-02,Middle East & Africa,South Africa,Health & Beauty,Massage Gun,Online,Consumer,Lucas Novak,5,$119.47,$57.45,5%,$597.35,$29.87,$567.48,$287.25,$280.23,Debit Card,4.7,No
101872,2024-10-02,Europe,France,Home & Kitchen,Blender,Marketplace,Small Business,Sam Silva,6,$167.00,$72.16,10%,"$1,002.00",$100.20,$901.80,$432.96,$468.84,Credit Card,4.1,No
101873,2024-10-02,Latin America,Colombia,Home & Kitchen,Blender,Online,Consumer,Cameron Nakamura,10,$142.16,$90.05,20%,"$1,421.60",$284.32,"$1,137.28",$900.50,$236.78,Debit Card,4.4,No
101874,2024-10-03,North America,Mexico,Office Supplies,Ergonomic Chair,Online,Enterprise,Alex Reyes,5,$92.14,$55.16,0%,$460.70,$0.00,$460.70,$275.80,$184.90,Bank Transfer,3.6,No
101875,2024-10-03,Middle East & Africa,Nigeria,Electronics,Bluetooth Speaker,Retail Store,Consumer,Riley Muller,10,$74.13,$39.39,0%,$741.30,$0.00,$741.30,$393.90,$347.40,Credit Card,5.0,No
101876,2024-10-03,North America,Mexico,Apparel,Yoga Pants,Wholesale,Small Business,Priya Rossi,6,$109.36,$59.89,0%,$656.16,$0.00,$656.16,$359.34,$296.82,Credit Card,3.6,No
101877,2024-10-03,North America,Mexico,Home & Kitchen,Coffee Maker,Online,Consumer,Lucas Novak,11,$35.78,$17.23,0%,$393.58,$0.00,$393.58,$189.53,$204.05,Credit Card,4.5,No
101878,2024-10-03,Asia Pacific,Singapore,Home & Kitchen,Toaster,Online,Consumer,Amara Costa,8,$43.77,$17.98,0%,$350.16,$0.00,$350.16,$143.84,$206.32,PayPal,3.6,No
101879,2024-10-03,Asia Pacific,Japan,Apparel,Wool Sweater,Online,Consumer,Kenji Haddad,11,$146.76,$91.41,0%,"$1,614.36",$0.00,"$1,614.36","$1,005.51",$608.85,Bank Transfer,4.7,No
101880,2024-10-03,Asia Pacific,China,Apparel,Yoga Pants,Marketplace,Consumer,Taylor Patel,11,$81.90,$39.90,15%,$900.90,$135.14,$765.76,$438.90,$326.86,Credit Card,3.9,Yes
101881,2024-10-03,North America,United States,Apparel,Running Shoes,Online,Consumer,Taylor Patel,9,$111.87,$68.52,5%,"$1,006.83",$50.34,$956.49,$616.68,$339.81,Debit Card,5.0,No
101882,2024-10-03,Europe,France,Office Supplies,Ergonomic Chair,Marketplace,Enterprise,Jordan Chen,6,$264.32,$134.08,0%,"$1,585.92",$0.00,"$1,585.92",$804.48,$781.44,PayPal,4.6,No
101883,2024-10-03,North America,Canada,Electronics,Smartwatch,Online,Consumer,Kenji Haddad,4,$141.20,$84.55,0%,$564.80,$0.00,$564.80,$338.20,$226.60,Debit Card,2.8,No
101884,2024-10-03,North America,Canada,Electronics,Smartwatch,Online,Small Business,Fatima Ahmed,20,$224.47,$136.88,5%,"$4,489.40",$224.47,"$4,264.93","$2,737.60","$1,527.33",Debit Card,3.9,No
101885,2024-10-03,Europe,Spain,Home & Kitchen,Vacuum Cleaner,Retail Store,Enterprise,Riley Muller,9,$69.06,$36.99,0%,$621.54,$0.00,$621.54,$332.91,$288.63,PayPal,4.5,No
101886,2024-10-03,North America,Canada,Apparel,Yoga Pants,Online,Small Business,Fatima Ahmed,12,$133.86,$81.64,0%,"$1,606.32",$0.00,"$1,606.32",$979.68,$626.64,Debit Card,4.7,No
101887,2024-10-03,Asia Pacific,Singapore,Electronics,Wireless Earbuds,Marketplace,Small Business,Riley Muller,7,$256.80,$148.52,0%,"$1,797.60",$0.00,"$1,797.60","$1,039.64",$757.96,Credit Card,4.3,Yes
101888,2024-10-04,Europe,Germany,Electronics,Smartwatch,Marketplace,Small Business,Cameron Nakamura,5,$284.77,$138.38,0%,"$1,423.85",$0.00,"$1,423.85",$691.90,$731.95,Credit Card,3.8,No
101889,2024-10-04,Europe,Spain,Electronics,Wireless Earbuds,Retail Store,Consumer,Casey Garcia,12,$148.30,$81.15,5%,"$1,779.60",$88.98,"$1,690.62",$973.80,$716.82,Bank Transfer,4.2,No
101890,2024-10-04,Latin America,Chile,Home & Kitchen,Toaster,Online,Consumer,Drew Okafor,10,$104.29,$62.65,5%,"$1,042.90",$52.15,$990.75,$626.50,$364.25,PayPal,4.7,Yes
101891,2024-10-04,Middle East & Africa,Saudi Arabia,Electronics,Wireless Earbuds,Online,Consumer,Kenji Haddad,14,$156.97,$73.10,0%,"$2,197.58",$0.00,"$2,197.58","$1,023.40","$1,174.18",Credit Card,5.0,No
101892,2024-10-04,North America,Canada,Office Supplies,Notebook Set,Online,Small Business,Kenji Haddad,5,$244.15,$144.11,15%,"$1,220.75",$183.11,"$1,037.64",$720.55,$317.09,PayPal,4.2,No
101893,2024-10-04,Asia Pacific,India,Office Supplies,Monitor Arm,Online,Consumer,Drew Okafor,7,$270.47,$128.50,5%,"$1,893.29",$94.66,"$1,798.63",$899.50,$899.13,Credit Card,4.1,No
101894,2024-10-05,Europe,Spain,Apparel,Sunglasses,Online,Small Business,Cameron Nakamura,3,$50.37,$31.14,0%,$151.11,$0.00,$151.11,$93.42,$57.69,PayPal,4.1,No
101895,2024-10-05,Asia Pacific,South Korea,Apparel,Denim Jacket,Retail Store,Small Business,Alex Reyes,1,$33.44,$18.85,0%,$33.44,$0.00,$33.44,$18.85,$14.59,Bank Transfer,4.8,No
101896,2024-10-05,North America,United States,Office Supplies,Desk Organizer,Online,Enterprise,Drew Okafor,4,$134.99,$75.78,5%,$539.96,$27.00,$512.96,$303.12,$209.84,Credit Card,4.1,No
101897,2024-10-05,North America,United States,Home & Kitchen,Blender,Online,Consumer,Diego Weber,5,$29.76,$13.41,0%,$148.80,$0.00,$148.80,$67.05,$81.75,Credit Card,4.5,No
101898,2024-10-05,Europe,Italy,Apparel,Yoga Pants,Online,Consumer,Noah Santos,11,$95.15,$47.92,5%,"$1,046.65",$52.33,$994.32,$527.12,$467.20,Credit Card,4.1,No
101899,2024-10-05,North America,United States,Electronics,Laptop Stand,Online,Consumer,Jordan Chen,3,$57.54,$29.94,10%,$172.62,$17.26,$155.36,$89.82,$65.54,Credit Card,3.4,No
101900,2024-10-06,Latin America,Argentina,Home & Kitchen,Cookware Set,Retail Store,Consumer,Diego Weber,10,$26.46,$13.51,0%,$264.60,$0.00,$264.60,$135.10,$129.50,Credit Card,5.0,No
101901,2024-10-06,North America,Canada,Office Supplies,Desk Organizer,Retail Store,Consumer,Taylor Patel,10,$52.77,$30.74,10%,$527.70,$52.77,$474.93,$307.40,$167.53,Credit Card,4.8,No
101902,2024-10-06,Latin America,Colombia,Health & Beauty,Yoga Mat,Retail Store,Consumer,Fatima Ahmed,1,$29.79,$15.40,0%,$29.79,$0.00,$29.79,$15.40,$14.39,Credit Card,5.0,No
101903,2024-10-06,North America,Mexico,Office Supplies,Ergonomic Chair,Online,Enterprise,Taylor Patel,4,$374.55,$187.60,0%,"$1,498.20",$0.00,"$1,498.20",$750.40,$747.80,Debit Card,3.3,No
101904,2024-10-06,Latin America,Chile,Electronics,USB-C Hub,Online,Small Business,Kenji Haddad,5,$318.97,$178.90,20%,"$1,594.85",$318.97,"$1,275.88",$894.50,$381.38,Credit Card,4.0,No
101905,2024-10-06,Asia Pacific,China,Health & Beauty,Electric Toothbrush,Retail Store,Small Business,Wei Dubois,19,$171.11,$109.47,0%,"$3,251.09",$0.00,"$3,251.09","$2,079.93","$1,171.16",Credit Card,4.2,No
101906,2024-10-07,Europe,Netherlands,Health & Beauty,Fitness Tracker,Online,Consumer,Kenji Haddad,4,$177.15,$95.94,0%,$708.60,$0.00,$708.60,$383.76,$324.84,Credit Card,3.4,No
101907,2024-10-07,Asia Pacific,South Korea,Health & Beauty,Skincare Set,Retail Store,Consumer,Amara Costa,1,$159.92,$91.34,5%,$159.92,$8.00,$151.92,$91.34,$60.58,Bank Transfer,4.8,No
101908,2024-10-07,Asia Pacific,South Korea,Health & Beauty,Skincare Set,Online,Consumer,Elena Lindqvist,19,$33.78,$20.68,0%,$641.82,$0.00,$641.82,$392.92,$248.90,Credit Card,3.5,No
101909,2024-10-07,North America,Mexico,Office Supplies,Monitor Arm,Retail Store,Small Business,Taylor Patel,12,$266.39,$160.58,0%,"$3,196.68",$0.00,"$3,196.68","$1,926.96","$1,269.72",Debit Card,3.7,No
101910,2024-10-07,Asia Pacific,India,Apparel,Yoga Pants,Retail Store,Small Business,Jordan Chen,7,$129.10,$54.76,0%,$903.70,$0.00,$903.70,$383.32,$520.38,PayPal,4.9,No
101911,2024-10-08,Europe,France,Electronics,Power Bank,Online,Consumer,Riley Muller,4,$262.62,$125.85,0%,"$1,050.48",$0.00,"$1,050.48",$503.40,$547.08,PayPal,3.6,No
101912,2024-10-08,Asia Pacific,South Korea,Apparel,Wool Sweater,Online,Consumer,Sofia Kowalski,14,$106.13,$55.18,10%,"$1,485.82",$148.58,"$1,337.24",$772.52,$564.72,Credit Card,3.9,No
101913,2024-10-08,North America,Mexico,Electronics,USB-C Hub,Marketplace,Consumer,Morgan Kim,6,$176.04,$73.16,5%,"$1,056.24",$52.81,"$1,003.43",$438.96,$564.47,Credit Card,4.7,No
101914,2024-10-08,Asia Pacific,China,Apparel,Wool Sweater,Marketplace,Small Business,Noah Santos,6,$31.90,$18.66,5%,$191.40,$9.57,$181.83,$111.96,$69.87,Debit Card,3.9,No
101915,2024-10-08,North America,Canada,Electronics,Laptop Stand,Online,Consumer,Elena Lindqvist,7,$230.16,$145.98,15%,"$1,611.12",$241.67,"$1,369.45","$1,021.86",$347.59,Cash,3.4,No
101916,2024-10-09,Latin America,Argentina,Office Supplies,Notebook Set,Online,Small Business,Morgan Kim,2,$160.75,$83.69,0%,$321.50,$0.00,$321.50,$167.38,$154.12,Credit Card,3.6,No
101917,2024-10-09,Asia Pacific,Australia,Health & Beauty,Fitness Tracker,Retail Store,Small Business,Jamie Johansson,6,$130.46,$78.32,0%,$782.76,$0.00,$782.76,$469.92,$312.84,Credit Card,4.4,No
101918,2024-10-09,North America,Canada,Home & Kitchen,Air Fryer,Marketplace,Consumer,Casey Garcia,4,$62.00,$32.84,0%,$248.00,$0.00,$248.00,$131.36,$116.64,PayPal,5.0,No
101919,2024-10-09,North America,Canada,Electronics,Wireless Earbuds,Wholesale,Consumer,Casey Garcia,21,$142.62,$85.98,0%,"$2,995.02",$0.00,"$2,995.02","$1,805.58","$1,189.44",Bank Transfer,4.2,No
101920,2024-10-09,Europe,United Kingdom,Home & Kitchen,Toaster,Online,Small Business,Diego Weber,4,$217.31,$100.14,0%,$869.24,$0.00,$869.24,$400.56,$468.68,Cash,4.1,No
101921,2024-10-09,North America,Canada,Office Supplies,Ergonomic Chair,Online,Consumer,Morgan Kim,9,$255.07,$117.64,5%,"$2,295.63",$114.78,"$2,180.85","$1,058.76","$1,122.09",Credit Card,4.0,No
101922,2024-10-09,Middle East & Africa,Saudi Arabia,Home & Kitchen,Coffee Maker,Wholesale,Small Business,Taylor Patel,20,$130.83,$77.67,0%,"$2,616.60",$0.00,"$2,616.60","$1,553.40","$1,063.20",PayPal,4.3,No
101923,2024-10-09,Europe,France,Apparel,Yoga Pants,Retail Store,Small Business,Diego Weber,5,$120.75,$73.26,0%,$603.75,$0.00,$603.75,$366.30,$237.45,PayPal,4.5,No
101924,2024-10-09,Asia Pacific,Singapore,Apparel,Sunglasses,Online,Consumer,Elena Lindqvist,3,$139.83,$88.23,5%,$419.49,$20.97,$398.52,$264.69,$133.83,PayPal,5.0,No
101925,2024-10-09,Latin America,Chile,Health & Beauty,Yoga Mat,Retail Store,Enterprise,Kenji Haddad,12,$94.40,$38.16,0%,"$1,132.80",$0.00,"$1,132.80",$457.92,$674.88,Credit Card,3.6,No
101926,2024-10-09,Europe,Germany,Apparel,Sunglasses,Marketplace,Consumer,Priya Rossi,12,$75.34,$43.91,0%,$904.08,$0.00,$904.08,$526.92,$377.16,PayPal,4.3,No
101927,2024-10-10,Europe,Italy,Office Supplies,Notebook Set,Retail Store,Consumer,Morgan Kim,3,$29.13,$14.48,0%,$87.39,$0.00,$87.39,$43.44,$43.95,Credit Card,4.4,No
101928,2024-10-10,Asia Pacific,Australia,Electronics,Smartwatch,Retail Store,Consumer,Diego Weber,7,$349.44,$211.51,0%,"$2,446.08",$0.00,"$2,446.08","$1,480.57",$965.51,Credit Card,4.9,No
101929,2024-10-10,Middle East & Africa,South Africa,Home & Kitchen,Coffee Maker,Online,Consumer,Jordan Chen,2,$195.63,$121.24,0%,$391.26,$0.00,$391.26,$242.48,$148.78,Bank Transfer,4.3,Yes
101930,2024-10-10,Europe,Germany,Apparel,Backpack,Retail Store,Consumer,Kenji Haddad,7,$68.37,$30.49,0%,$478.59,$0.00,$478.59,$213.43,$265.16,Credit Card,4.6,No
101931,2024-10-10,North America,Canada,Home & Kitchen,Cookware Set,Retail Store,Enterprise,Sam Silva,11,$196.89,$115.45,0%,"$2,165.79",$0.00,"$2,165.79","$1,269.95",$895.84,Bank Transfer,4.3,No
101932,2024-10-10,Europe,Germany,Home & Kitchen,Cookware Set,Marketplace,Consumer,Noah Santos,10,$56.15,$28.79,0%,$561.50,$0.00,$561.50,$287.90,$273.60,PayPal,4.7,No
101933,2024-10-11,Asia Pacific,Singapore,Home & Kitchen,Vacuum Cleaner,Wholesale,Small Business,Casey Garcia,5,$195.85,$102.60,0%,$979.25,$0.00,$979.25,$513.00,$466.25,Bank Transfer,5.0,No
101934,2024-10-11,North America,Canada,Home & Kitchen,Air Fryer,Marketplace,Consumer,Kenji Haddad,14,$86.21,$49.10,0%,"$1,206.94",$0.00,"$1,206.94",$687.40,$519.54,Credit Card,5.0,No
101935,2024-10-11,Europe,United Kingdom,Health & Beauty,Hair Dryer,Marketplace,Enterprise,Elena Lindqvist,5,$64.64,$34.91,0%,$323.20,$0.00,$323.20,$174.55,$148.65,Credit Card,3.5,No
101936,2024-10-11,Europe,United Kingdom,Electronics,Power Bank,Retail Store,Consumer,Kenji Haddad,4,$199.75,$97.17,0%,$799.00,$0.00,$799.00,$388.68,$410.32,Bank Transfer,3.2,No
101937,2024-10-11,Asia Pacific,China,Health & Beauty,Electric Toothbrush,Marketplace,Consumer,Amara Costa,15,$68.84,$29.34,10%,"$1,032.60",$103.26,$929.34,$440.10,$489.24,Bank Transfer,5.0,No
101938,2024-10-11,Europe,Italy,Electronics,Power Bank,Online,Consumer,Wei Dubois,9,$266.96,$158.39,10%,"$2,402.64",$240.26,"$2,162.38","$1,425.51",$736.87,PayPal,4.1,No
101939,2024-10-11,Asia Pacific,Japan,Electronics,Power Bank,Online,Consumer,Cameron Nakamura,13,$31.79,$12.84,5%,$413.27,$20.66,$392.61,$166.92,$225.69,Debit Card,5.0,No
101940,2024-10-11,North America,Canada,Office Supplies,Desk Organizer,Wholesale,Consumer,Riley Muller,3,$33.41,$16.73,0%,$100.23,$0.00,$100.23,$50.19,$50.04,Credit Card,3.8,No
101941,2024-10-12,Europe,Italy,Health & Beauty,Fitness Tracker,Online,Small Business,Riley Muller,8,$147.80,$83.73,0%,"$1,182.40",$0.00,"$1,182.40",$669.84,$512.56,Credit Card,5.0,No
101942,2024-10-12,Middle East & Africa,UAE,Apparel,Backpack,Marketplace,Small Business,Cameron Nakamura,11,$149.18,$68.55,0%,"$1,640.98",$0.00,"$1,640.98",$754.05,$886.93,Credit Card,4.8,No
101943,2024-10-12,Europe,Germany,Home & Kitchen,Cookware Set,Online,Small Business,Elena Lindqvist,7,$41.18,$25.98,5%,$288.26,$14.41,$273.85,$181.86,$91.99,PayPal,5.0,No
101944,2024-10-12,Europe,France,Health & Beauty,Hair Dryer,Online,Enterprise,Wei Dubois,12,$140.54,$61.37,0%,"$1,686.48",$0.00,"$1,686.48",$736.44,$950.04,Bank Transfer,4.7,No
101945,2024-10-13,North America,Canada,Office Supplies,Standing Desk,Online,Consumer,Noah Santos,1,$262.17,$143.88,0%,$262.17,$0.00,$262.17,$143.88,$118.29,Credit Card,3.7,No
101946,2024-10-13,Latin America,Brazil,Apparel,Backpack,Online,Consumer,Drew Okafor,4,$122.99,$74.64,0%,$491.96,$0.00,$491.96,$298.56,$193.40,Credit Card,4.2,No
101947,2024-10-13,North America,Canada,Health & Beauty,Yoga Mat,Wholesale,Enterprise,Diego Weber,1,$149.49,$79.74,0%,$149.49,$0.00,$149.49,$79.74,$69.75,Debit Card,4.7,No
101948,2024-10-13,Europe,Italy,Home & Kitchen,Vacuum Cleaner,Online,Enterprise,Sofia Kowalski,4,$125.35,$75.55,10%,$501.40,$50.14,$451.26,$302.20,$149.06,Credit Card,4.6,No
101949,2024-10-13,Latin America,Colombia,Electronics,Smartwatch,Online,Consumer,Sofia Kowalski,13,$77.67,$48.25,20%,"$1,009.71",$201.94,$807.77,$627.25,$180.52,Debit Card,3.2,No
101950,2024-10-13,Europe,United Kingdom,Home & Kitchen,Toaster,Retail Store,Consumer,Diego Weber,6,$119.65,$62.40,0%,$717.90,$0.00,$717.90,$374.40,$343.50,Debit Card,3.9,No
101951,2024-10-14,Europe,Italy,Apparel,Running Shoes,Online,Consumer,Amara Costa,10,$32.08,$19.27,0%,$320.80,$0.00,$320.80,$192.70,$128.10,Debit Card,5.0,No
101952,2024-10-14,North America,United States,Apparel,Denim Jacket,Marketplace,Consumer,Amara Costa,5,$24.91,$13.05,0%,$124.55,$0.00,$124.55,$65.25,$59.30,Credit Card,3.5,No
101953,2024-10-14,Europe,United Kingdom,Office Supplies,Monitor Arm,Online,Small Business,Riley Muller,11,$244.09,$142.76,0%,"$2,684.99",$0.00,"$2,684.99","$1,570.36","$1,114.63",Credit Card,4.3,No
101954,2024-10-14,Middle East & Africa,Saudi Arabia,Health & Beauty,Hair Dryer,Online,Small Business,Taylor Patel,7,$60.18,$32.06,10%,$421.26,$42.13,$379.13,$224.42,$154.71,Debit Card,4.1,No
101955,2024-10-14,North America,Canada,Office Supplies,Pen Set,Marketplace,Consumer,Drew Okafor,3,$225.03,$135.71,0%,$675.09,$0.00,$675.09,$407.13,$267.96,Debit Card,3.9,No
101956,2024-10-14,Europe,Spain,Home & Kitchen,Air Fryer,Marketplace,Enterprise,Fatima Ahmed,5,$111.58,$49.75,0%,$557.90,$0.00,$557.90,$248.75,$309.15,Bank Transfer,5.0,No
101957,2024-10-14,Asia Pacific,Singapore,Electronics,Laptop Stand,Online,Enterprise,Sam Silva,4,$268.22,$158.87,0%,"$1,072.88",$0.00,"$1,072.88",$635.48,$437.40,PayPal,4.0,No
101958,2024-10-14,Latin America,Chile,Home & Kitchen,Air Fryer,Marketplace,Consumer,Fatima Ahmed,5,$126.81,$53.10,0%,$634.05,$0.00,$634.05,$265.50,$368.55,Debit Card,3.4,No
101959,2024-10-14,Europe,France,Electronics,USB-C Hub,Retail Store,Consumer,Jordan Chen,6,$219.43,$128.48,15%,"$1,316.58",$197.49,"$1,119.09",$770.88,$348.21,Bank Transfer,4.6,No
101960,2024-10-15,North America,Canada,Office Supplies,Desk Organizer,Marketplace,Small Business,Alex Reyes,5,$80.91,$37.33,0%,$404.55,$0.00,$404.55,$186.65,$217.90,Cash,3.9,No
101961,2024-10-15,North America,Canada,Health & Beauty,Skincare Set,Online,Consumer,Casey Garcia,4,$142.09,$67.72,0%,$568.36,$0.00,$568.36,$270.88,$297.48,Credit Card,4.3,No
101962,2024-10-15,Middle East & Africa,South Africa,Office Supplies,Ergonomic Chair,Online,Small Business,Riley Muller,7,$158.09,$92.49,0%,"$1,106.63",$0.00,"$1,106.63",$647.43,$459.20,Bank Transfer,3.5,No
101963,2024-10-15,Middle East & Africa,Nigeria,Electronics,Power Bank,Online,Consumer,Wei Dubois,8,$194.56,$89.68,5%,"$1,556.48",$77.82,"$1,478.66",$717.44,$761.22,PayPal,3.7,No
101964,2024-10-15,Asia Pacific,South Korea,Apparel,Backpack,Marketplace,Consumer,Priya Rossi,6,$63.60,$41.06,0%,$381.60,$0.00,$381.60,$246.36,$135.24,Cash,4.9,No
101965,2024-10-15,North America,Mexico,Health & Beauty,Hair Dryer,Online,Consumer,Noah Santos,7,$96.99,$43.19,0%,$678.93,$0.00,$678.93,$302.33,$376.60,Credit Card,4.0,No
101966,2024-10-15,North America,Canada,Home & Kitchen,Blender,Marketplace,Consumer,Wei Dubois,1,$157.57,$81.64,0%,$157.57,$0.00,$157.57,$81.64,$75.93,Credit Card,3.6,No
101967,2024-10-15,North America,Canada,Electronics,Wireless Earbuds,Wholesale,Small Business,Noah Santos,6,$87.98,$36.04,10%,$527.88,$52.79,$475.09,$216.24,$258.85,Bank Transfer,2.4,No
101968,2024-10-15,Asia Pacific,South Korea,Apparel,Sunglasses,Retail Store,Consumer,Priya Rossi,12,$67.99,$39.89,0%,$815.88,$0.00,$815.88,$478.68,$337.20,Credit Card,4.4,No
101969,2024-10-15,North America,United States,Health & Beauty,Electric Toothbrush,Retail Store,Consumer,Alex Reyes,9,$16.95,$6.86,5%,$152.55,$7.63,$144.92,$61.74,$83.18,Debit Card,4.3,No
101970,2024-10-15,Asia Pacific,Japan,Electronics,Smartwatch,Wholesale,Consumer,Drew Okafor,3,$281.17,$124.54,5%,$843.51,$42.18,$801.33,$373.62,$427.71,PayPal,4.5,No
101971,2024-10-15,Europe,Italy,Electronics,Wireless Earbuds,Marketplace,Consumer,Fatima Ahmed,7,$297.24,$125.76,0%,"$2,080.68",$0.00,"$2,080.68",$880.32,"$1,200.36",Credit Card,3.6,No
101972,2024-10-15,Europe,United Kingdom,Electronics,Smartwatch,Retail Store,Consumer,Jamie Johansson,2,$135.18,$64.59,0%,$270.36,$0.00,$270.36,$129.18,$141.18,Credit Card,5.0,No
101973,2024-10-16,North America,United States,Office Supplies,Notebook Set,Marketplace,Consumer,Alex Reyes,5,$115.58,$73.01,5%,$577.90,$28.90,$549.00,$365.05,$183.95,Credit Card,4.4,No
101974,2024-10-16,North America,United States,Electronics,Wireless Earbuds,Wholesale,Consumer,Sofia Kowalski,2,$227.54,$105.91,10%,$455.08,$45.51,$409.57,$211.82,$197.75,PayPal,3.0,No
101975,2024-10-16,North America,Canada,Health & Beauty,Massage Gun,Online,Enterprise,Jamie Johansson,3,$161.94,$73.95,5%,$485.82,$24.29,$461.53,$221.85,$239.68,Credit Card,5.0,No
101976,2024-10-16,North America,Canada,Office Supplies,Pen Set,Marketplace,Consumer,Amara Costa,10,$165.03,$74.45,5%,"$1,650.30",$82.52,"$1,567.78",$744.50,$823.28,Credit Card,4.1,No
101977,2024-10-16,Europe,Italy,Health & Beauty,Skincare Set,Online,Consumer,Priya Rossi,3,$173.70,$98.69,0%,$521.10,$0.00,$521.10,$296.07,$225.03,PayPal,3.2,No
101978,2024-10-17,Asia Pacific,Australia,Office Supplies,Monitor Arm,Online,Small Business,Fatima Ahmed,6,$159.80,$81.88,5%,$958.80,$47.94,$910.86,$491.28,$419.58,Debit Card,4.3,No
101979,2024-10-17,Europe,Germany,Apparel,Denim Jacket,Online,Small Business,Elena Lindqvist,6,$112.35,$45.01,5%,$674.10,$33.71,$640.39,$270.06,$370.33,Credit Card,4.8,Yes
101980,2024-10-17,Asia Pacific,India,Home & Kitchen,Toaster,Online,Small Business,Lucas Novak,5,$129.91,$55.78,0%,$649.55,$0.00,$649.55,$278.90,$370.65,Credit Card,5.0,No
101981,2024-10-17,North America,United States,Home & Kitchen,Blender,Retail Store,Small Business,Jordan Chen,7,$39.94,$17.44,0%,$279.58,$0.00,$279.58,$122.08,$157.50,Bank Transfer,4.1,No
101982,2024-10-18,Latin America,Chile,Electronics,Bluetooth Speaker,Marketplace,Consumer,Elena Lindqvist,8,$302.83,$172.59,0%,"$2,422.64",$0.00,"$2,422.64","$1,380.72","$1,041.92",Credit Card,4.6,Yes
101983,2024-10-18,Asia Pacific,Australia,Home & Kitchen,Blender,Marketplace,Small Business,Kenji Haddad,5,$90.71,$39.50,0%,$453.55,$0.00,$453.55,$197.50,$256.05,Cash,4.4,No
101984,2024-10-18,Latin America,Argentina,Electronics,USB-C Hub,Wholesale,Small Business,Diego Weber,3,$26.05,$16.79,0%,$78.15,$0.00,$78.15,$50.37,$27.78,Debit Card,2.8,No
101985,2024-10-18,Asia Pacific,India,Home & Kitchen,Coffee Maker,Online,Enterprise,Noah Santos,9,$111.45,$55.12,15%,"$1,003.05",$150.46,$852.59,$496.08,$356.51,Credit Card,4.0,Yes
101986,2024-10-19,North America,United States,Office Supplies,Standing Desk,Online,Consumer,Priya Rossi,6,$41.43,$18.63,5%,$248.58,$12.43,$236.15,$111.78,$124.37,Credit Card,4.2,No
101987,2024-10-19,North America,Canada,Health & Beauty,Massage Gun,Retail Store,Consumer,Taylor Patel,9,$18.98,$9.60,0%,$170.82,$0.00,$170.82,$86.40,$84.42,Credit Card,4.0,No
101988,2024-10-19,North America,United States,Electronics,Wireless Earbuds,Online,Small Business,Fatima Ahmed,5,$326.39,$196.26,0%,"$1,631.95",$0.00,"$1,631.95",$981.30,$650.65,Bank Transfer,4.7,No
101989,2024-10-19,Europe,United Kingdom,Health & Beauty,Yoga Mat,Marketplace,Enterprise,Casey Garcia,7,$144.72,$83.25,0%,"$1,013.04",$0.00,"$1,013.04",$582.75,$430.29,Credit Card,4.4,No
101990,2024-10-19,North America,Canada,Health & Beauty,Massage Gun,Wholesale,Consumer,Alex Reyes,14,$105.52,$49.57,0%,"$1,477.28",$0.00,"$1,477.28",$693.98,$783.30,Cash,4.2,No
101991,2024-10-19,North America,Mexico,Home & Kitchen,Toaster,Retail Store,Small Business,Lucas Novak,7,$46.44,$19.10,0%,$325.08,$0.00,$325.08,$133.70,$191.38,Credit Card,4.7,No
101992,2024-10-20,North America,Mexico,Electronics,USB-C Hub,Online,Consumer,Sam Silva,4,$342.87,$190.64,10%,"$1,371.48",$137.15,"$1,234.33",$762.56,$471.77,Credit Card,3.2,No
101993,2024-10-20,Middle East & Africa,Nigeria,Electronics,Wireless Earbuds,Online,Enterprise,Sofia Kowalski,4,$131.16,$79.94,0%,$524.64,$0.00,$524.64,$319.76,$204.88,Debit Card,4.9,No
101994,2024-10-20,North America,Mexico,Office Supplies,Ergonomic Chair,Retail Store,Consumer,Diego Weber,5,$398.64,$219.34,5%,"$1,993.20",$99.66,"$1,893.54","$1,096.70",$796.84,Credit Card,4.8,No
101995,2024-10-20,Middle East & Africa,Nigeria,Apparel,Yoga Pants,Online,Consumer,Casey Garcia,2,$98.22,$59.55,0%,$196.44,$0.00,$196.44,$119.10,$77.34,Debit Card,4.7,No
101996,2024-10-20,North America,Canada,Apparel,Wool Sweater,Retail Store,Small Business,Drew Okafor,8,$49.25,$30.14,5%,$394.00,$19.70,$374.30,$241.12,$133.18,Credit Card,4.4,No
101997,2024-10-20,Asia Pacific,Singapore,Health & Beauty,Massage Gun,Online,Consumer,Casey Garcia,7,$52.69,$33.31,0%,$368.83,$0.00,$368.83,$233.17,$135.66,Bank Transfer,4.0,No
101998,2024-10-21,Europe,Germany,Health & Beauty,Electric Toothbrush,Marketplace,Consumer,Riley Muller,6,$163.65,$99.74,0%,$981.90,$0.00,$981.90,$598.44,$383.46,Credit Card,4.1,No
101999,2024-10-21,Asia Pacific,Australia,Health & Beauty,Yoga Mat,Marketplace,Consumer,Kenji Haddad,7,$140.42,$78.40,0%,$982.94,$0.00,$982.94,$548.80,$434.14,Credit Card,4.7,No
102000,2024-10-21,Asia Pacific,China,Office Supplies,Monitor Arm,Retail Store,Small Business,Cameron Nakamura,5,$299.65,$147.40,5%,"$1,498.25",$74.91,"$1,423.34",$737.00,$686.34,Credit Card,4.8,No
102001,2024-10-21,Europe,United Kingdom,Health & Beauty,Skincare Set,Online,Consumer,Elena Lindqvist,5,$105.44,$67.71,0%,$527.20,$0.00,$527.20,$338.55,$188.65,Credit Card,3.2,No
102002,2024-10-21,North America,Mexico,Home & Kitchen,Coffee Maker,Retail Store,Consumer,Drew Okafor,6,$157.98,$73.67,0%,$947.88,$0.00,$947.88,$442.02,$505.86,Bank Transfer,4.0,No
102003,2024-10-21,Europe,United Kingdom,Apparel,Sunglasses,Online,Consumer,Casey Garcia,7,$31.15,$16.82,0%,$218.05,$0.00,$218.05,$117.74,$100.31,Debit Card,3.7,No
102004,2024-10-21,Europe,Spain,Apparel,Sunglasses,Online,Small Business,Sofia Kowalski,12,$94.86,$51.40,10%,"$1,138.32",$113.83,"$1,024.49",$616.80,$407.69,Debit Card,3.1,No
102005,2024-10-21,North America,Canada,Health & Beauty,Yoga Mat,Marketplace,Consumer,Jordan Chen,9,$129.77,$54.63,0%,"$1,167.93",$0.00,"$1,167.93",$491.67,$676.26,PayPal,4.1,No
102006,2024-10-22,Europe,Spain,Apparel,Running Shoes,Retail Store,Enterprise,Elena Lindqvist,6,$133.31,$55.67,5%,$799.86,$39.99,$759.87,$334.02,$425.85,Bank Transfer,4.2,No
102007,2024-10-22,North America,Canada,Office Supplies,Ergonomic Chair,Online,Small Business,Diego Weber,11,$319.61,$174.66,5%,"$3,515.71",$175.79,"$3,339.92","$1,921.26","$1,418.66",PayPal,5.0,No
102008,2024-10-22,Asia Pacific,South Korea,Office Supplies,Desk Organizer,Marketplace,Consumer,Sam Silva,13,$272.14,$128.64,0%,"$3,537.82",$0.00,"$3,537.82","$1,672.32","$1,865.50",PayPal,3.7,No
102009,2024-10-22,Asia Pacific,India,Home & Kitchen,Coffee Maker,Marketplace,Enterprise,Sofia Kowalski,12,$33.16,$14.70,0%,$397.92,$0.00,$397.92,$176.40,$221.52,PayPal,4.4,No
102010,2024-10-22,North America,Canada,Health & Beauty,Fitness Tracker,Retail Store,Small Business,Morgan Kim,6,$21.95,$9.30,10%,$131.70,$13.17,$118.53,$55.80,$62.73,PayPal,4.3,No
102011,2024-10-22,Latin America,Brazil,Office Supplies,Ergonomic Chair,Retail Store,Small Business,Taylor Patel,15,$65.77,$39.31,5%,$986.55,$49.33,$937.22,$589.65,$347.57,PayPal,5.0,No
102012,2024-10-22,Europe,Germany,Electronics,Smartwatch,Marketplace,Consumer,Sofia Kowalski,5,$78.03,$39.12,20%,$390.15,$78.03,$312.12,$195.60,$116.52,PayPal,4.7,No
102013,2024-10-22,Asia Pacific,Singapore,Home & Kitchen,Cookware Set,Retail Store,Consumer,Kenji Haddad,12,$102.73,$56.92,0%,"$1,232.76",$0.00,"$1,232.76",$683.04,$549.72,Credit Card,5.0,No
102014,2024-10-22,North America,Canada,Electronics,Power Bank,Retail Store,Consumer,Kenji Haddad,6,$165.67,$105.70,0%,$994.02,$0.00,$994.02,$634.20,$359.82,Cash,5.0,No
102015,2024-10-22,Asia Pacific,Australia,Office Supplies,Ergonomic Chair,Online,Small Business,Drew Okafor,2,$200.99,$101.05,0%,$401.98,$0.00,$401.98,$202.10,$199.88,Debit Card,3.8,No
102016,2024-10-22,North America,Canada,Office Supplies,Standing Desk,Marketplace,Consumer,Drew Okafor,2,$382.12,$197.96,0%,$764.24,$0.00,$764.24,$395.92,$368.32,Credit Card,4.6,No
102017,2024-10-23,North America,Mexico,Home & Kitchen,Air Fryer,Wholesale,Enterprise,Fatima Ahmed,7,$25.07,$11.17,10%,$175.49,$17.55,$157.94,$78.19,$79.75,Credit Card,3.5,No
102018,2024-10-23,Middle East & Africa,UAE,Office Supplies,Monitor Arm,Online,Consumer,Diego Weber,2,$146.20,$91.75,5%,$292.40,$14.62,$277.78,$183.50,$94.28,Credit Card,3.8,No
102019,2024-10-24,Europe,Italy,Apparel,Running Shoes,Online,Consumer,Taylor Patel,9,$63.46,$27.30,5%,$571.14,$28.56,$542.58,$245.70,$296.88,Cash,3.9,No
102020,2024-10-24,North America,United States,Home & Kitchen,Air Fryer,Retail Store,Consumer,Priya Rossi,2,$110.52,$55.11,10%,$221.04,$22.10,$198.94,$110.22,$88.72,Debit Card,3.3,Yes
102021,2024-10-24,Asia Pacific,India,Office Supplies,Monitor Arm,Marketplace,Enterprise,Lucas Novak,14,$279.82,$142.91,0%,"$3,917.48",$0.00,"$3,917.48","$2,000.74","$1,916.74",Credit Card,4.8,Yes
102022,2024-10-25,North America,Mexico,Health & Beauty,Electric Toothbrush,Marketplace,Consumer,Amara Costa,6,$113.05,$52.54,0%,$678.30,$0.00,$678.30,$315.24,$363.06,Credit Card,4.4,No
102023,2024-10-25,North America,Mexico,Electronics,Laptop Stand,Marketplace,Consumer,Alex Reyes,6,$42.30,$17.30,0%,$253.80,$0.00,$253.80,$103.80,$150.00,Bank Transfer,5.0,No
102024,2024-10-26,North America,United States,Apparel,Backpack,Retail Store,Consumer,Jordan Chen,1,$45.60,$22.61,0%,$45.60,$0.00,$45.60,$22.61,$22.99,Cash,4.5,No
102025,2024-10-26,Middle East & Africa,UAE,Home & Kitchen,Coffee Maker,Marketplace,Small Business,Sofia Kowalski,4,$126.52,$70.04,0%,$506.08,$0.00,$506.08,$280.16,$225.92,Credit Card,2.8,No
102026,2024-10-26,North America,United States,Health & Beauty,Massage Gun,Online,Consumer,Noah Santos,2,$168.00,$99.75,0%,$336.00,$0.00,$336.00,$199.50,$136.50,Credit Card,4.9,No
102027,2024-10-26,Asia Pacific,South Korea,Health & Beauty,Electric Toothbrush,Retail Store,Consumer,Noah Santos,5,$121.99,$77.21,0%,$609.95,$0.00,$609.95,$386.05,$223.90,Bank Transfer,4.2,No
102028,2024-10-27,Asia Pacific,Japan,Apparel,Denim Jacket,Retail Store,Enterprise,Cameron Nakamura,13,$132.50,$75.33,0%,"$1,722.50",$0.00,"$1,722.50",$979.29,$743.21,PayPal,5.0,No
102029,2024-10-27,Europe,Spain,Home & Kitchen,Vacuum Cleaner,Online,Consumer,Riley Muller,11,$163.49,$102.24,5%,"$1,798.39",$89.92,"$1,708.47","$1,124.64",$583.83,Credit Card,3.7,No
102030,2024-10-27,Europe,France,Electronics,Bluetooth Speaker,Marketplace,Consumer,Sofia Kowalski,7,$268.64,$165.71,15%,"$1,880.48",$282.07,"$1,598.41","$1,159.97",$438.44,Credit Card,4.5,No
102031,2024-10-27,Latin America,Colombia,Office Supplies,Notebook Set,Marketplace,Consumer,Sofia Kowalski,9,$14.11,$5.91,0%,$126.99,$0.00,$126.99,$53.19,$73.80,Credit Card,3.2,No
102032,2024-10-27,Europe,Germany,Home & Kitchen,Air Fryer,Online,Small Business,Taylor Patel,7,$171.10,$93.60,0%,"$1,197.70",$0.00,"$1,197.70",$655.20,$542.50,Credit Card,4.2,No
102033,2024-10-27,Asia Pacific,Australia,Health & Beauty,Fitness Tracker,Marketplace,Small Business,Amara Costa,3,$48.35,$21.96,0%,$145.05,$0.00,$145.05,$65.88,$79.17,PayPal,4.2,No
102034,2024-10-27,North America,Mexico,Apparel,Running Shoes,Marketplace,Consumer,Jamie Johansson,9,$69.32,$37.52,0%,$623.88,$0.00,$623.88,$337.68,$286.20,Cash,5.0,No
102035,2024-10-27,North America,Canada,Electronics,Smartwatch,Marketplace,Consumer,Jordan Chen,4,$133.13,$71.74,0%,$532.52,$0.00,$532.52,$286.96,$245.56,Credit Card,4.5,No
102036,2024-10-27,Asia Pacific,Australia,Home & Kitchen,Vacuum Cleaner,Online,Consumer,Fatima Ahmed,8,$28.64,$14.80,0%,$229.12,$0.00,$229.12,$118.40,$110.72,Cash,4.9,No
102037,2024-10-28,Latin America,Colombia,Home & Kitchen,Cookware Set,Marketplace,Small Business,Morgan Kim,4,$192.91,$87.10,20%,$771.64,$154.33,$617.31,$348.40,$268.91,Credit Card,4.2,No
102038,2024-10-28,North America,Canada,Apparel,Sunglasses,Marketplace,Small Business,Amara Costa,11,$127.73,$56.48,5%,"$1,405.03",$70.25,"$1,334.78",$621.28,$713.50,Credit Card,3.9,No
102039,2024-10-28,Europe,France,Office Supplies,Monitor Arm,Marketplace,Small Business,Riley Muller,10,$390.10,$187.59,0%,"$3,901.00",$0.00,"$3,901.00","$1,875.90","$2,025.10",Credit Card,3.8,No
102040,2024-10-28,North America,Canada,Home & Kitchen,Toaster,Marketplace,Enterprise,Jordan Chen,12,$101.32,$44.28,0%,"$1,215.84",$0.00,"$1,215.84",$531.36,$684.48,PayPal,4.9,No
102041,2024-10-28,Europe,United Kingdom,Apparel,Running Shoes,Retail Store,Small Business,Sam Silva,4,$132.22,$83.28,0%,$528.88,$0.00,$528.88,$333.12,$195.76,Cash,4.0,No
102042,2024-10-28,North America,Canada,Home & Kitchen,Coffee Maker,Online,Consumer,Noah Santos,6,$193.65,$87.31,0%,"$1,161.90",$0.00,"$1,161.90",$523.86,$638.04,PayPal,4.4,No
102043,2024-10-28,North America,Mexico,Office Supplies,Pen Set,Retail Store,Small Business,Drew Okafor,7,$165.32,$97.21,10%,"$1,157.24",$115.72,"$1,041.52",$680.47,$361.05,PayPal,3.9,No
102044,2024-10-28,Europe,Spain,Home & Kitchen,Air Fryer,Online,Consumer,Elena Lindqvist,4,$159.49,$79.67,0%,$637.96,$0.00,$637.96,$318.68,$319.28,Cash,4.2,No
102045,2024-10-28,Asia Pacific,Singapore,Apparel,Backpack,Wholesale,Enterprise,Elena Lindqvist,6,$45.89,$22.63,0%,$275.34,$0.00,$275.34,$135.78,$139.56,PayPal,4.1,No
102046,2024-10-28,Latin America,Chile,Office Supplies,Desk Organizer,Online,Consumer,Fatima Ahmed,9,$291.63,$141.07,0%,"$2,624.67",$0.00,"$2,624.67","$1,269.63","$1,355.04",Bank Transfer,3.3,No
102047,2024-10-28,Europe,Italy,Home & Kitchen,Toaster,Marketplace,Consumer,Amara Costa,3,$21.55,$13.68,0%,$64.65,$0.00,$64.65,$41.04,$23.61,Credit Card,2.9,No
102048,2024-10-29,North America,Canada,Home & Kitchen,Toaster,Retail Store,Small Business,Kenji Haddad,3,$116.34,$59.87,0%,$349.02,$0.00,$349.02,$179.61,$169.41,Credit Card,3.9,No
102049,2024-10-29,Europe,Netherlands,Home & Kitchen,Cookware Set,Online,Small Business,Casey Garcia,7,$39.69,$23.43,5%,$277.83,$13.89,$263.94,$164.01,$99.93,Credit Card,4.3,No
102050,2024-10-29,North America,United States,Home & Kitchen,Toaster,Online,Consumer,Priya Rossi,10,$210.19,$134.06,15%,"$2,101.90",$315.29,"$1,786.61","$1,340.60",$446.01,Credit Card,5.0,No
102051,2024-10-29,Europe,United Kingdom,Electronics,Wireless Earbuds,Online,Consumer,Jamie Johansson,2,$312.64,$200.45,5%,$625.28,$31.26,$594.02,$400.90,$193.12,Credit Card,3.1,No
102052,2024-10-29,Asia Pacific,Singapore,Office Supplies,Pen Set,Online,Small Business,Casey Garcia,4,$283.13,$169.11,0%,"$1,132.52",$0.00,"$1,132.52",$676.44,$456.08,Credit Card,5.0,No
102053,2024-10-29,North America,United States,Electronics,USB-C Hub,Online,Consumer,Wei Dubois,5,$292.85,$154.66,0%,"$1,464.25",$0.00,"$1,464.25",$773.30,$690.95,Credit Card,5.0,No
102054,2024-10-29,North America,Canada,Office Supplies,Desk Organizer,Marketplace,Enterprise,Amara Costa,2,$369.60,$162.72,5%,$739.20,$36.96,$702.24,$325.44,$376.80,Debit Card,4.0,No
102055,2024-10-29,North America,Canada,Electronics,Power Bank,Marketplace,Consumer,Amara Costa,12,$317.41,$130.02,0%,"$3,808.92",$0.00,"$3,808.92","$1,560.24","$2,248.68",Debit Card,4.0,No
102056,2024-10-29,North America,Canada,Health & Beauty,Skincare Set,Wholesale,Consumer,Kenji Haddad,3,$107.13,$50.53,0%,$321.39,$0.00,$321.39,$151.59,$169.80,Bank Transfer,3.4,No
102057,2024-10-29,North America,Mexico,Electronics,Wireless Earbuds,Retail Store,Enterprise,Drew Okafor,7,$167.87,$82.03,0%,"$1,175.09",$0.00,"$1,175.09",$574.21,$600.88,Credit Card,3.6,No
102058,2024-10-29,Latin America,Brazil,Home & Kitchen,Coffee Maker,Online,Small Business,Wei Dubois,12,$25.84,$11.96,5%,$310.08,$15.50,$294.58,$143.52,$151.06,Credit Card,5.0,No
102059,2024-10-30,North America,Mexico,Health & Beauty,Massage Gun,Wholesale,Consumer,Sam Silva,10,$126.62,$56.96,5%,"$1,266.20",$63.31,"$1,202.89",$569.60,$633.29,Credit Card,5.0,No
102060,2024-10-30,North America,Mexico,Health & Beauty,Skincare Set,Online,Consumer,Morgan Kim,7,$60.80,$31.13,0%,$425.60,$0.00,$425.60,$217.91,$207.69,Credit Card,4.2,No
102061,2024-10-30,North America,Mexico,Home & Kitchen,Blender,Marketplace,Consumer,Fatima Ahmed,5,$96.39,$62.28,0%,$481.95,$0.00,$481.95,$311.40,$170.55,PayPal,4.3,No
102062,2024-10-30,Latin America,Chile,Office Supplies,Ergonomic Chair,Marketplace,Consumer,Diego Weber,10,$311.80,$131.84,10%,"$3,118.00",$311.80,"$2,806.20","$1,318.40","$1,487.80",Bank Transfer,4.0,No
102063,2024-10-30,North America,Canada,Electronics,Laptop Stand,Online,Consumer,Wei Dubois,11,$136.30,$66.39,0%,"$1,499.30",$0.00,"$1,499.30",$730.29,$769.01,Bank Transfer,4.0,No
102064,2024-10-30,North America,United States,Electronics,USB-C Hub,Retail Store,Consumer,Jordan Chen,15,$345.19,$154.11,0%,"$5,177.85",$0.00,"$5,177.85","$2,311.65","$2,866.20",PayPal,3.4,No
102065,2024-10-30,Europe,United Kingdom,Apparel,Sunglasses,Online,Consumer,Sofia Kowalski,4,$68.39,$32.62,0%,$273.56,$0.00,$273.56,$130.48,$143.08,Cash,4.7,No
102066,2024-10-30,Asia Pacific,Singapore,Home & Kitchen,Coffee Maker,Retail Store,Consumer,Wei Dubois,5,$119.68,$76.09,0%,$598.40,$0.00,$598.40,$380.45,$217.95,Credit Card,4.5,No
102067,2024-10-31,North America,United States,Office Supplies,Monitor Arm,Online,Small Business,Riley Muller,3,$320.81,$194.02,0%,$962.43,$0.00,$962.43,$582.06,$380.37,PayPal,3.8,No
102068,2024-10-31,North America,Mexico,Health & Beauty,Skincare Set,Retail Store,Enterprise,Jordan Chen,4,$14.50,$8.67,0%,$58.00,$0.00,$58.00,$34.68,$23.32,Credit Card,4.7,No
102069,2024-10-31,Asia Pacific,Japan,Electronics,Wireless Earbuds,Marketplace,Small Business,Riley Muller,4,$192.76,$82.09,10%,$771.04,$77.10,$693.94,$328.36,$365.58,Credit Card,4.5,No
102070,2024-10-31,North America,Canada,Health & Beauty,Massage Gun,Online,Consumer,Sam Silva,1,$48.56,$26.41,0%,$48.56,$0.00,$48.56,$26.41,$22.15,Credit Card,4.9,No
102071,2024-10-31,Middle East & Africa,UAE,Home & Kitchen,Coffee Maker,Retail Store,Consumer,Jamie Johansson,5,$200.34,$124.22,0%,"$1,001.70",$0.00,"$1,001.70",$621.10,$380.60,Debit Card,4.1,No
102072,2024-10-31,North America,United States,Electronics,Laptop Stand,Marketplace,Enterprise,Morgan Kim,7,$180.87,$83.00,0%,"$1,266.09",$0.00,"$1,266.09",$581.00,$685.09,Credit Card,4.1,No
102073,2024-10-31,North America,Mexico,Apparel,Yoga Pants,Retail Store,Consumer,Morgan Kim,7,$128.64,$55.02,5%,$900.48,$45.02,$855.46,$385.14,$470.32,PayPal,3.9,No
102074,2024-10-31,North America,Mexico,Home & Kitchen,Coffee Maker,Marketplace,Consumer,Sam Silva,2,$88.41,$40.56,5%,$176.82,$8.84,$167.98,$81.12,$86.86,PayPal,3.9,No
102075,2024-10-31,Europe,Italy,Health & Beauty,Electric Toothbrush,Online,Consumer,Riley Muller,2,$96.90,$48.95,0%,$193.80,$0.00,$193.80,$97.90,$95.90,Credit Card,3.3,No
102076,2024-11-01,North America,Canada,Health & Beauty,Electric Toothbrush,Retail Store,Consumer,Drew Okafor,1,$10.42,$6.05,5%,$10.42,$0.52,$9.90,$6.05,$3.85,Debit Card,3.2,No
102077,2024-11-01,Europe,Italy,Office Supplies,Pen Set,Marketplace,Consumer,Sofia Kowalski,7,$105.34,$57.71,0%,$737.38,$0.00,$737.38,$403.97,$333.41,Credit Card,4.0,No
102078,2024-11-01,Asia Pacific,South Korea,Home & Kitchen,Vacuum Cleaner,Online,Consumer,Fatima Ahmed,12,$123.82,$71.08,0%,"$1,485.84",$0.00,"$1,485.84",$852.96,$632.88,Credit Card,4.9,No
102079,2024-11-01,North America,United States,Health & Beauty,Skincare Set,Retail Store,Small Business,Jamie Johansson,7,$156.97,$93.65,10%,"$1,098.79",$109.88,$988.91,$655.55,$333.36,Credit Card,2.6,No
102080,2024-11-01,Asia Pacific,Japan,Electronics,Bluetooth Speaker,Retail Store,Small Business,Noah Santos,17,$121.57,$59.69,10%,"$2,066.69",$206.67,"$1,860.02","$1,014.73",$845.29,Bank Transfer,4.1,No
102081,2024-11-02,Europe,Italy,Home & Kitchen,Air Fryer,Retail Store,Consumer,Elena Lindqvist,4,$182.39,$101.50,0%,$729.56,$0.00,$729.56,$406.00,$323.56,PayPal,4.4,No
102082,2024-11-02,North America,United States,Electronics,Smartwatch,Online,Small Business,Casey Garcia,7,$187.91,$85.23,0%,"$1,315.37",$0.00,"$1,315.37",$596.61,$718.76,Credit Card,4.1,No
102083,2024-11-02,North America,Mexico,Home & Kitchen,Coffee Maker,Online,Consumer,Elena Lindqvist,1,$172.43,$85.42,5%,$172.43,$8.62,$163.81,$85.42,$78.39,Credit Card,4.0,No
102084,2024-11-02,North America,United States,Electronics,USB-C Hub,Wholesale,Enterprise,Casey Garcia,9,$285.28,$128.25,0%,"$2,567.52",$0.00,"$2,567.52","$1,154.25","$1,413.27",Cash,5.0,No
102085,2024-11-03,North America,Canada,Health & Beauty,Electric Toothbrush,Marketplace,Small Business,Taylor Patel,16,$133.82,$58.84,5%,"$2,141.12",$107.06,"$2,034.06",$941.44,"$1,092.62",Credit Card,4.0,No
102086,2024-11-03,Middle East & Africa,UAE,Health & Beauty,Fitness Tracker,Online,Small Business,Cameron Nakamura,5,$69.63,$34.32,0%,$348.15,$0.00,$348.15,$171.60,$176.55,Credit Card,4.0,No
102087,2024-11-03,North America,United States,Office Supplies,Monitor Arm,Online,Enterprise,Lucas Novak,5,$265.26,$138.01,20%,"$1,326.30",$265.26,"$1,061.04",$690.05,$370.99,Bank Transfer,3.4,No
102088,2024-11-03,North America,Canada,Apparel,Backpack,Online,Consumer,Morgan Kim,5,$49.26,$22.76,5%,$246.30,$12.32,$233.98,$113.80,$120.18,Credit Card,4.9,Yes
102089,2024-11-04,Latin America,Colombia,Home & Kitchen,Coffee Maker,Online,Small Business,Morgan Kim,13,$109.61,$50.99,0%,"$1,424.93",$0.00,"$1,424.93",$662.87,$762.06,Debit Card,3.8,No
102090,2024-11-04,Europe,France,Apparel,Wool Sweater,Marketplace,Consumer,Casey Garcia,15,$38.14,$23.08,5%,$572.10,$28.61,$543.49,$346.20,$197.29,PayPal,4.1,No
102091,2024-11-04,Middle East & Africa,South Africa,Office Supplies,Monitor Arm,Marketplace,Consumer,Wei Dubois,6,$388.71,$203.56,0%,"$2,332.26",$0.00,"$2,332.26","$1,221.36","$1,110.90",Debit Card,4.9,No
102092,2024-11-04,North America,United States,Home & Kitchen,Coffee Maker,Marketplace,Consumer,Diego Weber,8,$130.68,$64.14,0%,"$1,045.44",$0.00,"$1,045.44",$513.12,$532.32,Credit Card,3.4,No
102093,2024-11-04,Europe,Netherlands,Electronics,Laptop Stand,Online,Consumer,Priya Rossi,4,$67.41,$41.03,0%,$269.64,$0.00,$269.64,$164.12,$105.52,Credit Card,5.0,No
102094,2024-11-04,Asia Pacific,Japan,Apparel,Sunglasses,Online,Enterprise,Elena Lindqvist,4,$68.22,$36.14,0%,$272.88,$0.00,$272.88,$144.56,$128.32,Credit Card,5.0,No
102095,2024-11-05,Asia Pacific,China,Health & Beauty,Hair Dryer,Marketplace,Consumer,Sofia Kowalski,12,$75.04,$36.04,0%,$900.48,$0.00,$900.48,$432.48,$468.00,Credit Card,4.4,No
102096,2024-11-05,Middle East & Africa,Saudi Arabia,Health & Beauty,Yoga Mat,Online,Consumer,Amara Costa,7,$173.91,$101.11,0%,"$1,217.37",$0.00,"$1,217.37",$707.77,$509.60,Cash,4.5,No
102097,2024-11-05,Europe,Spain,Office Supplies,Desk Organizer,Retail Store,Consumer,Casey Garcia,8,$171.72,$68.98,0%,"$1,373.76",$0.00,"$1,373.76",$551.84,$821.92,Credit Card,5.0,No
102098,2024-11-05,Latin America,Brazil,Apparel,Wool Sweater,Online,Consumer,Casey Garcia,13,$98.44,$42.77,10%,"$1,279.72",$127.97,"$1,151.75",$556.01,$595.74,Bank Transfer,3.4,No
102099,2024-11-06,Latin America,Chile,Electronics,Smartwatch,Retail Store,Consumer,Sofia Kowalski,2,$248.84,$113.04,5%,$497.68,$24.88,$472.80,$226.08,$246.72,Credit Card,4.2,No
102100,2024-11-06,Asia Pacific,India,Office Supplies,Desk Organizer,Retail Store,Consumer,Amara Costa,6,$111.46,$62.76,0%,$668.76,$0.00,$668.76,$376.56,$292.20,Bank Transfer,4.9,No
102101,2024-11-06,Europe,France,Home & Kitchen,Coffee Maker,Retail Store,Consumer,Drew Okafor,2,$148.71,$69.88,5%,$297.42,$14.87,$282.55,$139.76,$142.79,Debit Card,2.8,No
102102,2024-11-06,Europe,France,Health & Beauty,Fitness Tracker,Online,Small Business,Amara Costa,5,$136.94,$65.93,0%,$684.70,$0.00,$684.70,$329.65,$355.05,Credit Card,2.3,No
102103,2024-11-06,Asia Pacific,India,Office Supplies,Monitor Arm,Wholesale,Enterprise,Cameron Nakamura,14,$32.55,$19.75,10%,$455.70,$45.57,$410.13,$276.50,$133.63,Cash,5.0,No
102104,2024-11-06,Europe,Spain,Electronics,Power Bank,Wholesale,Consumer,Diego Weber,5,$240.82,$120.64,0%,"$1,204.10",$0.00,"$1,204.10",$603.20,$600.90,Credit Card,4.3,No
102105,2024-11-06,Asia Pacific,China,Office Supplies,Pen Set,Online,Consumer,Jordan Chen,7,$56.23,$31.43,10%,$393.61,$39.36,$354.25,$220.01,$134.24,Credit Card,3.5,No
102106,2024-11-07,Asia Pacific,China,Office Supplies,Monitor Arm,Online,Consumer,Jordan Chen,2,$320.21,$135.38,0%,$640.42,$0.00,$640.42,$270.76,$369.66,Debit Card,3.6,No
102107,2024-11-07,Europe,Netherlands,Home & Kitchen,Cookware Set,Online,Consumer,Morgan Kim,3,$216.60,$124.18,0%,$649.80,$0.00,$649.80,$372.54,$277.26,Bank Transfer,4.4,No
102108,2024-11-07,North America,Mexico,Electronics,Bluetooth Speaker,Online,Small Business,Drew Okafor,6,$207.91,$131.01,0%,"$1,247.46",$0.00,"$1,247.46",$786.06,$461.40,PayPal,2.9,No
102109,2024-11-07,North America,Canada,Apparel,Denim Jacket,Wholesale,Consumer,Riley Muller,2,$148.10,$70.65,5%,$296.20,$14.81,$281.39,$141.30,$140.09,Credit Card,4.1,No
102110,2024-11-07,North America,United States,Electronics,Bluetooth Speaker,Marketplace,Enterprise,Diego Weber,12,$133.80,$64.29,0%,"$1,605.60",$0.00,"$1,605.60",$771.48,$834.12,Cash,4.2,No
102111,2024-11-08,North America,Canada,Office Supplies,Monitor Arm,Retail Store,Enterprise,Morgan Kim,1,$226.54,$135.20,0%,$226.54,$0.00,$226.54,$135.20,$91.34,Debit Card,4.5,No
102112,2024-11-08,North America,United States,Electronics,Bluetooth Speaker,Marketplace,Consumer,Sofia Kowalski,7,$118.61,$49.24,5%,$830.27,$41.51,$788.76,$344.68,$444.08,Cash,4.5,Yes
102113,2024-11-08,Asia Pacific,China,Home & Kitchen,Cookware Set,Marketplace,Consumer,Diego Weber,8,$36.07,$22.05,0%,$288.56,$0.00,$288.56,$176.40,$112.16,Debit Card,3.8,No
102114,2024-11-08,North America,Canada,Apparel,Running Shoes,Marketplace,Enterprise,Jordan Chen,5,$92.33,$37.40,10%,$461.65,$46.16,$415.49,$187.00,$228.49,PayPal,4.0,No
102115,2024-11-08,Middle East & Africa,Nigeria,Electronics,Wireless Earbuds,Marketplace,Consumer,Kenji Haddad,7,$85.96,$42.38,0%,$601.72,$0.00,$601.72,$296.66,$305.06,Debit Card,5.0,No
102116,2024-11-08,Asia Pacific,China,Electronics,USB-C Hub,Retail Store,Consumer,Morgan Kim,5,$168.79,$75.63,10%,$843.95,$84.40,$759.55,$378.15,$381.40,Debit Card,4.4,No
102117,2024-11-08,Europe,Italy,Apparel,Denim Jacket,Retail Store,Small Business,Cameron Nakamura,4,$71.39,$37.55,0%,$285.56,$0.00,$285.56,$150.20,$135.36,Debit Card,4.5,No
102118,2024-11-08,Europe,Germany,Apparel,Wool Sweater,Retail Store,Enterprise,Noah Santos,7,$28.63,$13.52,0%,$200.41,$0.00,$200.41,$94.64,$105.77,Credit Card,4.6,No
102119,2024-11-08,North America,Mexico,Office Supplies,Ergonomic Chair,Online,Consumer,Taylor Patel,3,$110.75,$62.32,20%,$332.25,$66.45,$265.80,$186.96,$78.84,Bank Transfer,4.7,No
102120,2024-11-08,North America,Mexico,Home & Kitchen,Blender,Marketplace,Consumer,Alex Reyes,15,$164.78,$74.35,5%,"$2,471.70",$123.58,"$2,348.12","$1,115.25","$1,232.87",Credit Card,4.0,No
102121,2024-11-09,Asia Pacific,Japan,Health & Beauty,Electric Toothbrush,Retail Store,Small Business,Riley Muller,5,$48.61,$26.27,0%,$243.05,$0.00,$243.05,$131.35,$111.70,Debit Card,4.3,Yes
102122,2024-11-09,North America,Mexico,Electronics,Bluetooth Speaker,Online,Consumer,Elena Lindqvist,1,$286.75,$150.13,5%,$286.75,$14.34,$272.41,$150.13,$122.28,Debit Card,3.8,No
102123,2024-11-09,North America,United States,Apparel,Yoga Pants,Retail Store,Consumer,Sam Silva,14,$86.95,$54.03,0%,"$1,217.30",$0.00,"$1,217.30",$756.42,$460.88,Debit Card,2.8,No
102124,2024-11-09,North America,United States,Apparel,Yoga Pants,Retail Store,Consumer,Lucas Novak,4,$138.72,$88.42,5%,$554.88,$27.74,$527.14,$353.68,$173.46,Credit Card,3.3,No
102125,2024-11-09,North America,Canada,Office Supplies,Notebook Set,Online,Small Business,Morgan Kim,16,$318.42,$192.54,20%,"$5,094.72","$1,018.94","$4,075.78","$3,080.64",$995.14,Credit Card,3.9,No
102126,2024-11-09,Europe,France,Health & Beauty,Fitness Tracker,Online,Consumer,Noah Santos,6,$97.08,$40.03,0%,$582.48,$0.00,$582.48,$240.18,$342.30,Credit Card,4.4,No
102127,2024-11-09,North America,Mexico,Home & Kitchen,Coffee Maker,Marketplace,Small Business,Lucas Novak,4,$172.43,$93.42,0%,$689.72,$0.00,$689.72,$373.68,$316.04,Cash,4.4,No
102128,2024-11-09,Latin America,Colombia,Health & Beauty,Hair Dryer,Wholesale,Consumer,Diego Weber,10,$133.49,$75.90,5%,"$1,334.90",$66.74,"$1,268.16",$759.00,$509.16,PayPal,2.5,No
102129,2024-11-09,Europe,Spain,Apparel,Sunglasses,Retail Store,Consumer,Morgan Kim,3,$78.06,$43.50,0%,$234.18,$0.00,$234.18,$130.50,$103.68,Credit Card,5.0,No
102130,2024-11-09,Asia Pacific,Japan,Office Supplies,Pen Set,Online,Consumer,Jamie Johansson,7,$65.88,$33.64,0%,$461.16,$0.00,$461.16,$235.48,$225.68,PayPal,4.9,Yes
102131,2024-11-09,Asia Pacific,India,Electronics,USB-C Hub,Marketplace,Small Business,Cameron Nakamura,5,$96.57,$46.03,0%,$482.85,$0.00,$482.85,$230.15,$252.70,Credit Card,3.6,No
102132,2024-11-09,Europe,Netherlands,Health & Beauty,Hair Dryer,Online,Consumer,Lucas Novak,8,$150.12,$91.85,0%,"$1,200.96",$0.00,"$1,200.96",$734.80,$466.16,Credit Card,5.0,No
102133,2024-11-10,Europe,United Kingdom,Office Supplies,Desk Organizer,Online,Small Business,Kenji Haddad,8,$88.70,$40.55,0%,$709.60,$0.00,$709.60,$324.40,$385.20,Credit Card,4.6,No
102134,2024-11-10,Europe,Germany,Health & Beauty,Yoga Mat,Marketplace,Consumer,Sam Silva,9,$10.69,$4.59,0%,$96.21,$0.00,$96.21,$41.31,$54.90,Credit Card,4.4,No
102135,2024-11-10,Asia Pacific,Japan,Home & Kitchen,Toaster,Retail Store,Consumer,Riley Muller,2,$35.06,$21.64,0%,$70.12,$0.00,$70.12,$43.28,$26.84,Credit Card,5.0,No
102136,2024-11-10,Asia Pacific,South Korea,Electronics,Power Bank,Wholesale,Small Business,Morgan Kim,5,$337.28,$154.77,0%,"$1,686.40",$0.00,"$1,686.40",$773.85,$912.55,Debit Card,5.0,No
102137,2024-11-10,Latin America,Brazil,Home & Kitchen,Coffee Maker,Marketplace,Consumer,Fatima Ahmed,6,$49.26,$25.31,0%,$295.56,$0.00,$295.56,$151.86,$143.70,PayPal,3.9,No
102138,2024-11-11,Europe,Netherlands,Health & Beauty,Fitness Tracker,Marketplace,Consumer,Kenji Haddad,11,$92.81,$52.86,5%,"$1,020.91",$51.05,$969.86,$581.46,$388.40,Credit Card,4.8,No
102139,2024-11-11,Asia Pacific,Singapore,Office Supplies,Pen Set,Wholesale,Consumer,Drew Okafor,27,$325.76,$138.51,0%,"$8,795.52",$0.00,"$8,795.52","$3,739.77","$5,055.75",PayPal,2.8,Yes
102140,2024-11-11,Asia Pacific,China,Apparel,Sunglasses,Wholesale,Consumer,Sofia Kowalski,7,$101.61,$46.52,5%,$711.27,$35.56,$675.71,$325.64,$350.07,Bank Transfer,4.5,No
102141,2024-11-11,Latin America,Chile,Home & Kitchen,Cookware Set,Retail Store,Small Business,Kenji Haddad,3,$150.66,$81.85,0%,$451.98,$0.00,$451.98,$245.55,$206.43,PayPal,3.8,No
102142,2024-11-12,Europe,Spain,Electronics,Wireless Earbuds,Marketplace,Small Business,Lucas Novak,19,$217.10,$106.34,0%,"$4,124.90",$0.00,"$4,124.90","$2,020.46","$2,104.44",Credit Card,2.9,No
102143,2024-11-12,North America,United States,Home & Kitchen,Blender,Retail Store,Consumer,Taylor Patel,7,$167.70,$108.40,0%,"$1,173.90",$0.00,"$1,173.90",$758.80,$415.10,Cash,4.5,No
102144,2024-11-12,Europe,Italy,Apparel,Denim Jacket,Online,Consumer,Noah Santos,1,$140.42,$70.78,0%,$140.42,$0.00,$140.42,$70.78,$69.64,Credit Card,5.0,No
102145,2024-11-12,Europe,Italy,Apparel,Backpack,Retail Store,Enterprise,Wei Dubois,12,$19.28,$11.22,0%,$231.36,$0.00,$231.36,$134.64,$96.72,Credit Card,4.6,No
102146,2024-11-13,Asia Pacific,China,Apparel,Running Shoes,Retail Store,Consumer,Fatima Ahmed,4,$45.51,$24.35,5%,$182.04,$9.10,$172.94,$97.40,$75.54,Credit Card,4.3,No
102147,2024-11-13,Middle East & Africa,Nigeria,Office Supplies,Desk Organizer,Marketplace,Consumer,Sofia Kowalski,14,$307.80,$124.71,0%,"$4,309.20",$0.00,"$4,309.20","$1,745.94","$2,563.26",Debit Card,3.1,No
102148,2024-11-13,Europe,Spain,Electronics,Smartwatch,Marketplace,Consumer,Alex Reyes,9,$104.16,$50.63,0%,$937.44,$0.00,$937.44,$455.67,$481.77,Credit Card,3.6,No
102149,2024-11-13,North America,Mexico,Apparel,Wool Sweater,Marketplace,Consumer,Amara Costa,17,$32.00,$13.65,0%,$544.00,$0.00,$544.00,$232.05,$311.95,Credit Card,4.9,No
102150,2024-11-13,Europe,Netherlands,Home & Kitchen,Blender,Wholesale,Consumer,Fatima Ahmed,5,$66.98,$34.48,20%,$334.90,$66.98,$267.92,$172.40,$95.52,PayPal,3.0,No
102151,2024-11-13,North America,Mexico,Home & Kitchen,Air Fryer,Retail Store,Consumer,Elena Lindqvist,11,$75.57,$30.37,10%,$831.27,$83.13,$748.14,$334.07,$414.07,Credit Card,4.7,No
102152,2024-11-13,Europe,France,Office Supplies,Pen Set,Online,Consumer,Fatima Ahmed,9,$270.72,$113.75,0%,"$2,436.48",$0.00,"$2,436.48","$1,023.75","$1,412.73",Debit Card,4.4,No
102153,2024-11-13,Europe,United Kingdom,Health & Beauty,Skincare Set,Marketplace,Consumer,Noah Santos,6,$108.86,$50.18,0%,$653.16,$0.00,$653.16,$301.08,$352.08,Debit Card,4.6,No
102154,2024-11-13,Europe,Italy,Office Supplies,Pen Set,Online,Consumer,Drew Okafor,6,$368.34,$168.07,0%,"$2,210.04",$0.00,"$2,210.04","$1,008.42","$1,201.62",PayPal,4.1,No
102155,2024-11-13,Latin America,Brazil,Home & Kitchen,Vacuum Cleaner,Online,Enterprise,Drew Okafor,10,$143.17,$60.46,0%,"$1,431.70",$0.00,"$1,431.70",$604.60,$827.10,Credit Card,4.7,No
102156,2024-11-13,North America,United States,Health & Beauty,Hair Dryer,Marketplace,Small Business,Elena Lindqvist,8,$43.08,$19.11,0%,$344.64,$0.00,$344.64,$152.88,$191.76,Cash,5.0,No
102157,2024-11-13,Latin America,Argentina,Electronics,Power Bank,Retail Store,Small Business,Alex Reyes,13,$123.54,$49.77,0%,"$1,606.02",$0.00,"$1,606.02",$647.01,$959.01,Credit Card,5.0,Yes
102158,2024-11-13,Europe,United Kingdom,Electronics,Smartwatch,Marketplace,Consumer,Kenji Haddad,11,$156.38,$76.04,5%,"$1,720.18",$86.01,"$1,634.17",$836.44,$797.73,Bank Transfer,2.5,No
102159,2024-11-14,Europe,Netherlands,Electronics,USB-C Hub,Online,Small Business,Lucas Novak,10,$98.12,$40.23,0%,$981.20,$0.00,$981.20,$402.30,$578.90,PayPal,4.0,No
102160,2024-11-14,North America,Mexico,Office Supplies,Pen Set,Online,Consumer,Wei Dubois,10,$369.94,$234.30,0%,"$3,699.40",$0.00,"$3,699.40","$2,343.00","$1,356.40",Debit Card,2.7,No
102161,2024-11-14,Latin America,Argentina,Office Supplies,Notebook Set,Retail Store,Consumer,Sofia Kowalski,10,$132.31,$53.21,0%,"$1,323.10",$0.00,"$1,323.10",$532.10,$791.00,Credit Card,4.2,No
102162,2024-11-14,Europe,United Kingdom,Electronics,Wireless Earbuds,Online,Consumer,Morgan Kim,17,$284.37,$148.47,0%,"$4,834.29",$0.00,"$4,834.29","$2,523.99","$2,310.30",Bank Transfer,3.9,No
102163,2024-11-14,North America,Canada,Apparel,Wool Sweater,Retail Store,Consumer,Diego Weber,7,$137.40,$78.38,5%,$961.80,$48.09,$913.71,$548.66,$365.05,Credit Card,3.2,No
102164,2024-11-15,Asia Pacific,South Korea,Health & Beauty,Electric Toothbrush,Marketplace,Consumer,Casey Garcia,7,$107.59,$69.88,0%,$753.13,$0.00,$753.13,$489.16,$263.97,Credit Card,4.0,No
102165,2024-11-15,North America,Mexico,Electronics,Power Bank,Wholesale,Small Business,Morgan Kim,10,$139.55,$84.12,5%,"$1,395.50",$69.78,"$1,325.72",$841.20,$484.52,Debit Card,2.8,No
102166,2024-11-15,Asia Pacific,Japan,Health & Beauty,Electric Toothbrush,Marketplace,Consumer,Elena Lindqvist,4,$116.37,$48.56,15%,$465.48,$69.82,$395.66,$194.24,$201.42,Credit Card,4.2,No
102167,2024-11-15,Latin America,Argentina,Home & Kitchen,Toaster,Wholesale,Consumer,Morgan Kim,7,$28.88,$14.84,5%,$202.16,$10.11,$192.05,$103.88,$88.17,Credit Card,3.0,No
102168,2024-11-15,North America,Mexico,Office Supplies,Notebook Set,Online,Consumer,Diego Weber,4,$85.89,$52.47,0%,$343.56,$0.00,$343.56,$209.88,$133.68,Credit Card,5.0,No
102169,2024-11-15,North America,Mexico,Office Supplies,Desk Organizer,Wholesale,Consumer,Jordan Chen,2,$27.37,$16.56,0%,$54.74,$0.00,$54.74,$33.12,$21.62,PayPal,3.0,No
102170,2024-11-15,Europe,Italy,Health & Beauty,Hair Dryer,Marketplace,Consumer,Morgan Kim,9,$109.38,$55.67,10%,$984.42,$98.44,$885.98,$501.03,$384.95,PayPal,4.4,No
102171,2024-11-15,Asia Pacific,China,Home & Kitchen,Toaster,Retail Store,Consumer,Casey Garcia,18,$110.91,$58.86,5%,"$1,996.38",$99.82,"$1,896.56","$1,059.48",$837.08,Credit Card,4.0,Yes
102172,2024-11-16,North America,United States,Apparel,Sunglasses,Retail Store,Small Business,Alex Reyes,5,$103.65,$57.53,0%,$518.25,$0.00,$518.25,$287.65,$230.60,PayPal,4.1,No
102173,2024-11-16,Europe,Germany,Electronics,Power Bank,Online,Consumer,Wei Dubois,8,$162.92,$72.53,0%,"$1,303.36",$0.00,"$1,303.36",$580.24,$723.12,Credit Card,4.3,No
102174,2024-11-16,Asia Pacific,Australia,Apparel,Running Shoes,Wholesale,Consumer,Morgan Kim,8,$62.44,$34.37,5%,$499.52,$24.98,$474.54,$274.96,$199.58,Debit Card,4.0,No
102175,2024-11-16,Europe,Germany,Health & Beauty,Yoga Mat,Online,Consumer,Diego Weber,4,$108.14,$44.64,0%,$432.56,$0.00,$432.56,$178.56,$254.00,Cash,4.1,No
102176,2024-11-17,Europe,Germany,Office Supplies,Pen Set,Online,Consumer,Taylor Patel,8,$352.91,$164.87,5%,"$2,823.28",$141.16,"$2,682.12","$1,318.96","$1,363.16",Bank Transfer,3.9,No
102177,2024-11-17,North America,Mexico,Electronics,Wireless Earbuds,Online,Consumer,Amara Costa,17,$64.09,$40.15,0%,"$1,089.53",$0.00,"$1,089.53",$682.55,$406.98,Credit Card,4.1,No
102178,2024-11-17,Asia Pacific,Singapore,Home & Kitchen,Air Fryer,Marketplace,Consumer,Wei Dubois,6,$28.87,$16.10,5%,$173.22,$8.66,$164.56,$96.60,$67.96,Credit Card,4.7,No
102179,2024-11-17,North America,United States,Apparel,Running Shoes,Marketplace,Consumer,Diego Weber,12,$140.93,$63.86,0%,"$1,691.16",$0.00,"$1,691.16",$766.32,$924.84,Credit Card,4.7,No
102180,2024-11-18,Europe,Netherlands,Health & Beauty,Electric Toothbrush,Online,Consumer,Casey Garcia,10,$67.26,$32.70,10%,$672.60,$67.26,$605.34,$327.00,$278.34,PayPal,2.9,No
102181,2024-11-18,North America,Canada,Office Supplies,Ergonomic Chair,Online,Consumer,Amara Costa,3,$277.98,$152.66,0%,$833.94,$0.00,$833.94,$457.98,$375.96,Debit Card,4.4,No
102182,2024-11-18,Middle East & Africa,Saudi Arabia,Apparel,Sunglasses,Retail Store,Consumer,Riley Muller,12,$106.27,$55.51,5%,"$1,275.24",$63.76,"$1,211.48",$666.12,$545.36,Debit Card,2.6,No
102183,2024-11-18,Middle East & Africa,Nigeria,Apparel,Wool Sweater,Marketplace,Consumer,Noah Santos,12,$133.49,$61.22,0%,"$1,601.88",$0.00,"$1,601.88",$734.64,$867.24,Credit Card,5.0,No
102184,2024-11-18,Europe,Spain,Electronics,Power Bank,Retail Store,Consumer,Fatima Ahmed,20,$227.65,$147.40,0%,"$4,553.00",$0.00,"$4,553.00","$2,948.00","$1,605.00",Bank Transfer,4.3,No
102185,2024-11-18,North America,United States,Office Supplies,Notebook Set,Marketplace,Small Business,Riley Muller,13,$262.04,$115.44,0%,"$3,406.52",$0.00,"$3,406.52","$1,500.72","$1,905.80",Bank Transfer,5.0,No
102186,2024-11-19,Asia Pacific,Singapore,Office Supplies,Notebook Set,Retail Store,Small Business,Noah Santos,8,$310.59,$150.52,0%,"$2,484.72",$0.00,"$2,484.72","$1,204.16","$1,280.56",Cash,3.6,No
102187,2024-11-19,Asia Pacific,Australia,Health & Beauty,Skincare Set,Online,Consumer,Noah Santos,6,$83.56,$40.59,5%,$501.36,$25.07,$476.29,$243.54,$232.75,Credit Card,3.7,No
102188,2024-11-19,Middle East & Africa,UAE,Health & Beauty,Yoga Mat,Online,Consumer,Sam Silva,2,$68.72,$34.68,0%,$137.44,$0.00,$137.44,$69.36,$68.08,Bank Transfer,2.5,No
102189,2024-11-19,Europe,Germany,Home & Kitchen,Cookware Set,Retail Store,Consumer,Diego Weber,9,$31.30,$13.51,0%,$281.70,$0.00,$281.70,$121.59,$160.11,Debit Card,4.5,No
102190,2024-11-19,Asia Pacific,Australia,Office Supplies,Standing Desk,Online,Small Business,Taylor Patel,6,$107.40,$43.29,5%,$644.40,$32.22,$612.18,$259.74,$352.44,PayPal,3.4,No
102191,2024-11-19,North America,Mexico,Apparel,Denim Jacket,Retail Store,Small Business,Morgan Kim,11,$139.47,$88.60,5%,"$1,534.17",$76.71,"$1,457.46",$974.60,$482.86,Credit Card,4.2,No
102192,2024-11-19,North America,Mexico,Office Supplies,Desk Organizer,Wholesale,Consumer,Sofia Kowalski,10,$55.05,$23.70,0%,$550.50,$0.00,$550.50,$237.00,$313.50,Credit Card,4.0,Yes
102193,2024-11-19,Asia Pacific,China,Home & Kitchen,Toaster,Wholesale,Consumer,Jordan Chen,20,$99.29,$40.29,0%,"$1,985.80",$0.00,"$1,985.80",$805.80,"$1,180.00",Debit Card,3.9,No
102194,2024-11-19,North America,United States,Office Supplies,Standing Desk,Retail Store,Small Business,Lucas Novak,2,$103.88,$44.10,0%,$207.76,$0.00,$207.76,$88.20,$119.56,Credit Card,3.7,No
102195,2024-11-20,Asia Pacific,South Korea,Electronics,Bluetooth Speaker,Online,Small Business,Priya Rossi,3,$154.88,$98.89,10%,$464.64,$46.46,$418.18,$296.67,$121.51,Debit Card,3.7,No
102196,2024-11-20,Europe,Netherlands,Apparel,Running Shoes,Marketplace,Small Business,Sam Silva,6,$29.16,$12.63,0%,$174.96,$0.00,$174.96,$75.78,$99.18,Credit Card,4.6,No
102197,2024-11-20,North America,Mexico,Apparel,Sunglasses,Online,Consumer,Elena Lindqvist,2,$70.23,$45.08,0%,$140.46,$0.00,$140.46,$90.16,$50.30,Debit Card,3.0,Yes
102198,2024-11-20,Europe,Spain,Health & Beauty,Skincare Set,Online,Small Business,Morgan Kim,3,$34.27,$18.37,20%,$102.81,$20.56,$82.25,$55.11,$27.14,Credit Card,5.0,Yes
102199,2024-11-20,North America,Mexico,Electronics,Smartwatch,Retail Store,Consumer,Lucas Novak,3,$339.59,$153.32,0%,"$1,018.77",$0.00,"$1,018.77",$459.96,$558.81,Debit Card,3.3,No
102200,2024-11-20,Latin America,Colombia,Apparel,Sunglasses,Online,Consumer,Fatima Ahmed,7,$15.93,$7.08,5%,$111.51,$5.58,$105.93,$49.56,$56.37,Credit Card,3.8,No
102201,2024-11-21,North America,Mexico,Health & Beauty,Massage Gun,Marketplace,Consumer,Drew Okafor,8,$101.74,$56.17,15%,$813.92,$122.09,$691.83,$449.36,$242.47,Credit Card,5.0,No
102202,2024-11-21,Asia Pacific,Australia,Home & Kitchen,Vacuum Cleaner,Retail Store,Consumer,Jamie Johansson,7,$33.52,$16.43,10%,$234.64,$23.46,$211.18,$115.01,$96.17,Credit Card,4.7,No
102203,2024-11-21,Europe,United Kingdom,Home & Kitchen,Toaster,Retail Store,Consumer,Jordan Chen,19,$55.94,$31.65,0%,"$1,062.86",$0.00,"$1,062.86",$601.35,$461.51,Bank Transfer,4.4,No
102204,2024-11-21,North America,Mexico,Office Supplies,Notebook Set,Retail Store,Consumer,Cameron Nakamura,13,$130.64,$66.76,0%,"$1,698.32",$0.00,"$1,698.32",$867.88,$830.44,Credit Card,3.7,No
102205,2024-11-21,North America,Canada,Electronics,Laptop Stand,Retail Store,Small Business,Drew Okafor,4,$160.34,$74.02,0%,$641.36,$0.00,$641.36,$296.08,$345.28,Bank Transfer,5.0,No
102206,2024-11-21,North America,United States,Health & Beauty,Electric Toothbrush,Marketplace,Consumer,Wei Dubois,2,$155.25,$99.09,0%,$310.50,$0.00,$310.50,$198.18,$112.32,Credit Card,3.2,No
102207,2024-11-21,Middle East & Africa,Nigeria,Apparel,Running Shoes,Marketplace,Consumer,Fatima Ahmed,6,$83.91,$50.71,0%,$503.46,$0.00,$503.46,$304.26,$199.20,Credit Card,4.5,No
102208,2024-11-22,North America,United States,Home & Kitchen,Toaster,Wholesale,Small Business,Sam Silva,6,$41.44,$18.44,15%,$248.64,$37.30,$211.34,$110.64,$100.70,Credit Card,3.9,No
102209,2024-11-22,Asia Pacific,India,Apparel,Wool Sweater,Online,Small Business,Fatima Ahmed,8,$116.28,$50.15,0%,$930.24,$0.00,$930.24,$401.20,$529.04,Credit Card,3.0,No
102210,2024-11-22,Europe,Spain,Apparel,Backpack,Retail Store,Small Business,Drew Okafor,7,$89.97,$56.07,0%,$629.79,$0.00,$629.79,$392.49,$237.30,Bank Transfer,4.1,No
102211,2024-11-22,Asia Pacific,Singapore,Apparel,Denim Jacket,Marketplace,Consumer,Wei Dubois,13,$113.14,$54.58,0%,"$1,470.82",$0.00,"$1,470.82",$709.54,$761.28,Credit Card,3.8,No
102212,2024-11-22,Latin America,Colombia,Apparel,Running Shoes,Wholesale,Small Business,Morgan Kim,1,$83.25,$52.16,5%,$83.25,$4.16,$79.09,$52.16,$26.93,Credit Card,5.0,No
102213,2024-11-22,Asia Pacific,India,Health & Beauty,Hair Dryer,Online,Consumer,Lucas Novak,10,$14.58,$9.30,5%,$145.80,$7.29,$138.51,$93.00,$45.51,Credit Card,4.6,No
102214,2024-11-22,Europe,France,Home & Kitchen,Cookware Set,Retail Store,Consumer,Alex Reyes,6,$31.53,$13.59,10%,$189.18,$18.92,$170.26,$81.54,$88.72,PayPal,3.8,No
102215,2024-11-23,Middle East & Africa,Nigeria,Apparel,Running Shoes,Online,Small Business,Drew Okafor,9,$77.91,$47.21,5%,$701.19,$35.06,$666.13,$424.89,$241.24,Bank Transfer,2.5,No
102216,2024-11-23,Latin America,Brazil,Apparel,Yoga Pants,Marketplace,Consumer,Jamie Johansson,1,$57.17,$32.94,0%,$57.17,$0.00,$57.17,$32.94,$24.23,PayPal,3.8,No
102217,2024-11-23,North America,Mexico,Office Supplies,Standing Desk,Retail Store,Small Business,Wei Dubois,17,$52.62,$22.47,0%,$894.54,$0.00,$894.54,$381.99,$512.55,Credit Card,4.7,No
102218,2024-11-24,North America,Mexico,Home & Kitchen,Cookware Set,Retail Store,Small Business,Morgan Kim,8,$181.99,$75.83,0%,"$1,455.92",$0.00,"$1,455.92",$606.64,$849.28,Credit Card,5.0,No
102219,2024-11-24,North America,Mexico,Office Supplies,Standing Desk,Retail Store,Enterprise,Morgan Kim,7,$237.02,$102.68,0%,"$1,659.14",$0.00,"$1,659.14",$718.76,$940.38,Credit Card,4.5,No
102220,2024-11-24,Europe,Spain,Home & Kitchen,Blender,Online,Small Business,Diego Weber,2,$111.65,$71.25,10%,$223.30,$22.33,$200.97,$142.50,$58.47,PayPal,3.7,No
102221,2024-11-24,North America,Mexico,Apparel,Sunglasses,Wholesale,Consumer,Kenji Haddad,5,$15.13,$7.81,0%,$75.65,$0.00,$75.65,$39.05,$36.60,PayPal,5.0,No
102222,2024-11-24,Europe,Germany,Electronics,Smartwatch,Marketplace,Consumer,Diego Weber,3,$173.73,$103.66,5%,$521.19,$26.06,$495.13,$310.98,$184.15,Credit Card,4.3,No
102223,2024-11-24,Europe,Spain,Electronics,Power Bank,Retail Store,Consumer,Jordan Chen,1,$275.40,$122.54,0%,$275.40,$0.00,$275.40,$122.54,$152.86,Credit Card,4.2,No
102224,2024-11-25,North America,Canada,Apparel,Backpack,Online,Enterprise,Priya Rossi,10,$149.66,$88.36,0%,"$1,496.60",$0.00,"$1,496.60",$883.60,$613.00,PayPal,4.2,No
102225,2024-11-25,North America,Mexico,Electronics,Laptop Stand,Online,Enterprise,Sam Silva,5,$303.07,$156.66,0%,"$1,515.35",$0.00,"$1,515.35",$783.30,$732.05,Bank Transfer,4.8,No
102226,2024-11-25,Asia Pacific,South Korea,Electronics,Bluetooth Speaker,Online,Consumer,Wei Dubois,8,$138.06,$78.55,0%,"$1,104.48",$0.00,"$1,104.48",$628.40,$476.08,PayPal,3.9,Yes
102227,2024-11-25,North America,Mexico,Home & Kitchen,Toaster,Online,Small Business,Riley Muller,1,$192.77,$95.69,5%,$192.77,$9.64,$183.13,$95.69,$87.44,Debit Card,4.0,No
102228,2024-11-25,Europe,Netherlands,Office Supplies,Notebook Set,Marketplace,Small Business,Taylor Patel,4,$379.41,$163.54,5%,"$1,517.64",$75.88,"$1,441.76",$654.16,$787.60,PayPal,4.6,No
102229,2024-11-25,Europe,United Kingdom,Electronics,Wireless Earbuds,Online,Consumer,Alex Reyes,1,$259.02,$149.64,5%,$259.02,$12.95,$246.07,$149.64,$96.43,PayPal,3.4,No
102230,2024-11-26,North America,Mexico,Electronics,USB-C Hub,Retail Store,Consumer,Elena Lindqvist,22,$149.11,$91.90,20%,"$3,280.42",$656.08,"$2,624.34","$2,021.80",$602.54,Credit Card,3.9,No
102231,2024-11-26,North America,Mexico,Home & Kitchen,Toaster,Retail Store,Consumer,Sam Silva,1,$207.53,$89.47,0%,$207.53,$0.00,$207.53,$89.47,$118.06,Bank Transfer,3.7,No
102232,2024-11-26,Europe,Germany,Office Supplies,Ergonomic Chair,Online,Consumer,Noah Santos,4,$42.27,$24.30,5%,$169.08,$8.45,$160.63,$97.20,$63.43,Credit Card,3.7,No
102233,2024-11-26,Latin America,Argentina,Apparel,Sunglasses,Marketplace,Consumer,Jordan Chen,10,$108.29,$53.94,0%,"$1,082.90",$0.00,"$1,082.90",$539.40,$543.50,PayPal,3.4,No
102234,2024-11-26,Latin America,Argentina,Health & Beauty,Skincare Set,Retail Store,Consumer,Jamie Johansson,5,$13.75,$8.19,0%,$68.75,$0.00,$68.75,$40.95,$27.80,PayPal,4.2,No
102235,2024-11-26,Middle East & Africa,South Africa,Office Supplies,Monitor Arm,Online,Small Business,Amara Costa,7,$313.43,$157.31,15%,"$2,194.01",$329.10,"$1,864.91","$1,101.17",$763.74,Debit Card,5.0,No
102236,2024-11-26,Asia Pacific,India,Health & Beauty,Fitness Tracker,Online,Enterprise,Jordan Chen,5,$105.33,$50.30,0%,$526.65,$0.00,$526.65,$251.50,$275.15,Debit Card,4.3,No
102237,2024-11-26,Europe,Netherlands,Office Supplies,Pen Set,Marketplace,Consumer,Alex Reyes,8,$35.52,$14.35,0%,$284.16,$0.00,$284.16,$114.80,$169.36,Debit Card,3.5,No
102238,2024-11-26,North America,Canada,Apparel,Running Shoes,Wholesale,Small Business,Cameron Nakamura,10,$28.71,$14.20,0%,$287.10,$0.00,$287.10,$142.00,$145.10,Cash,4.4,No
102239,2024-11-27,North America,United States,Office Supplies,Notebook Set,Wholesale,Consumer,Noah Santos,7,$281.84,$168.97,0%,"$1,972.88",$0.00,"$1,972.88","$1,182.79",$790.09,Credit Card,4.3,No
102240,2024-11-27,Latin America,Colombia,Health & Beauty,Yoga Mat,Retail Store,Small Business,Elena Lindqvist,5,$75.01,$37.43,5%,$375.05,$18.75,$356.30,$187.15,$169.15,PayPal,3.2,No
102241,2024-11-27,Latin America,Brazil,Apparel,Sunglasses,Marketplace,Enterprise,Jamie Johansson,1,$122.02,$77.57,0%,$122.02,$0.00,$122.02,$77.57,$44.45,Debit Card,4.0,No
102242,2024-11-27,North America,United States,Home & Kitchen,Vacuum Cleaner,Online,Consumer,Elena Lindqvist,5,$129.35,$62.85,0%,$646.75,$0.00,$646.75,$314.25,$332.50,Debit Card,4.5,No
102243,2024-11-27,Asia Pacific,Singapore,Home & Kitchen,Blender,Online,Consumer,Riley Muller,12,$25.80,$16.45,10%,$309.60,$30.96,$278.64,$197.40,$81.24,PayPal,2.7,Yes
102244,2024-11-27,Asia Pacific,India,Home & Kitchen,Toaster,Online,Small Business,Jordan Chen,1,$114.08,$51.35,5%,$114.08,$5.70,$108.38,$51.35,$57.03,Cash,3.1,No
102245,2024-11-28,North America,Canada,Electronics,Laptop Stand,Marketplace,Small Business,Elena Lindqvist,12,$125.20,$59.52,0%,"$1,502.40",$0.00,"$1,502.40",$714.24,$788.16,PayPal,4.9,No
102246,2024-11-28,Asia Pacific,South Korea,Electronics,Power Bank,Retail Store,Small Business,Jordan Chen,6,$56.52,$32.08,5%,$339.12,$16.96,$322.16,$192.48,$129.68,Debit Card,3.3,No
102247,2024-11-28,Latin America,Chile,Electronics,Laptop Stand,Marketplace,Consumer,Sofia Kowalski,3,$72.36,$30.26,0%,$217.08,$0.00,$217.08,$90.78,$126.30,Bank Transfer,3.2,No
102248,2024-11-29,Europe,Spain,Apparel,Backpack,Online,Small Business,Diego Weber,8,$40.08,$24.07,0%,$320.64,$0.00,$320.64,$192.56,$128.08,Credit Card,5.0,No
102249,2024-11-29,Europe,United Kingdom,Apparel,Yoga Pants,Wholesale,Consumer,Cameron Nakamura,6,$45.95,$26.51,0%,$275.70,$0.00,$275.70,$159.06,$116.64,PayPal,3.9,No
102250,2024-11-29,Asia Pacific,South Korea,Home & Kitchen,Cookware Set,Marketplace,Enterprise,Alex Reyes,3,$124.96,$65.68,0%,$374.88,$0.00,$374.88,$197.04,$177.84,Bank Transfer,5.0,No
102251,2024-11-29,Europe,France,Electronics,Wireless Earbuds,Marketplace,Enterprise,Jordan Chen,7,$286.12,$166.40,10%,"$2,002.84",$200.28,"$1,802.56","$1,164.80",$637.76,Cash,4.0,No
102252,2024-11-29,North America,United States,Health & Beauty,Massage Gun,Online,Consumer,Diego Weber,4,$110.01,$65.74,5%,$440.04,$22.00,$418.04,$262.96,$155.08,Credit Card,4.9,No
102253,2024-11-30,Europe,Germany,Health & Beauty,Yoga Mat,Marketplace,Consumer,Casey Garcia,11,$105.71,$54.59,15%,"$1,162.81",$174.42,$988.39,$600.49,$387.90,Credit Card,2.8,Yes
102254,2024-11-30,Europe,France,Apparel,Denim Jacket,Online,Consumer,Drew Okafor,6,$78.92,$48.19,0%,$473.52,$0.00,$473.52,$289.14,$184.38,Credit Card,4.7,No
102255,2024-11-30,Asia Pacific,India,Electronics,USB-C Hub,Retail Store,Consumer,Sofia Kowalski,8,$333.63,$171.57,0%,"$2,669.04",$0.00,"$2,669.04","$1,372.56","$1,296.48",Credit Card,5.0,No
102256,2024-11-30,North America,Mexico,Apparel,Yoga Pants,Online,Small Business,Lucas Novak,7,$147.53,$71.14,0%,"$1,032.71",$0.00,"$1,032.71",$497.98,$534.73,PayPal,4.2,No
102257,2024-11-30,Europe,United Kingdom,Electronics,Bluetooth Speaker,Marketplace,Enterprise,Casey Garcia,3,$250.09,$146.34,5%,$750.27,$37.51,$712.76,$439.02,$273.74,Credit Card,4.0,No
102258,2024-11-30,Asia Pacific,Japan,Home & Kitchen,Vacuum Cleaner,Marketplace,Consumer,Elena Lindqvist,6,$111.83,$56.83,15%,$670.98,$100.65,$570.33,$340.98,$229.35,Credit Card,4.8,No
102259,2024-11-30,Europe,Spain,Electronics,Power Bank,Marketplace,Consumer,Morgan Kim,10,$302.67,$155.57,0%,"$3,026.70",$0.00,"$3,026.70","$1,555.70","$1,471.00",PayPal,5.0,No
102260,2024-11-30,Europe,Germany,Electronics,Laptop Stand,Retail Store,Small Business,Wei Dubois,5,$292.75,$183.38,0%,"$1,463.75",$0.00,"$1,463.75",$916.90,$546.85,Credit Card,3.9,No
102261,2024-12-01,North America,Mexico,Home & Kitchen,Blender,Marketplace,Consumer,Priya Rossi,11,$121.49,$71.04,5%,"$1,336.39",$66.82,"$1,269.57",$781.44,$488.13,Credit Card,4.6,No
102262,2024-12-01,Europe,Italy,Apparel,Backpack,Retail Store,Consumer,Sofia Kowalski,3,$137.26,$69.00,0%,$411.78,$0.00,$411.78,$207.00,$204.78,Bank Transfer,4.3,No
102263,2024-12-01,Asia Pacific,Australia,Apparel,Sunglasses,Marketplace,Consumer,Lucas Novak,12,$96.95,$45.49,0%,"$1,163.40",$0.00,"$1,163.40",$545.88,$617.52,Credit Card,4.4,No
102264,2024-12-01,Middle East & Africa,UAE,Office Supplies,Ergonomic Chair,Retail Store,Consumer,Sam Silva,1,$52.85,$30.04,5%,$52.85,$2.64,$50.21,$30.04,$20.17,PayPal,3.8,No
102265,2024-12-01,North America,United States,Home & Kitchen,Toaster,Online,Small Business,Lucas Novak,12,$55.21,$32.85,0%,$662.52,$0.00,$662.52,$394.20,$268.32,PayPal,3.2,No
102266,2024-12-01,Middle East & Africa,Saudi Arabia,Home & Kitchen,Blender,Wholesale,Small Business,Riley Muller,11,$130.23,$72.05,10%,"$1,432.53",$143.25,"$1,289.28",$792.55,$496.73,Debit Card,4.6,No
102267,2024-12-01,Asia Pacific,Japan,Health & Beauty,Skincare Set,Retail Store,Small Business,Sofia Kowalski,1,$77.94,$32.28,0%,$77.94,$0.00,$77.94,$32.28,$45.66,Credit Card,3.8,No
102268,2024-12-01,North America,United States,Apparel,Yoga Pants,Online,Consumer,Morgan Kim,10,$123.25,$58.51,0%,"$1,232.50",$0.00,"$1,232.50",$585.10,$647.40,Debit Card,4.5,No
102269,2024-12-01,Asia Pacific,China,Home & Kitchen,Coffee Maker,Retail Store,Consumer,Drew Okafor,3,$168.43,$97.41,10%,$505.29,$50.53,$454.76,$292.23,$162.53,PayPal,3.2,No
102270,2024-12-02,Europe,Netherlands,Home & Kitchen,Toaster,Wholesale,Consumer,Sofia Kowalski,12,$215.93,$116.91,20%,"$2,591.16",$518.23,"$2,072.93","$1,402.92",$670.01,Bank Transfer,3.7,No
102271,2024-12-02,North America,Canada,Electronics,Smartwatch,Online,Enterprise,Priya Rossi,4,$234.86,$133.83,0%,$939.44,$0.00,$939.44,$535.32,$404.12,Debit Card,4.3,No
102272,2024-12-02,North America,Canada,Electronics,Bluetooth Speaker,Online,Small Business,Noah Santos,11,$103.85,$54.84,0%,"$1,142.35",$0.00,"$1,142.35",$603.24,$539.11,Debit Card,3.5,No
102273,2024-12-02,North America,United States,Apparel,Sunglasses,Wholesale,Consumer,Taylor Patel,8,$78.74,$36.89,20%,$629.92,$125.98,$503.94,$295.12,$208.82,Credit Card,4.3,No
102274,2024-12-02,Europe,Germany,Home & Kitchen,Toaster,Retail Store,Small Business,Elena Lindqvist,3,$186.50,$103.29,20%,$559.50,$111.90,$447.60,$309.87,$137.73,PayPal,4.9,No
102275,2024-12-03,North America,Canada,Apparel,Yoga Pants,Online,Consumer,Kenji Haddad,6,$16.84,$10.41,5%,$101.04,$5.05,$95.99,$62.46,$33.53,PayPal,2.7,No
102276,2024-12-03,Europe,Netherlands,Health & Beauty,Yoga Mat,Marketplace,Consumer,Diego Weber,9,$97.98,$43.20,0%,$881.82,$0.00,$881.82,$388.80,$493.02,Credit Card,4.6,No
102277,2024-12-03,North America,United States,Office Supplies,Standing Desk,Retail Store,Consumer,Lucas Novak,15,$342.78,$148.22,5%,"$5,141.70",$257.08,"$4,884.62","$2,223.30","$2,661.32",Credit Card,4.6,No
102278,2024-12-03,Asia Pacific,Singapore,Health & Beauty,Massage Gun,Online,Consumer,Amara Costa,12,$99.50,$57.16,0%,"$1,194.00",$0.00,"$1,194.00",$685.92,$508.08,Credit Card,4.2,No
102279,2024-12-03,Asia Pacific,South Korea,Electronics,Power Bank,Wholesale,Enterprise,Cameron Nakamura,2,$311.06,$198.75,0%,$622.12,$0.00,$622.12,$397.50,$224.62,Bank Transfer,4.3,No
102280,2024-12-03,North America,United States,Health & Beauty,Massage Gun,Retail Store,Small Business,Noah Santos,3,$174.17,$111.87,0%,$522.51,$0.00,$522.51,$335.61,$186.90,Credit Card,4.1,No
102281,2024-12-03,North America,Canada,Health & Beauty,Fitness Tracker,Marketplace,Small Business,Wei Dubois,10,$124.48,$49.83,0%,"$1,244.80",$0.00,"$1,244.80",$498.30,$746.50,Debit Card,3.5,No
102282,2024-12-03,North America,United States,Home & Kitchen,Coffee Maker,Retail Store,Enterprise,Cameron Nakamura,9,$212.37,$87.85,0%,"$1,911.33",$0.00,"$1,911.33",$790.65,"$1,120.68",Credit Card,5.0,No
102283,2024-12-03,Europe,France,Home & Kitchen,Toaster,Retail Store,Consumer,Lucas Novak,6,$32.51,$15.72,0%,$195.06,$0.00,$195.06,$94.32,$100.74,Credit Card,3.4,No
102284,2024-12-03,Asia Pacific,Singapore,Electronics,Smartwatch,Retail Store,Enterprise,Fatima Ahmed,2,$124.68,$51.01,5%,$249.36,$12.47,$236.89,$102.02,$134.87,Credit Card,4.2,No
102285,2024-12-04,Europe,United Kingdom,Office Supplies,Desk Organizer,Online,Small Business,Elena Lindqvist,12,$68.59,$39.04,0%,$823.08,$0.00,$823.08,$468.48,$354.60,Credit Card,3.3,No
102286,2024-12-04,North America,Canada,Apparel,Backpack,Marketplace,Consumer,Riley Muller,17,$136.51,$58.36,0%,"$2,320.67",$0.00,"$2,320.67",$992.12,"$1,328.55",Bank Transfer,4.2,No
102287,2024-12-04,North America,United States,Home & Kitchen,Coffee Maker,Online,Enterprise,Alex Reyes,7,$147.55,$86.54,10%,"$1,032.85",$103.28,$929.57,$605.78,$323.79,PayPal,4.1,No
102288,2024-12-04,Asia Pacific,South Korea,Home & Kitchen,Blender,Marketplace,Consumer,Priya Rossi,6,$90.19,$37.80,0%,$541.14,$0.00,$541.14,$226.80,$314.34,Cash,3.1,No
102289,2024-12-04,Europe,United Kingdom,Office Supplies,Desk Organizer,Marketplace,Small Business,Jamie Johansson,5,$69.27,$32.91,0%,$346.35,$0.00,$346.35,$164.55,$181.80,Credit Card,4.1,No
102290,2024-12-04,Middle East & Africa,UAE,Office Supplies,Pen Set,Marketplace,Enterprise,Sam Silva,16,$220.14,$136.78,20%,"$3,522.24",$704.45,"$2,817.79","$2,188.48",$629.31,Debit Card,4.2,No
102291,2024-12-05,North America,Mexico,Apparel,Sunglasses,Online,Enterprise,Jordan Chen,7,$15.19,$9.41,0%,$106.33,$0.00,$106.33,$65.87,$40.46,Debit Card,3.8,No
102292,2024-12-05,Asia Pacific,India,Apparel,Yoga Pants,Retail Store,Consumer,Casey Garcia,3,$83.94,$48.24,10%,$251.82,$25.18,$226.64,$144.72,$81.92,Credit Card,3.3,No
102293,2024-12-05,Europe,France,Home & Kitchen,Air Fryer,Retail Store,Enterprise,Priya Rossi,17,$146.85,$84.62,0%,"$2,496.45",$0.00,"$2,496.45","$1,438.54","$1,057.91",PayPal,4.3,No
102294,2024-12-05,Asia Pacific,Japan,Electronics,USB-C Hub,Marketplace,Consumer,Jordan Chen,4,$181.49,$74.41,0%,$725.96,$0.00,$725.96,$297.64,$428.32,Credit Card,4.6,No
102295,2024-12-05,Asia Pacific,Australia,Health & Beauty,Skincare Set,Marketplace,Enterprise,Drew Okafor,10,$157.51,$80.27,0%,"$1,575.10",$0.00,"$1,575.10",$802.70,$772.40,Cash,4.4,No
102296,2024-12-05,Asia Pacific,Japan,Electronics,USB-C Hub,Online,Consumer,Jamie Johansson,7,$89.86,$47.88,5%,$629.02,$31.45,$597.57,$335.16,$262.41,Credit Card,4.0,No
102297,2024-12-05,Europe,Germany,Health & Beauty,Skincare Set,Online,Consumer,Cameron Nakamura,6,$45.78,$18.72,0%,$274.68,$0.00,$274.68,$112.32,$162.36,Debit Card,4.7,No
102298,2024-12-06,North America,Canada,Home & Kitchen,Air Fryer,Retail Store,Enterprise,Priya Rossi,7,$184.03,$93.76,0%,"$1,288.21",$0.00,"$1,288.21",$656.32,$631.89,Debit Card,5.0,No
102299,2024-12-06,Europe,France,Apparel,Backpack,Online,Consumer,Casey Garcia,1,$59.24,$26.02,0%,$59.24,$0.00,$59.24,$26.02,$33.22,Credit Card,3.8,No
102300,2024-12-06,Asia Pacific,Singapore,Apparel,Running Shoes,Online,Enterprise,Morgan Kim,1,$130.74,$54.08,0%,$130.74,$0.00,$130.74,$54.08,$76.66,Debit Card,5.0,No
102301,2024-12-06,North America,Mexico,Electronics,USB-C Hub,Online,Small Business,Cameron Nakamura,8,$276.57,$149.18,10%,"$2,212.56",$221.26,"$1,991.30","$1,193.44",$797.86,Debit Card,4.5,No
102302,2024-12-06,Latin America,Argentina,Apparel,Backpack,Retail Store,Consumer,Jamie Johansson,5,$111.57,$63.81,5%,$557.85,$27.89,$529.96,$319.05,$210.91,Credit Card,4.3,No
102303,2024-12-06,Europe,France,Home & Kitchen,Toaster,Online,Consumer,Morgan Kim,15,$199.30,$127.49,0%,"$2,989.50",$0.00,"$2,989.50","$1,912.35","$1,077.15",Credit Card,3.9,No
102304,2024-12-06,Asia Pacific,China,Electronics,Smartwatch,Wholesale,Enterprise,Elena Lindqvist,5,$276.39,$156.89,10%,"$1,381.95",$138.20,"$1,243.75",$784.45,$459.30,Bank Transfer,3.8,No
102305,2024-12-07,Europe,Netherlands,Office Supplies,Notebook Set,Marketplace,Consumer,Priya Rossi,2,$372.38,$169.64,0%,$744.76,$0.00,$744.76,$339.28,$405.48,Debit Card,4.7,No
102306,2024-12-07,North America,Canada,Electronics,Power Bank,Online,Small Business,Taylor Patel,10,$109.21,$65.43,0%,"$1,092.10",$0.00,"$1,092.10",$654.30,$437.80,PayPal,3.4,No
102307,2024-12-07,Asia Pacific,India,Office Supplies,Standing Desk,Online,Consumer,Drew Okafor,5,$58.11,$31.07,15%,$290.55,$43.58,$246.97,$155.35,$91.62,Credit Card,4.5,No
102308,2024-12-07,Middle East & Africa,Nigeria,Electronics,Power Bank,Online,Consumer,Casey Garcia,12,$116.09,$66.55,0%,"$1,393.08",$0.00,"$1,393.08",$798.60,$594.48,Credit Card,5.0,Yes
102309,2024-12-07,North America,Canada,Electronics,Laptop Stand,Online,Consumer,Riley Muller,3,$298.50,$150.13,5%,$895.50,$44.78,$850.72,$450.39,$400.33,Credit Card,3.2,Yes
102310,2024-12-07,Asia Pacific,Australia,Office Supplies,Desk Organizer,Retail Store,Consumer,Sam Silva,7,$209.85,$134.49,0%,"$1,468.95",$0.00,"$1,468.95",$941.43,$527.52,Debit Card,4.3,No
102311,2024-12-07,Europe,France,Home & Kitchen,Toaster,Retail Store,Consumer,Elena Lindqvist,20,$80.04,$48.53,0%,"$1,600.80",$0.00,"$1,600.80",$970.60,$630.20,Credit Card,3.3,No
102312,2024-12-07,Latin America,Argentina,Home & Kitchen,Blender,Wholesale,Small Business,Noah Santos,6,$114.98,$61.58,0%,$689.88,$0.00,$689.88,$369.48,$320.40,PayPal,5.0,No
102313,2024-12-07,Asia Pacific,Australia,Electronics,Smartwatch,Retail Store,Small Business,Jordan Chen,9,$150.72,$66.86,0%,"$1,356.48",$0.00,"$1,356.48",$601.74,$754.74,PayPal,3.4,No
102314,2024-12-08,Europe,Spain,Office Supplies,Ergonomic Chair,Online,Small Business,Lucas Novak,7,$313.85,$191.26,0%,"$2,196.95",$0.00,"$2,196.95","$1,338.82",$858.13,Credit Card,3.7,No
102315,2024-12-08,Europe,Spain,Office Supplies,Monitor Arm,Retail Store,Consumer,Morgan Kim,9,$177.13,$104.80,5%,"$1,594.17",$79.71,"$1,514.46",$943.20,$571.26,Debit Card,4.6,No
102316,2024-12-08,North America,Mexico,Office Supplies,Desk Organizer,Retail Store,Small Business,Diego Weber,8,$195.72,$108.18,0%,"$1,565.76",$0.00,"$1,565.76",$865.44,$700.32,Bank Transfer,4.2,No
102317,2024-12-08,Asia Pacific,Singapore,Health & Beauty,Skincare Set,Online,Small Business,Taylor Patel,7,$155.94,$65.05,5%,"$1,091.58",$54.58,"$1,037.00",$455.35,$581.65,Debit Card,4.8,No
102318,2024-12-08,North America,Canada,Office Supplies,Pen Set,Retail Store,Consumer,Casey Garcia,8,$255.36,$104.26,20%,"$2,042.88",$408.58,"$1,634.30",$834.08,$800.22,Credit Card,2.5,No
102319,2024-12-08,Europe,United Kingdom,Electronics,USB-C Hub,Retail Store,Consumer,Jordan Chen,20,$196.08,$88.87,0%,"$3,921.60",$0.00,"$3,921.60","$1,777.40","$2,144.20",PayPal,3.2,No
102320,2024-12-08,North America,Mexico,Health & Beauty,Hair Dryer,Retail Store,Enterprise,Taylor Patel,4,$53.40,$26.93,0%,$213.60,$0.00,$213.60,$107.72,$105.88,PayPal,5.0,No
102321,2024-12-09,Asia Pacific,Japan,Home & Kitchen,Cookware Set,Retail Store,Consumer,Sofia Kowalski,7,$51.80,$20.97,15%,$362.60,$54.39,$308.21,$146.79,$161.42,Credit Card,4.8,No
102322,2024-12-09,North America,Canada,Apparel,Denim Jacket,Online,Small Business,Drew Okafor,3,$100.72,$58.87,0%,$302.16,$0.00,$302.16,$176.61,$125.55,Credit Card,4.6,No
102323,2024-12-09,Asia Pacific,Singapore,Health & Beauty,Fitness Tracker,Wholesale,Enterprise,Drew Okafor,7,$25.69,$13.61,5%,$179.83,$8.99,$170.84,$95.27,$75.57,Bank Transfer,3.6,No
102324,2024-12-09,North America,Canada,Health & Beauty,Yoga Mat,Retail Store,Consumer,Sam Silva,6,$80.89,$40.39,0%,$485.34,$0.00,$485.34,$242.34,$243.00,PayPal,3.7,No
102325,2024-12-09,North America,Canada,Home & Kitchen,Cookware Set,Online,Consumer,Jamie Johansson,8,$27.19,$13.42,15%,$217.52,$32.63,$184.89,$107.36,$77.53,Debit Card,4.2,No
102326,2024-12-09,Latin America,Chile,Home & Kitchen,Vacuum Cleaner,Online,Small Business,Casey Garcia,9,$91.06,$52.72,0%,$819.54,$0.00,$819.54,$474.48,$345.06,Credit Card,5.0,No
102327,2024-12-09,North America,Canada,Office Supplies,Monitor Arm,Retail Store,Consumer,Sam Silva,5,$272.85,$113.36,0%,"$1,364.25",$0.00,"$1,364.25",$566.80,$797.45,Debit Card,3.8,No
102328,2024-12-09,Europe,Italy,Health & Beauty,Skincare Set,Online,Consumer,Amara Costa,9,$125.85,$54.56,0%,"$1,132.65",$0.00,"$1,132.65",$491.04,$641.61,Credit Card,4.1,No
102329,2024-12-09,Europe,Germany,Electronics,Wireless Earbuds,Online,Small Business,Priya Rossi,6,$343.61,$214.49,0%,"$2,061.66",$0.00,"$2,061.66","$1,286.94",$774.72,Bank Transfer,4.8,No
102330,2024-12-10,Asia Pacific,India,Electronics,Smartwatch,Retail Store,Enterprise,Casey Garcia,9,$225.48,$133.38,0%,"$2,029.32",$0.00,"$2,029.32","$1,200.42",$828.90,PayPal,4.1,Yes
102331,2024-12-10,Asia Pacific,Australia,Health & Beauty,Hair Dryer,Retail Store,Consumer,Morgan Kim,6,$34.64,$20.04,15%,$207.84,$31.18,$176.66,$120.24,$56.42,Debit Card,3.1,No
102332,2024-12-10,Latin America,Brazil,Home & Kitchen,Toaster,Marketplace,Small Business,Priya Rossi,13,$29.99,$18.12,0%,$389.87,$0.00,$389.87,$235.56,$154.31,Credit Card,4.4,No
102333,2024-12-10,Asia Pacific,India,Electronics,Power Bank,Online,Small Business,Fatima Ahmed,4,$70.50,$40.50,15%,$282.00,$42.30,$239.70,$162.00,$77.70,Credit Card,4.4,No
102334,2024-12-10,North America,Canada,Apparel,Yoga Pants,Retail Store,Enterprise,Taylor Patel,19,$62.07,$28.11,10%,"$1,179.33",$117.93,"$1,061.40",$534.09,$527.31,PayPal,4.8,No
102335,2024-12-10,Asia Pacific,China,Electronics,Wireless Earbuds,Online,Consumer,Taylor Patel,1,$296.16,$132.81,0%,$296.16,$0.00,$296.16,$132.81,$163.35,Credit Card,4.8,No
102336,2024-12-11,North America,Canada,Home & Kitchen,Coffee Maker,Marketplace,Consumer,Diego Weber,2,$32.95,$18.58,20%,$65.90,$13.18,$52.72,$37.16,$15.56,Credit Card,4.7,No
102337,2024-12-11,North America,Mexico,Office Supplies,Desk Organizer,Wholesale,Consumer,Jordan Chen,8,$54.67,$26.50,0%,$437.36,$0.00,$437.36,$212.00,$225.36,Credit Card,3.8,No
102338,2024-12-11,Latin America,Colombia,Home & Kitchen,Toaster,Online,Enterprise,Casey Garcia,13,$61.61,$29.50,0%,$800.93,$0.00,$800.93,$383.50,$417.43,Credit Card,4.4,No
102339,2024-12-11,Latin America,Argentina,Office Supplies,Standing Desk,Marketplace,Consumer,Elena Lindqvist,13,$48.11,$30.00,0%,$625.43,$0.00,$625.43,$390.00,$235.43,PayPal,4.2,No
102340,2024-12-11,Europe,Italy,Electronics,Smartwatch,Online,Small Business,Jamie Johansson,8,$88.25,$43.00,0%,$706.00,$0.00,$706.00,$344.00,$362.00,PayPal,3.8,No
102341,2024-12-11,Middle East & Africa,Nigeria,Home & Kitchen,Air Fryer,Retail Store,Consumer,Casey Garcia,5,$53.36,$29.11,15%,$266.80,$40.02,$226.78,$145.55,$81.23,Credit Card,3.9,No
102342,2024-12-11,North America,Canada,Apparel,Denim Jacket,Online,Consumer,Elena Lindqvist,3,$100.24,$48.72,0%,$300.72,$0.00,$300.72,$146.16,$154.56,Cash,3.6,No
102343,2024-12-12,North America,United States,Home & Kitchen,Coffee Maker,Retail Store,Small Business,Amara Costa,1,$136.73,$75.47,10%,$136.73,$13.67,$123.06,$75.47,$47.59,Cash,3.1,No
102344,2024-12-12,Europe,Germany,Home & Kitchen,Vacuum Cleaner,Online,Consumer,Amara Costa,5,$154.32,$84.62,0%,$771.60,$0.00,$771.60,$423.10,$348.50,Credit Card,4.4,No
102345,2024-12-13,North America,Mexico,Electronics,Power Bank,Marketplace,Small Business,Priya Rossi,20,$136.48,$56.16,0%,"$2,729.60",$0.00,"$2,729.60","$1,123.20","$1,606.40",Credit Card,4.3,No
102346,2024-12-13,Asia Pacific,China,Apparel,Denim Jacket,Online,Small Business,Alex Reyes,3,$83.67,$35.21,0%,$251.01,$0.00,$251.01,$105.63,$145.38,PayPal,5.0,No
102347,2024-12-13,North America,Canada,Electronics,Bluetooth Speaker,Online,Small Business,Riley Muller,15,$119.37,$57.06,0%,"$1,790.55",$0.00,"$1,790.55",$855.90,$934.65,Credit Card,3.9,No
102348,2024-12-13,Asia Pacific,China,Electronics,Laptop Stand,Online,Consumer,Priya Rossi,11,$169.72,$98.09,0%,"$1,866.92",$0.00,"$1,866.92","$1,078.99",$787.93,Bank Transfer,3.3,No
102349,2024-12-13,North America,Canada,Home & Kitchen,Air Fryer,Online,Consumer,Sam Silva,11,$116.18,$74.25,15%,"$1,277.98",$191.70,"$1,086.28",$816.75,$269.53,Debit Card,3.4,Yes
102350,2024-12-13,Europe,Germany,Office Supplies,Standing Desk,Retail Store,Small Business,Sofia Kowalski,7,$34.73,$18.77,0%,$243.11,$0.00,$243.11,$131.39,$111.72,Credit Card,3.9,No
102351,2024-12-13,Asia Pacific,Singapore,Electronics,Bluetooth Speaker,Marketplace,Consumer,Kenji Haddad,12,$72.26,$42.53,0%,$867.12,$0.00,$867.12,$510.36,$356.76,Debit Card,5.0,No
102352,2024-12-14,North America,Canada,Home & Kitchen,Coffee Maker,Retail Store,Consumer,Priya Rossi,2,$62.14,$35.41,0%,$124.28,$0.00,$124.28,$70.82,$53.46,PayPal,4.9,No
102353,2024-12-14,North America,Mexico,Home & Kitchen,Blender,Online,Enterprise,Cameron Nakamura,1,$147.94,$75.26,0%,$147.94,$0.00,$147.94,$75.26,$72.68,Credit Card,3.9,No
102354,2024-12-14,Latin America,Colombia,Health & Beauty,Fitness Tracker,Retail Store,Small Business,Priya Rossi,11,$36.04,$18.80,5%,$396.44,$19.82,$376.62,$206.80,$169.82,Credit Card,4.4,No
102355,2024-12-14,Asia Pacific,China,Health & Beauty,Skincare Set,Wholesale,Consumer,Jordan Chen,5,$110.17,$63.89,0%,$550.85,$0.00,$550.85,$319.45,$231.40,Credit Card,4.5,No
102356,2024-12-14,Asia Pacific,Singapore,Home & Kitchen,Air Fryer,Retail Store,Consumer,Cameron Nakamura,7,$198.01,$128.09,10%,"$1,386.07",$138.61,"$1,247.46",$896.63,$350.83,PayPal,4.2,No
102357,2024-12-14,Europe,Spain,Apparel,Denim Jacket,Marketplace,Small Business,Wei Dubois,8,$89.91,$57.09,0%,$719.28,$0.00,$719.28,$456.72,$262.56,Credit Card,4.3,No
102358,2024-12-14,Asia Pacific,Singapore,Apparel,Running Shoes,Retail Store,Consumer,Drew Okafor,8,$51.25,$32.52,0%,$410.00,$0.00,$410.00,$260.16,$149.84,Credit Card,4.6,No
102359,2024-12-14,Latin America,Chile,Apparel,Running Shoes,Online,Small Business,Lucas Novak,5,$105.36,$59.13,5%,$526.80,$26.34,$500.46,$295.65,$204.81,Credit Card,4.6,No
102360,2024-12-14,North America,Canada,Apparel,Backpack,Marketplace,Consumer,Priya Rossi,2,$89.99,$48.65,0%,$179.98,$0.00,$179.98,$97.30,$82.68,Credit Card,3.8,No
102361,2024-12-14,North America,Mexico,Office Supplies,Notebook Set,Retail Store,Consumer,Noah Santos,3,$110.23,$48.91,0%,$330.69,$0.00,$330.69,$146.73,$183.96,Credit Card,5.0,No
102362,2024-12-15,Asia Pacific,China,Electronics,Bluetooth Speaker,Online,Consumer,Fatima Ahmed,7,$286.43,$176.82,20%,"$2,005.01",$401.00,"$1,604.01","$1,237.74",$366.27,Debit Card,4.0,No
102363,2024-12-15,Latin America,Brazil,Home & Kitchen,Toaster,Retail Store,Consumer,Jordan Chen,15,$77.57,$43.58,20%,"$1,163.55",$232.71,$930.84,$653.70,$277.14,Credit Card,4.9,No
102364,2024-12-15,Europe,Italy,Home & Kitchen,Air Fryer,Online,Consumer,Diego Weber,4,$72.29,$33.24,0%,$289.16,$0.00,$289.16,$132.96,$156.20,Bank Transfer,3.7,No
102365,2024-12-15,North America,United States,Health & Beauty,Fitness Tracker,Online,Consumer,Riley Muller,9,$165.21,$66.93,0%,"$1,486.89",$0.00,"$1,486.89",$602.37,$884.52,Credit Card,4.0,No
102366,2024-12-15,Latin America,Chile,Apparel,Running Shoes,Marketplace,Enterprise,Jamie Johansson,9,$59.35,$25.16,0%,$534.15,$0.00,$534.15,$226.44,$307.71,Debit Card,3.9,No
102367,2024-12-15,Asia Pacific,China,Electronics,Wireless Earbuds,Marketplace,Consumer,Morgan Kim,4,$347.46,$147.52,5%,"$1,389.84",$69.49,"$1,320.35",$590.08,$730.27,Debit Card,3.6,No
102368,2024-12-15,Latin America,Brazil,Health & Beauty,Hair Dryer,Online,Enterprise,Jamie Johansson,9,$69.48,$27.81,10%,$625.32,$62.53,$562.79,$250.29,$312.50,Debit Card,3.4,No
102369,2024-12-15,North America,United States,Health & Beauty,Yoga Mat,Retail Store,Enterprise,Kenji Haddad,9,$32.09,$15.61,0%,$288.81,$0.00,$288.81,$140.49,$148.32,Credit Card,4.1,No
102370,2024-12-15,North America,United States,Electronics,Laptop Stand,Online,Enterprise,Noah Santos,4,$99.62,$42.10,15%,$398.48,$59.77,$338.71,$168.40,$170.31,Credit Card,3.5,No
102371,2024-12-16,Europe,Netherlands,Electronics,Wireless Earbuds,Marketplace,Small Business,Elena Lindqvist,8,$114.40,$67.95,0%,$915.20,$0.00,$915.20,$543.60,$371.60,Debit Card,4.7,No
102372,2024-12-16,Latin America,Colombia,Health & Beauty,Massage Gun,Retail Store,Consumer,Sofia Kowalski,9,$65.13,$40.70,10%,$586.17,$58.62,$527.55,$366.30,$161.25,Debit Card,3.7,No
102373,2024-12-16,Latin America,Chile,Electronics,Laptop Stand,Retail Store,Small Business,Taylor Patel,15,$185.76,$82.79,0%,"$2,786.40",$0.00,"$2,786.40","$1,241.85","$1,544.55",Bank Transfer,5.0,No
102374,2024-12-17,Latin America,Colombia,Health & Beauty,Yoga Mat,Online,Consumer,Elena Lindqvist,10,$129.12,$60.81,15%,"$1,291.20",$193.68,"$1,097.52",$608.10,$489.42,Credit Card,3.5,No
102375,2024-12-17,Middle East & Africa,Nigeria,Home & Kitchen,Toaster,Retail Store,Consumer,Alex Reyes,7,$181.67,$101.68,0%,"$1,271.69",$0.00,"$1,271.69",$711.76,$559.93,Bank Transfer,4.2,No
102376,2024-12-17,North America,Canada,Apparel,Running Shoes,Marketplace,Consumer,Wei Dubois,2,$130.32,$57.02,0%,$260.64,$0.00,$260.64,$114.04,$146.60,Credit Card,5.0,No
102377,2024-12-17,North America,United States,Electronics,Power Bank,Retail Store,Small Business,Sam Silva,13,$304.14,$183.25,0%,"$3,953.82",$0.00,"$3,953.82","$2,382.25","$1,571.57",PayPal,3.4,No
102378,2024-12-17,Europe,Italy,Office Supplies,Pen Set,Online,Consumer,Casey Garcia,3,$327.47,$139.62,0%,$982.41,$0.00,$982.41,$418.86,$563.55,Credit Card,3.7,No
102379,2024-12-18,North America,United States,Electronics,Wireless Earbuds,Marketplace,Consumer,Casey Garcia,12,$323.62,$175.69,0%,"$3,883.44",$0.00,"$3,883.44","$2,108.28","$1,775.16",Debit Card,5.0,No
102380,2024-12-18,North America,Mexico,Home & Kitchen,Blender,Marketplace,Small Business,Noah Santos,3,$177.48,$110.85,0%,$532.44,$0.00,$532.44,$332.55,$199.89,Credit Card,4.6,No
102381,2024-12-18,North America,Canada,Apparel,Backpack,Marketplace,Consumer,Morgan Kim,6,$142.68,$78.00,0%,$856.08,$0.00,$856.08,$468.00,$388.08,Debit Card,4.5,No
102382,2024-12-18,North America,Canada,Office Supplies,Notebook Set,Online,Consumer,Diego Weber,10,$189.50,$122.14,0%,"$1,895.00",$0.00,"$1,895.00","$1,221.40",$673.60,Credit Card,4.4,No
102383,2024-12-18,Asia Pacific,China,Electronics,Wireless Earbuds,Online,Enterprise,Sofia Kowalski,9,$131.75,$64.05,0%,"$1,185.75",$0.00,"$1,185.75",$576.45,$609.30,Bank Transfer,3.8,No
102384,2024-12-18,Middle East & Africa,South Africa,Home & Kitchen,Coffee Maker,Marketplace,Consumer,Cameron Nakamura,7,$210.75,$109.58,0%,"$1,475.25",$0.00,"$1,475.25",$767.06,$708.19,Credit Card,3.7,No
102385,2024-12-19,North America,Mexico,Apparel,Sunglasses,Marketplace,Small Business,Jamie Johansson,1,$135.65,$68.15,0%,$135.65,$0.00,$135.65,$68.15,$67.50,PayPal,5.0,No
102386,2024-12-19,North America,United States,Apparel,Sunglasses,Retail Store,Consumer,Casey Garcia,4,$39.38,$21.07,0%,$157.52,$0.00,$157.52,$84.28,$73.24,Credit Card,4.3,No
102387,2024-12-19,North America,Mexico,Apparel,Running Shoes,Marketplace,Consumer,Amara Costa,11,$22.92,$10.21,0%,$252.12,$0.00,$252.12,$112.31,$139.81,Bank Transfer,4.5,No
102388,2024-12-19,Asia Pacific,Singapore,Apparel,Wool Sweater,Retail Store,Small Business,Alex Reyes,2,$74.13,$47.00,0%,$148.26,$0.00,$148.26,$94.00,$54.26,PayPal,4.5,No
102389,2024-12-19,Asia Pacific,South Korea,Apparel,Backpack,Retail Store,Consumer,Kenji Haddad,11,$128.26,$67.11,5%,"$1,410.86",$70.54,"$1,340.32",$738.21,$602.11,Cash,3.6,No
102390,2024-12-19,Asia Pacific,South Korea,Home & Kitchen,Toaster,Marketplace,Consumer,Diego Weber,5,$55.87,$29.05,0%,$279.35,$0.00,$279.35,$145.25,$134.10,Credit Card,2.8,No
102391,2024-12-19,Asia Pacific,South Korea,Electronics,Smartwatch,Retail Store,Small Business,Wei Dubois,4,$310.38,$189.06,10%,"$1,241.52",$124.15,"$1,117.37",$756.24,$361.13,Credit Card,4.3,No
102392,2024-12-19,Asia Pacific,India,Health & Beauty,Electric Toothbrush,Online,Consumer,Amara Costa,5,$170.42,$81.59,0%,$852.10,$0.00,$852.10,$407.95,$444.15,Credit Card,4.0,No
102393,2024-12-19,North America,Mexico,Office Supplies,Notebook Set,Marketplace,Consumer,Morgan Kim,11,$162.19,$95.11,0%,"$1,784.09",$0.00,"$1,784.09","$1,046.21",$737.88,Debit Card,4.7,No
102394,2024-12-20,North America,United States,Apparel,Yoga Pants,Marketplace,Consumer,Sam Silva,9,$73.17,$36.56,10%,$658.53,$65.85,$592.68,$329.04,$263.64,Bank Transfer,4.2,No
102395,2024-12-20,North America,Canada,Electronics,Power Bank,Retail Store,Consumer,Kenji Haddad,6,$297.16,$140.24,0%,"$1,782.96",$0.00,"$1,782.96",$841.44,$941.52,Credit Card,4.3,No
102396,2024-12-20,Europe,Spain,Home & Kitchen,Cookware Set,Retail Store,Small Business,Casey Garcia,8,$33.43,$14.30,0%,$267.44,$0.00,$267.44,$114.40,$153.04,Cash,5.0,No
102397,2024-12-20,Europe,Spain,Health & Beauty,Electric Toothbrush,Marketplace,Consumer,Morgan Kim,1,$58.62,$29.68,0%,$58.62,$0.00,$58.62,$29.68,$28.94,Credit Card,3.7,No
102398,2024-12-21,North America,Mexico,Home & Kitchen,Toaster,Wholesale,Consumer,Diego Weber,3,$137.81,$87.16,0%,$413.43,$0.00,$413.43,$261.48,$151.95,PayPal,4.9,Yes
102399,2024-12-21,Asia Pacific,Japan,Electronics,Bluetooth Speaker,Retail Store,Small Business,Fatima Ahmed,10,$73.67,$39.64,15%,$736.70,$110.51,$626.19,$396.40,$229.79,Credit Card,4.0,Yes
102400,2024-12-21,Europe,Italy,Electronics,Power Bank,Online,Consumer,Jamie Johansson,8,$279.88,$144.23,0%,"$2,239.04",$0.00,"$2,239.04","$1,153.84","$1,085.20",Credit Card,4.6,No
102401,2024-12-21,Europe,Netherlands,Electronics,Bluetooth Speaker,Online,Small Business,Sofia Kowalski,8,$243.30,$109.95,0%,"$1,946.40",$0.00,"$1,946.40",$879.60,"$1,066.80",Credit Card,5.0,No
102402,2024-12-21,Middle East & Africa,Saudi Arabia,Apparel,Backpack,Retail Store,Consumer,Wei Dubois,13,$73.64,$36.73,0%,$957.32,$0.00,$957.32,$477.49,$479.83,Credit Card,4.3,No
102403,2024-12-21,Europe,Netherlands,Office Supplies,Desk Organizer,Online,Enterprise,Riley Muller,11,$128.65,$57.57,10%,"$1,415.15",$141.52,"$1,273.63",$633.27,$640.36,Debit Card,3.6,No
102404,2024-12-21,Europe,Netherlands,Apparel,Backpack,Online,Consumer,Elena Lindqvist,14,$93.73,$45.08,5%,"$1,312.22",$65.61,"$1,246.61",$631.12,$615.49,Cash,4.2,No
102405,2024-12-21,Asia Pacific,India,Apparel,Sunglasses,Wholesale,Consumer,Casey Garcia,5,$54.15,$32.75,10%,$270.75,$27.08,$243.67,$163.75,$79.92,Bank Transfer,4.6,No
102406,2024-12-22,Europe,United Kingdom,Apparel,Denim Jacket,Retail Store,Consumer,Sofia Kowalski,9,$66.49,$40.11,0%,$598.41,$0.00,$598.41,$360.99,$237.42,Debit Card,4.1,No
102407,2024-12-22,Europe,Italy,Home & Kitchen,Cookware Set,Online,Consumer,Jamie Johansson,4,$182.12,$104.46,0%,$728.48,$0.00,$728.48,$417.84,$310.64,Debit Card,4.5,No
102408,2024-12-22,Europe,United Kingdom,Apparel,Denim Jacket,Online,Consumer,Sam Silva,5,$96.19,$40.11,15%,$480.95,$72.14,$408.81,$200.55,$208.26,Credit Card,4.5,No
102409,2024-12-22,Europe,United Kingdom,Health & Beauty,Yoga Mat,Online,Consumer,Elena Lindqvist,11,$138.20,$75.93,0%,"$1,520.20",$0.00,"$1,520.20",$835.23,$684.97,Debit Card,3.7,No
102410,2024-12-22,North America,Mexico,Health & Beauty,Yoga Mat,Marketplace,Consumer,Wei Dubois,12,$178.17,$73.82,15%,"$2,138.04",$320.71,"$1,817.33",$885.84,$931.49,Bank Transfer,3.2,Yes
102411,2024-12-23,Asia Pacific,Australia,Office Supplies,Desk Organizer,Retail Store,Enterprise,Morgan Kim,1,$380.19,$200.41,0%,$380.19,$0.00,$380.19,$200.41,$179.78,PayPal,3.6,No
102412,2024-12-23,Europe,Netherlands,Office Supplies,Ergonomic Chair,Marketplace,Consumer,Priya Rossi,1,$55.62,$25.71,5%,$55.62,$2.78,$52.84,$25.71,$27.13,PayPal,4.7,No
102413,2024-12-23,Latin America,Brazil,Home & Kitchen,Cookware Set,Wholesale,Consumer,Alex Reyes,12,$52.64,$21.48,20%,$631.68,$126.34,$505.34,$257.76,$247.58,Debit Card,3.0,No
102414,2024-12-23,North America,United States,Electronics,Wireless Earbuds,Retail Store,Consumer,Noah Santos,4,$179.42,$82.96,10%,$717.68,$71.77,$645.91,$331.84,$314.07,Cash,2.7,No
102415,2024-12-23,North America,United States,Office Supplies,Monitor Arm,Online,Small Business,Lucas Novak,10,$243.69,$150.99,0%,"$2,436.90",$0.00,"$2,436.90","$1,509.90",$927.00,Credit Card,3.3,No
102416,2024-12-23,North America,Mexico,Office Supplies,Notebook Set,Online,Consumer,Sam Silva,10,$368.47,$180.96,0%,"$3,684.70",$0.00,"$3,684.70","$1,809.60","$1,875.10",Credit Card,4.4,No
102417,2024-12-24,North America,Canada,Health & Beauty,Skincare Set,Marketplace,Consumer,Jordan Chen,15,$161.47,$101.25,5%,"$2,422.05",$121.10,"$2,300.95","$1,518.75",$782.20,Credit Card,4.4,No
102418,2024-12-24,Europe,United Kingdom,Apparel,Yoga Pants,Online,Consumer,Alex Reyes,12,$104.77,$58.80,10%,"$1,257.24",$125.72,"$1,131.52",$705.60,$425.92,Credit Card,4.0,No
102419,2024-12-24,North America,Mexico,Apparel,Backpack,Retail Store,Consumer,Taylor Patel,5,$111.48,$49.18,5%,$557.40,$27.87,$529.53,$245.90,$283.63,Debit Card,3.7,No
102420,2024-12-24,Latin America,Chile,Health & Beauty,Yoga Mat,Online,Consumer,Jordan Chen,1,$170.06,$69.06,0%,$170.06,$0.00,$170.06,$69.06,$101.00,Debit Card,3.9,No
102421,2024-12-24,Latin America,Brazil,Electronics,Smartwatch,Wholesale,Consumer,Casey Garcia,5,$286.47,$142.68,0%,"$1,432.35",$0.00,"$1,432.35",$713.40,$718.95,Credit Card,4.0,No
102422,2024-12-24,Latin America,Argentina,Home & Kitchen,Cookware Set,Online,Small Business,Cameron Nakamura,3,$199.37,$84.92,0%,$598.11,$0.00,$598.11,$254.76,$343.35,Credit Card,3.2,No
102423,2024-12-24,North America,Mexico,Health & Beauty,Skincare Set,Retail Store,Consumer,Taylor Patel,14,$174.76,$90.47,0%,"$2,446.64",$0.00,"$2,446.64","$1,266.58","$1,180.06",Credit Card,4.1,No
102424,2024-12-25,Latin America,Argentina,Health & Beauty,Yoga Mat,Online,Consumer,Morgan Kim,7,$93.18,$56.61,0%,$652.26,$0.00,$652.26,$396.27,$255.99,PayPal,4.3,No
102425,2024-12-25,Europe,Italy,Home & Kitchen,Cookware Set,Marketplace,Consumer,Casey Garcia,12,$86.08,$46.72,0%,"$1,032.96",$0.00,"$1,032.96",$560.64,$472.32,Credit Card,5.0,No
102426,2024-12-25,Asia Pacific,Japan,Health & Beauty,Electric Toothbrush,Online,Consumer,Taylor Patel,5,$34.99,$18.57,0%,$174.95,$0.00,$174.95,$92.85,$82.10,Debit Card,2.5,No
102427,2024-12-25,Europe,Netherlands,Office Supplies,Notebook Set,Marketplace,Small Business,Priya Rossi,1,$84.48,$40.98,0%,$84.48,$0.00,$84.48,$40.98,$43.50,PayPal,4.4,No
102428,2024-12-25,Latin America,Brazil,Apparel,Wool Sweater,Marketplace,Small Business,Sofia Kowalski,16,$121.69,$65.84,0%,"$1,947.04",$0.00,"$1,947.04","$1,053.44",$893.60,Debit Card,5.0,No
102429,2024-12-25,Europe,Netherlands,Apparel,Backpack,Marketplace,Consumer,Riley Muller,7,$19.43,$7.96,0%,$136.01,$0.00,$136.01,$55.72,$80.29,Cash,4.2,No
102430,2024-12-25,Asia Pacific,Australia,Apparel,Yoga Pants,Retail Store,Consumer,Jordan Chen,10,$136.54,$76.99,0%,"$1,365.40",$0.00,"$1,365.40",$769.90,$595.50,PayPal,3.9,No
102431,2024-12-25,Asia Pacific,China,Health & Beauty,Electric Toothbrush,Online,Enterprise,Morgan Kim,5,$140.85,$88.64,15%,$704.25,$105.64,$598.61,$443.20,$155.41,Credit Card,3.0,No
102432,2024-12-26,North America,Canada,Office Supplies,Desk Organizer,Retail Store,Small Business,Amara Costa,7,$201.95,$90.66,15%,"$1,413.65",$212.05,"$1,201.60",$634.62,$566.98,Credit Card,4.3,Yes
102433,2024-12-26,Asia Pacific,Singapore,Health & Beauty,Hair Dryer,Marketplace,Consumer,Sofia Kowalski,7,$170.03,$104.66,20%,"$1,190.21",$238.04,$952.17,$732.62,$219.55,PayPal,5.0,No
102434,2024-12-26,North America,United States,Home & Kitchen,Cookware Set,Online,Consumer,Fatima Ahmed,1,$40.02,$22.96,0%,$40.02,$0.00,$40.02,$22.96,$17.06,Debit Card,4.7,No
102435,2024-12-26,North America,Mexico,Home & Kitchen,Toaster,Retail Store,Consumer,Sam Silva,5,$201.83,$82.22,0%,"$1,009.15",$0.00,"$1,009.15",$411.10,$598.05,Bank Transfer,4.0,Yes
102436,2024-12-26,Asia Pacific,Australia,Office Supplies,Notebook Set,Retail Store,Small Business,Kenji Haddad,8,$252.50,$127.39,0%,"$2,020.00",$0.00,"$2,020.00","$1,019.12","$1,000.88",Credit Card,3.9,No
102437,2024-12-26,Europe,Germany,Home & Kitchen,Blender,Online,Consumer,Sofia Kowalski,9,$92.66,$56.25,5%,$833.94,$41.70,$792.24,$506.25,$285.99,Debit Card,3.1,No
102438,2024-12-26,North America,United States,Office Supplies,Ergonomic Chair,Online,Enterprise,Jordan Chen,5,$304.15,$146.81,0%,"$1,520.75",$0.00,"$1,520.75",$734.05,$786.70,Credit Card,4.6,No
102439,2024-12-26,Europe,Germany,Apparel,Yoga Pants,Online,Small Business,Noah Santos,4,$45.74,$20.50,0%,$182.96,$0.00,$182.96,$82.00,$100.96,Debit Card,4.8,No
102440,2024-12-27,Europe,Spain,Apparel,Wool Sweater,Online,Consumer,Sofia Kowalski,5,$48.07,$29.02,0%,$240.35,$0.00,$240.35,$145.10,$95.25,PayPal,2.8,No
102441,2024-12-27,Latin America,Argentina,Home & Kitchen,Toaster,Retail Store,Small Business,Elena Lindqvist,4,$78.93,$38.72,0%,$315.72,$0.00,$315.72,$154.88,$160.84,Credit Card,4.4,No
102442,2024-12-27,North America,Canada,Electronics,USB-C Hub,Marketplace,Consumer,Sam Silva,1,$301.55,$128.75,0%,$301.55,$0.00,$301.55,$128.75,$172.80,Credit Card,2.9,No
102443,2024-12-27,Asia Pacific,Singapore,Electronics,Wireless Earbuds,Retail Store,Consumer,Diego Weber,7,$261.19,$143.40,0%,"$1,828.33",$0.00,"$1,828.33","$1,003.80",$824.53,Credit Card,3.3,No
102444,2024-12-27,Asia Pacific,Singapore,Office Supplies,Pen Set,Online,Consumer,Fatima Ahmed,8,$204.46,$113.60,0%,"$1,635.68",$0.00,"$1,635.68",$908.80,$726.88,Cash,4.3,No
102445,2024-12-27,North America,United States,Apparel,Sunglasses,Online,Enterprise,Riley Muller,2,$116.33,$73.49,15%,$232.66,$34.90,$197.76,$146.98,$50.78,Credit Card,3.2,No
102446,2024-12-28,Europe,United Kingdom,Apparel,Sunglasses,Marketplace,Consumer,Jamie Johansson,1,$103.32,$46.45,0%,$103.32,$0.00,$103.32,$46.45,$56.87,Credit Card,4.4,No
102447,2024-12-28,Asia Pacific,Singapore,Electronics,Smartwatch,Retail Store,Consumer,Elena Lindqvist,7,$293.39,$158.47,15%,"$2,053.73",$308.06,"$1,745.67","$1,109.29",$636.38,Debit Card,4.0,No
102448,2024-12-28,Asia Pacific,South Korea,Health & Beauty,Yoga Mat,Wholesale,Small Business,Riley Muller,13,$107.42,$44.93,10%,"$1,396.46",$139.65,"$1,256.81",$584.09,$672.72,Credit Card,3.4,No
102449,2024-12-28,North America,United States,Electronics,Wireless Earbuds,Wholesale,Consumer,Casey Garcia,10,$244.13,$155.50,0%,"$2,441.30",$0.00,"$2,441.30","$1,555.00",$886.30,Credit Card,5.0,No
102450,2024-12-28,Europe,Italy,Apparel,Denim Jacket,Retail Store,Small Business,Cameron Nakamura,5,$72.84,$29.50,5%,$364.20,$18.21,$345.99,$147.50,$198.49,Debit Card,4.4,No
102451,2024-12-28,Europe,United Kingdom,Apparel,Backpack,Marketplace,Small Business,Fatima Ahmed,11,$81.01,$51.08,0%,$891.11,$0.00,$891.11,$561.88,$329.23,Credit Card,3.6,No
102452,2024-12-28,Europe,Spain,Office Supplies,Ergonomic Chair,Marketplace,Enterprise,Drew Okafor,4,$25.76,$11.76,20%,$103.04,$20.61,$82.43,$47.04,$35.39,Debit Card,4.3,No
102453,2024-12-28,Latin America,Argentina,Health & Beauty,Yoga Mat,Retail Store,Small Business,Casey Garcia,16,$49.21,$28.33,15%,$787.36,$118.10,$669.26,$453.28,$215.98,Credit Card,4.3,No
102454,2024-12-28,Middle East & Africa,Nigeria,Health & Beauty,Fitness Tracker,Online,Small Business,Wei Dubois,3,$97.36,$47.50,0%,$292.08,$0.00,$292.08,$142.50,$149.58,Credit Card,5.0,No
102455,2024-12-29,Europe,United Kingdom,Electronics,USB-C Hub,Online,Consumer,Sam Silva,6,$261.19,$167.21,5%,"$1,567.14",$78.36,"$1,488.78","$1,003.26",$485.52,Credit Card,3.4,No
102456,2024-12-29,North America,Canada,Electronics,Power Bank,Marketplace,Small Business,Amara Costa,4,$108.43,$66.31,15%,$433.72,$65.06,$368.66,$265.24,$103.42,Credit Card,4.8,No
102457,2024-12-29,Europe,Netherlands,Home & Kitchen,Vacuum Cleaner,Retail Store,Consumer,Sofia Kowalski,14,$208.03,$131.28,5%,"$2,912.42",$145.62,"$2,766.80","$1,837.92",$928.88,Credit Card,4.0,No
102458,2024-12-29,Middle East & Africa,Nigeria,Apparel,Backpack,Marketplace,Small Business,Lucas Novak,8,$15.63,$9.66,0%,$125.04,$0.00,$125.04,$77.28,$47.76,Credit Card,3.5,No
102459,2024-12-29,Latin America,Colombia,Electronics,Bluetooth Speaker,Retail Store,Small Business,Casey Garcia,7,$317.16,$179.74,0%,"$2,220.12",$0.00,"$2,220.12","$1,258.18",$961.94,Credit Card,3.4,No
102460,2024-12-29,Europe,Spain,Home & Kitchen,Toaster,Online,Small Business,Fatima Ahmed,14,$43.70,$23.45,15%,$611.80,$91.77,$520.03,$328.30,$191.73,Credit Card,5.0,No
102461,2024-12-29,North America,United States,Apparel,Backpack,Retail Store,Consumer,Wei Dubois,3,$118.69,$51.41,5%,$356.07,$17.80,$338.27,$154.23,$184.04,Bank Transfer,3.2,No
102462,2024-12-29,Latin America,Chile,Office Supplies,Pen Set,Marketplace,Consumer,Jamie Johansson,3,$370.53,$184.54,0%,"$1,111.59",$0.00,"$1,111.59",$553.62,$557.97,Credit Card,5.0,No
102463,2024-12-29,Europe,Netherlands,Home & Kitchen,Cookware Set,Online,Consumer,Jamie Johansson,6,$62.75,$38.26,0%,$376.50,$0.00,$376.50,$229.56,$146.94,Bank Transfer,4.6,No
102464,2024-12-29,Europe,Netherlands,Office Supplies,Notebook Set,Wholesale,Consumer,Noah Santos,12,$26.15,$13.16,0%,$313.80,$0.00,$313.80,$157.92,$155.88,Debit Card,2.8,No
102465,2024-12-30,Europe,Spain,Electronics,Wireless Earbuds,Retail Store,Enterprise,Kenji Haddad,21,$70.15,$40.79,5%,"$1,473.15",$73.66,"$1,399.49",$856.59,$542.90,PayPal,4.7,No
102466,2024-12-30,Asia Pacific,Australia,Home & Kitchen,Coffee Maker,Retail Store,Consumer,Morgan Kim,4,$67.24,$34.59,0%,$268.96,$0.00,$268.96,$138.36,$130.60,Debit Card,3.7,No
102467,2024-12-30,Asia Pacific,Singapore,Home & Kitchen,Cookware Set,Online,Consumer,Jamie Johansson,5,$105.09,$63.70,0%,$525.45,$0.00,$525.45,$318.50,$206.95,Debit Card,4.6,No
102468,2024-12-30,Asia Pacific,Australia,Electronics,Bluetooth Speaker,Online,Consumer,Sofia Kowalski,12,$67.69,$36.02,0%,$812.28,$0.00,$812.28,$432.24,$380.04,Debit Card,4.5,No
102469,2024-12-30,North America,United States,Apparel,Backpack,Online,Enterprise,Casey Garcia,6,$85.55,$41.32,10%,$513.30,$51.33,$461.97,$247.92,$214.05,Credit Card,4.5,No
102470,2024-12-30,Europe,Spain,Electronics,Smartwatch,Retail Store,Small Business,Kenji Haddad,5,$251.55,$119.71,0%,"$1,257.75",$0.00,"$1,257.75",$598.55,$659.20,Cash,4.4,No
102471,2024-12-30,North America,United States,Office Supplies,Pen Set,Online,Consumer,Jamie Johansson,16,$100.40,$53.18,0%,"$1,606.40",$0.00,"$1,606.40",$850.88,$755.52,Credit Card,4.9,No
102472,2024-12-30,North America,Canada,Electronics,Wireless Earbuds,Online,Enterprise,Amara Costa,9,$339.52,$215.43,0%,"$3,055.68",$0.00,"$3,055.68","$1,938.87","$1,116.81",Credit Card,3.5,No
102473,2024-12-30,Latin America,Argentina,Home & Kitchen,Cookware Set,Online,Consumer,Riley Muller,5,$86.38,$38.90,0%,$431.90,$0.00,$431.90,$194.50,$237.40,PayPal,4.9,No
102474,2024-12-31,Europe,Italy,Office Supplies,Monitor Arm,Online,Small Business,Diego Weber,7,$249.82,$113.80,0%,"$1,748.74",$0.00,"$1,748.74",$796.60,$952.14,Debit Card,5.0,No
102475,2024-12-31,North America,Mexico,Office Supplies,Notebook Set,Online,Consumer,Lucas Novak,6,$113.09,$64.41,0%,$678.54,$0.00,$678.54,$386.46,$292.08,Credit Card,3.7,No
102476,2024-12-31,Asia Pacific,Australia,Health & Beauty,Skincare Set,Retail Store,Consumer,Sam Silva,7,$159.17,$73.43,0%,"$1,114.19",$0.00,"$1,114.19",$514.01,$600.18,Credit Card,3.8,No
102477,2024-12-31,Asia Pacific,India,Home & Kitchen,Cookware Set,Online,Consumer,Sam Silva,4,$124.39,$74.96,20%,$497.56,$99.51,$398.05,$299.84,$98.21,PayPal,3.3,No
102478,2024-12-31,North America,Mexico,Electronics,Laptop Stand,Retail Store,Small Business,Morgan Kim,7,$129.40,$70.96,15%,$905.80,$135.87,$769.93,$496.72,$273.21,Credit Card,3.8,No
102479,2024-12-31,North America,Mexico,Health & Beauty,Yoga Mat,Wholesale,Consumer,Elena Lindqvist,7,$115.93,$47.29,0%,$811.51,$0.00,$811.51,$331.03,$480.48,Credit Card,4.6,No
102480,2024-12-31,North America,Mexico,Home & Kitchen,Toaster,Online,Consumer,Jamie Johansson,10,$191.03,$99.44,0%,"$1,910.30",$0.00,"$1,910.30",$994.40,$915.90,Credit Card,3.8,No
102481,2025-01-01,Europe,Netherlands,Electronics,Laptop Stand,Wholesale,Enterprise,Elena Lindqvist,5,$305.45,$154.87,0%,"$1,527.25",$0.00,"$1,527.25",$774.35,$752.90,Credit Card,3.0,No
102482,2025-01-01,Middle East & Africa,Nigeria,Health & Beauty,Electric Toothbrush,Online,Consumer,Casey Garcia,5,$110.59,$45.28,0%,$552.95,$0.00,$552.95,$226.40,$326.55,PayPal,4.4,No
102483,2025-01-01,North America,Mexico,Home & Kitchen,Toaster,Online,Consumer,Drew Okafor,2,$161.29,$68.34,10%,$322.58,$32.26,$290.32,$136.68,$153.64,Cash,4.3,No
102484,2025-01-01,Europe,Italy,Health & Beauty,Yoga Mat,Online,Consumer,Sofia Kowalski,1,$149.87,$81.55,0%,$149.87,$0.00,$149.87,$81.55,$68.32,Credit Card,3.5,No
102485,2025-01-01,Europe,Spain,Office Supplies,Desk Organizer,Retail Store,Consumer,Morgan Kim,2,$113.72,$59.28,5%,$227.44,$11.37,$216.07,$118.56,$97.51,PayPal,3.7,No
102486,2025-01-01,Middle East & Africa,Nigeria,Office Supplies,Ergonomic Chair,Retail Store,Consumer,Alex Reyes,2,$393.60,$173.41,5%,$787.20,$39.36,$747.84,$346.82,$401.02,Credit Card,4.7,No
102487,2025-01-01,Latin America,Argentina,Office Supplies,Notebook Set,Online,Small Business,Fatima Ahmed,2,$59.76,$28.86,0%,$119.52,$0.00,$119.52,$57.72,$61.80,PayPal,4.4,No
102488,2025-01-02,North America,United States,Electronics,Wireless Earbuds,Retail Store,Consumer,Kenji Haddad,7,$123.55,$65.36,0%,$864.85,$0.00,$864.85,$457.52,$407.33,Bank Transfer,3.5,Yes
102489,2025-01-02,Asia Pacific,Japan,Office Supplies,Notebook Set,Retail Store,Enterprise,Jordan Chen,12,$318.77,$205.33,0%,"$3,825.24",$0.00,"$3,825.24","$2,463.96","$1,361.28",Debit Card,4.1,No
102490,2025-01-02,North America,Canada,Health & Beauty,Yoga Mat,Online,Consumer,Wei Dubois,4,$90.40,$37.55,0%,$361.60,$0.00,$361.60,$150.20,$211.40,Bank Transfer,3.5,No
102491,2025-01-03,Europe,Germany,Health & Beauty,Hair Dryer,Online,Enterprise,Fatima Ahmed,11,$17.64,$7.44,0%,$194.04,$0.00,$194.04,$81.84,$112.20,Credit Card,3.7,No
102492,2025-01-03,Europe,Spain,Electronics,Bluetooth Speaker,Online,Consumer,Noah Santos,3,$322.20,$198.90,10%,$966.60,$96.66,$869.94,$596.70,$273.24,Credit Card,4.8,No
102493,2025-01-03,North America,United States,Health & Beauty,Yoga Mat,Online,Consumer,Jordan Chen,11,$47.31,$23.14,0%,$520.41,$0.00,$520.41,$254.54,$265.87,PayPal,3.9,No
102494,2025-01-03,Europe,Spain,Home & Kitchen,Air Fryer,Online,Small Business,Riley Muller,14,$173.44,$108.91,10%,"$2,428.16",$242.82,"$2,185.34","$1,524.74",$660.60,Debit Card,4.5,No
102495,2025-01-03,Europe,Italy,Office Supplies,Notebook Set,Online,Enterprise,Alex Reyes,11,$190.24,$77.26,0%,"$2,092.64",$0.00,"$2,092.64",$849.86,"$1,242.78",Debit Card,4.9,No
102496,2025-01-03,North America,United States,Health & Beauty,Skincare Set,Marketplace,Consumer,Morgan Kim,4,$19.46,$8.47,0%,$77.84,$0.00,$77.84,$33.88,$43.96,Credit Card,4.8,No
102497,2025-01-03,North America,Canada,Electronics,Smartwatch,Wholesale,Small Business,Kenji Haddad,3,$251.70,$160.27,0%,$755.10,$0.00,$755.10,$480.81,$274.29,Debit Card,4.6,No
102498,2025-01-03,Middle East & Africa,UAE,Home & Kitchen,Air Fryer,Online,Small Business,Riley Muller,7,$37.47,$22.29,0%,$262.29,$0.00,$262.29,$156.03,$106.26,Cash,3.2,Yes
102499,2025-01-04,North America,Canada,Electronics,Laptop Stand,Online,Consumer,Cameron Nakamura,8,$60.46,$33.33,10%,$483.68,$48.37,$435.31,$266.64,$168.67,PayPal,5.0,Yes
102500,2025-01-04,Asia Pacific,South Korea,Apparel,Running Shoes,Retail Store,Small Business,Diego Weber,1,$139.14,$76.60,0%,$139.14,$0.00,$139.14,$76.60,$62.54,Credit Card,3.7,No
102501,2025-01-04,Europe,Germany,Health & Beauty,Hair Dryer,Retail Store,Small Business,Sam Silva,1,$155.35,$62.42,15%,$155.35,$23.30,$132.05,$62.42,$69.63,Credit Card,3.6,No
102502,2025-01-04,Europe,Germany,Office Supplies,Pen Set,Marketplace,Small Business,Jordan Chen,8,$237.78,$104.02,0%,"$1,902.24",$0.00,"$1,902.24",$832.16,"$1,070.08",Bank Transfer,2.8,No
102503,2025-01-04,Middle East & Africa,Saudi Arabia,Office Supplies,Ergonomic Chair,Wholesale,Enterprise,Jordan Chen,4,$174.92,$98.02,0%,$699.68,$0.00,$699.68,$392.08,$307.60,Cash,4.3,No
102504,2025-01-05,Asia Pacific,Australia,Electronics,USB-C Hub,Online,Consumer,Riley Muller,7,$190.99,$98.50,15%,"$1,336.93",$200.54,"$1,136.39",$689.50,$446.89,Credit Card,3.4,No
102505,2025-01-05,Europe,Netherlands,Home & Kitchen,Coffee Maker,Retail Store,Small Business,Fatima Ahmed,6,$181.21,$95.03,0%,"$1,087.26",$0.00,"$1,087.26",$570.18,$517.08,Credit Card,4.9,No
102506,2025-01-05,North America,Mexico,Home & Kitchen,Cookware Set,Online,Consumer,Noah Santos,8,$159.38,$73.47,5%,"$1,275.04",$63.75,"$1,211.29",$587.76,$623.53,Credit Card,3.2,No
102507,2025-01-05,Asia Pacific,Singapore,Apparel,Backpack,Online,Consumer,Cameron Nakamura,5,$62.53,$30.58,0%,$312.65,$0.00,$312.65,$152.90,$159.75,Credit Card,2.8,No
102508,2025-01-05,Europe,United Kingdom,Office Supplies,Ergonomic Chair,Retail Store,Consumer,Alex Reyes,4,$52.15,$24.47,0%,$208.60,$0.00,$208.60,$97.88,$110.72,PayPal,4.8,No
102509,2025-01-05,North America,Canada,Electronics,Smartwatch,Marketplace,Small Business,Sam Silva,6,$241.12,$144.93,0%,"$1,446.72",$0.00,"$1,446.72",$869.58,$577.14,PayPal,3.4,No
102510,2025-01-06,Europe,France,Office Supplies,Monitor Arm,Online,Small Business,Amara Costa,4,$288.16,$127.33,0%,"$1,152.64",$0.00,"$1,152.64",$509.32,$643.32,PayPal,4.4,No
102511,2025-01-06,Asia Pacific,Singapore,Home & Kitchen,Cookware Set,Retail Store,Small Business,Priya Rossi,8,$79.41,$40.87,5%,$635.28,$31.76,$603.52,$326.96,$276.56,Credit Card,3.6,No
102512,2025-01-06,Latin America,Argentina,Home & Kitchen,Blender,Marketplace,Enterprise,Alex Reyes,9,$164.29,$86.22,15%,"$1,478.61",$221.79,"$1,256.82",$775.98,$480.84,Cash,4.5,No
102513,2025-01-07,Europe,Netherlands,Health & Beauty,Hair Dryer,Online,Small Business,Drew Okafor,3,$38.50,$23.01,5%,$115.50,$5.78,$109.72,$69.03,$40.69,Debit Card,4.2,No
102514,2025-01-07,Asia Pacific,Singapore,Electronics,USB-C Hub,Online,Consumer,Elena Lindqvist,8,$91.38,$38.31,5%,$731.04,$36.55,$694.49,$306.48,$388.01,PayPal,3.7,No
102515,2025-01-07,Europe,Germany,Apparel,Backpack,Online,Consumer,Cameron Nakamura,8,$24.93,$11.37,0%,$199.44,$0.00,$199.44,$90.96,$108.48,PayPal,3.6,No
102516,2025-01-07,Europe,France,Home & Kitchen,Vacuum Cleaner,Marketplace,Consumer,Alex Reyes,19,$42.85,$23.48,5%,$814.15,$40.71,$773.44,$446.12,$327.32,Credit Card,3.9,No
102517,2025-01-07,Europe,France,Health & Beauty,Yoga Mat,Online,Small Business,Elena Lindqvist,4,$64.01,$27.98,5%,$256.04,$12.80,$243.24,$111.92,$131.32,Debit Card,3.7,No
102518,2025-01-07,North America,Canada,Office Supplies,Desk Organizer,Wholesale,Consumer,Kenji Haddad,12,$26.80,$14.68,0%,$321.60,$0.00,$321.60,$176.16,$145.44,Credit Card,4.0,No
102519,2025-01-08,North America,United States,Home & Kitchen,Air Fryer,Marketplace,Small Business,Priya Rossi,6,$181.28,$113.82,0%,"$1,087.68",$0.00,"$1,087.68",$682.92,$404.76,PayPal,4.8,No
102520,2025-01-08,North America,Canada,Apparel,Backpack,Retail Store,Consumer,Riley Muller,3,$49.57,$24.64,0%,$148.71,$0.00,$148.71,$73.92,$74.79,Debit Card,3.8,No
102521,2025-01-08,Europe,France,Electronics,USB-C Hub,Online,Consumer,Riley Muller,13,$85.82,$34.71,0%,"$1,115.66",$0.00,"$1,115.66",$451.23,$664.43,Credit Card,4.0,No
102522,2025-01-08,North America,United States,Apparel,Yoga Pants,Marketplace,Consumer,Riley Muller,2,$61.03,$26.96,5%,$122.06,$6.10,$115.96,$53.92,$62.04,Debit Card,4.3,No
102523,2025-01-08,North America,United States,Health & Beauty,Skincare Set,Marketplace,Consumer,Taylor Patel,17,$141.36,$74.12,5%,"$2,403.12",$120.16,"$2,282.96","$1,260.04","$1,022.92",Bank Transfer,4.0,No
102524,2025-01-08,Europe,France,Home & Kitchen,Toaster,Retail Store,Consumer,Amara Costa,8,$170.12,$71.29,0%,"$1,360.96",$0.00,"$1,360.96",$570.32,$790.64,PayPal,4.3,No
102525,2025-01-09,Asia Pacific,Australia,Home & Kitchen,Air Fryer,Online,Enterprise,Sam Silva,11,$192.97,$107.75,20%,"$2,122.67",$424.53,"$1,698.14","$1,185.25",$512.89,Bank Transfer,5.0,Yes
102526,2025-01-09,North America,Canada,Electronics,Laptop Stand,Retail Store,Consumer,Noah Santos,10,$257.50,$155.18,0%,"$2,575.00",$0.00,"$2,575.00","$1,551.80","$1,023.20",Credit Card,4.4,No
102527,2025-01-09,North America,Canada,Health & Beauty,Hair Dryer,Retail Store,Enterprise,Wei Dubois,4,$109.51,$64.08,0%,$438.04,$0.00,$438.04,$256.32,$181.72,Debit Card,3.7,No
102528,2025-01-09,Europe,Italy,Health & Beauty,Fitness Tracker,Retail Store,Consumer,Alex Reyes,6,$159.34,$94.88,0%,$956.04,$0.00,$956.04,$569.28,$386.76,Debit Card,2.6,No
102529,2025-01-09,Middle East & Africa,UAE,Office Supplies,Pen Set,Online,Consumer,Wei Dubois,8,$180.52,$102.70,5%,"$1,444.16",$72.21,"$1,371.95",$821.60,$550.35,Debit Card,4.4,No
102530,2025-01-09,Latin America,Chile,Health & Beauty,Massage Gun,Marketplace,Small Business,Amara Costa,8,$96.07,$43.04,20%,$768.56,$153.71,$614.85,$344.32,$270.53,Bank Transfer,3.6,No
102531,2025-01-09,Latin America,Argentina,Electronics,USB-C Hub,Online,Consumer,Kenji Haddad,3,$69.65,$28.57,0%,$208.95,$0.00,$208.95,$85.71,$123.24,Debit Card,4.0,No
102532,2025-01-09,Asia Pacific,India,Apparel,Backpack,Online,Enterprise,Jamie Johansson,3,$41.86,$22.90,5%,$125.58,$6.28,$119.30,$68.70,$50.60,Cash,4.9,No
102533,2025-01-10,North America,United States,Health & Beauty,Electric Toothbrush,Marketplace,Consumer,Noah Santos,5,$35.61,$18.66,0%,$178.05,$0.00,$178.05,$93.30,$84.75,PayPal,4.1,No
102534,2025-01-10,Asia Pacific,Japan,Office Supplies,Pen Set,Online,Small Business,Amara Costa,10,$59.45,$33.49,0%,$594.50,$0.00,$594.50,$334.90,$259.60,Bank Transfer,4.7,No
102535,2025-01-10,Middle East & Africa,Saudi Arabia,Office Supplies,Standing Desk,Online,Consumer,Cameron Nakamura,4,$375.29,$227.40,5%,"$1,501.16",$75.06,"$1,426.10",$909.60,$516.50,Credit Card,5.0,No
102536,2025-01-10,Middle East & Africa,UAE,Health & Beauty,Massage Gun,Retail Store,Consumer,Taylor Patel,11,$163.82,$102.87,20%,"$1,802.02",$360.40,"$1,441.62","$1,131.57",$310.05,Credit Card,3.8,No
102537,2025-01-10,North America,Mexico,Health & Beauty,Skincare Set,Wholesale,Small Business,Taylor Patel,14,$35.51,$20.67,0%,$497.14,$0.00,$497.14,$289.38,$207.76,Cash,4.9,No
102538,2025-01-10,North America,Mexico,Health & Beauty,Massage Gun,Wholesale,Consumer,Jordan Chen,9,$162.30,$68.99,0%,"$1,460.70",$0.00,"$1,460.70",$620.91,$839.79,Credit Card,3.6,No
102539,2025-01-10,Europe,France,Office Supplies,Ergonomic Chair,Online,Consumer,Riley Muller,1,$331.01,$134.76,0%,$331.01,$0.00,$331.01,$134.76,$196.25,Credit Card,4.0,No
102540,2025-01-10,Latin America,Argentina,Home & Kitchen,Blender,Wholesale,Consumer,Cameron Nakamura,9,$33.60,$18.40,0%,$302.40,$0.00,$302.40,$165.60,$136.80,Credit Card,5.0,No
102541,2025-01-10,Europe,United Kingdom,Health & Beauty,Skincare Set,Retail Store,Consumer,Riley Muller,2,$85.96,$45.97,0%,$171.92,$0.00,$171.92,$91.94,$79.98,Bank Transfer,3.4,No
102542,2025-01-11,Asia Pacific,India,Home & Kitchen,Vacuum Cleaner,Retail Store,Small Business,Fatima Ahmed,11,$164.77,$69.15,0%,"$1,812.47",$0.00,"$1,812.47",$760.65,"$1,051.82",Debit Card,2.5,No
102543,2025-01-11,North America,Canada,Health & Beauty,Hair Dryer,Marketplace,Enterprise,Drew Okafor,3,$91.43,$39.39,5%,$274.29,$13.71,$260.58,$118.17,$142.41,PayPal,4.4,Yes
102544,2025-01-11,Europe,France,Electronics,USB-C Hub,Retail Store,Consumer,Morgan Kim,6,$36.69,$18.25,0%,$220.14,$0.00,$220.14,$109.50,$110.64,Debit Card,4.7,No
102545,2025-01-11,Europe,Italy,Health & Beauty,Fitness Tracker,Marketplace,Consumer,Sam Silva,12,$63.35,$32.05,0%,$760.20,$0.00,$760.20,$384.60,$375.60,PayPal,3.5,No
102546,2025-01-11,North America,Mexico,Home & Kitchen,Toaster,Retail Store,Small Business,Alex Reyes,11,$72.33,$33.96,0%,$795.63,$0.00,$795.63,$373.56,$422.07,Credit Card,4.0,No
102547,2025-01-11,North America,Mexico,Electronics,Power Bank,Retail Store,Small Business,Priya Rossi,5,$296.62,$129.38,0%,"$1,483.10",$0.00,"$1,483.10",$646.90,$836.20,Credit Card,5.0,No
102548,2025-01-11,Asia Pacific,Japan,Apparel,Backpack,Retail Store,Small Business,Diego Weber,12,$105.66,$60.46,0%,"$1,267.92",$0.00,"$1,267.92",$725.52,$542.40,Credit Card,4.8,Yes
102549,2025-01-12,Latin America,Colombia,Electronics,Smartwatch,Retail Store,Consumer,Casey Garcia,13,$147.34,$88.15,5%,"$1,915.42",$95.77,"$1,819.65","$1,145.95",$673.70,PayPal,4.3,No
102550,2025-01-12,Asia Pacific,India,Office Supplies,Standing Desk,Wholesale,Consumer,Noah Santos,4,$24.77,$12.59,0%,$99.08,$0.00,$99.08,$50.36,$48.72,Credit Card,4.4,No
102551,2025-01-12,Asia Pacific,Singapore,Office Supplies,Pen Set,Retail Store,Consumer,Diego Weber,1,$383.03,$232.62,0%,$383.03,$0.00,$383.03,$232.62,$150.41,Bank Transfer,4.2,No
102552,2025-01-12,Asia Pacific,Japan,Home & Kitchen,Air Fryer,Retail Store,Enterprise,Alex Reyes,12,$78.43,$37.96,10%,$941.16,$94.12,$847.04,$455.52,$391.52,Debit Card,4.9,Yes
102553,2025-01-12,Europe,United Kingdom,Health & Beauty,Hair Dryer,Retail Store,Consumer,Drew Okafor,6,$164.51,$103.30,0%,$987.06,$0.00,$987.06,$619.80,$367.26,PayPal,4.2,No
102554,2025-01-12,Latin America,Argentina,Electronics,Bluetooth Speaker,Online,Consumer,Diego Weber,10,$78.31,$43.89,0%,$783.10,$0.00,$783.10,$438.90,$344.20,Credit Card,2.9,No
102555,2025-01-12,North America,United States,Apparel,Denim Jacket,Online,Small Business,Sam Silva,6,$35.45,$21.83,0%,$212.70,$0.00,$212.70,$130.98,$81.72,PayPal,4.1,No
102556,2025-01-12,North America,Mexico,Health & Beauty,Hair Dryer,Wholesale,Consumer,Morgan Kim,7,$124.82,$77.43,0%,$873.74,$0.00,$873.74,$542.01,$331.73,Credit Card,5.0,No
102557,2025-01-12,North America,Canada,Apparel,Sunglasses,Online,Consumer,Jamie Johansson,12,$78.24,$35.10,0%,$938.88,$0.00,$938.88,$421.20,$517.68,PayPal,3.3,No
102558,2025-01-13,Europe,Italy,Apparel,Yoga Pants,Retail Store,Consumer,Alex Reyes,10,$31.67,$18.53,0%,$316.70,$0.00,$316.70,$185.30,$131.40,PayPal,3.3,No
102559,2025-01-13,Asia Pacific,China,Home & Kitchen,Toaster,Retail Store,Small Business,Drew Okafor,5,$192.06,$123.22,20%,$960.30,$192.06,$768.24,$616.10,$152.14,Bank Transfer,4.2,No
102560,2025-01-13,Europe,United Kingdom,Office Supplies,Standing Desk,Marketplace,Consumer,Sofia Kowalski,6,$295.43,$136.55,5%,"$1,772.58",$88.63,"$1,683.95",$819.30,$864.65,Bank Transfer,3.4,No
102561,2025-01-13,Asia Pacific,India,Office Supplies,Standing Desk,Wholesale,Enterprise,Sofia Kowalski,11,$59.00,$33.92,5%,$649.00,$32.45,$616.55,$373.12,$243.43,PayPal,4.9,No
102562,2025-01-13,North America,Canada,Health & Beauty,Electric Toothbrush,Retail Store,Consumer,Elena Lindqvist,1,$34.35,$15.88,5%,$34.35,$1.72,$32.63,$15.88,$16.75,PayPal,4.4,No
102563,2025-01-13,Europe,Spain,Home & Kitchen,Cookware Set,Online,Consumer,Cameron Nakamura,4,$48.87,$29.47,0%,$195.48,$0.00,$195.48,$117.88,$77.60,Credit Card,3.4,No
102564,2025-01-14,Asia Pacific,Singapore,Home & Kitchen,Air Fryer,Online,Small Business,Cameron Nakamura,10,$78.31,$35.98,20%,$783.10,$156.62,$626.48,$359.80,$266.68,Credit Card,4.5,No
102565,2025-01-14,North America,United States,Electronics,Wireless Earbuds,Wholesale,Consumer,Jordan Chen,12,$121.98,$72.74,10%,"$1,463.76",$146.38,"$1,317.38",$872.88,$444.50,PayPal,4.5,No
102566,2025-01-14,Europe,United Kingdom,Electronics,Bluetooth Speaker,Marketplace,Consumer,Morgan Kim,5,$190.47,$79.09,0%,$952.35,$0.00,$952.35,$395.45,$556.90,Debit Card,4.9,No
102567,2025-01-14,Middle East & Africa,Saudi Arabia,Home & Kitchen,Toaster,Retail Store,Consumer,Sam Silva,4,$172.84,$82.46,0%,$691.36,$0.00,$691.36,$329.84,$361.52,Credit Card,2.9,No
102568,2025-01-14,Europe,Spain,Home & Kitchen,Air Fryer,Retail Store,Small Business,Jamie Johansson,3,$129.25,$60.58,0%,$387.75,$0.00,$387.75,$181.74,$206.01,Credit Card,4.0,No
102569,2025-01-14,North America,Canada,Health & Beauty,Skincare Set,Online,Consumer,Elena Lindqvist,16,$159.22,$77.59,20%,"$2,547.52",$509.50,"$2,038.02","$1,241.44",$796.58,Debit Card,3.9,No
102570,2025-01-14,Latin America,Argentina,Health & Beauty,Electric Toothbrush,Marketplace,Enterprise,Noah Santos,11,$26.46,$11.90,0%,$291.06,$0.00,$291.06,$130.90,$160.16,Cash,4.8,No
102571,2025-01-14,North America,Canada,Office Supplies,Pen Set,Online,Enterprise,Morgan Kim,3,$281.46,$134.87,0%,$844.38,$0.00,$844.38,$404.61,$439.77,Debit Card,5.0,Yes
102572,2025-01-14,Europe,Italy,Home & Kitchen,Toaster,Marketplace,Consumer,Fatima Ahmed,8,$30.88,$17.16,5%,$247.04,$12.35,$234.69,$137.28,$97.41,Debit Card,3.3,No
102573,2025-01-14,North America,Mexico,Apparel,Yoga Pants,Online,Small Business,Cameron Nakamura,13,$104.47,$64.97,0%,"$1,358.11",$0.00,"$1,358.11",$844.61,$513.50,PayPal,3.5,No
102574,2025-01-15,North America,United States,Home & Kitchen,Coffee Maker,Retail Store,Consumer,Priya Rossi,6,$46.18,$20.61,10%,$277.08,$27.71,$249.37,$123.66,$125.71,Credit Card,4.0,No
102575,2025-01-15,North America,Canada,Office Supplies,Monitor Arm,Wholesale,Consumer,Elena Lindqvist,8,$312.41,$125.40,0%,"$2,499.28",$0.00,"$2,499.28","$1,003.20","$1,496.08",Credit Card,3.6,No
102576,2025-01-15,Middle East & Africa,Saudi Arabia,Health & Beauty,Massage Gun,Marketplace,Consumer,Lucas Novak,6,$58.14,$24.17,0%,$348.84,$0.00,$348.84,$145.02,$203.82,PayPal,3.7,No
102577,2025-01-15,North America,Canada,Health & Beauty,Fitness Tracker,Online,Consumer,Drew Okafor,4,$160.42,$64.99,0%,$641.68,$0.00,$641.68,$259.96,$381.72,Cash,5.0,No
102578,2025-01-15,Europe,Germany,Electronics,USB-C Hub,Marketplace,Consumer,Noah Santos,5,$83.29,$50.66,0%,$416.45,$0.00,$416.45,$253.30,$163.15,Debit Card,4.7,No
102579,2025-01-15,Asia Pacific,India,Office Supplies,Ergonomic Chair,Wholesale,Enterprise,Alex Reyes,11,$77.05,$35.87,5%,$847.55,$42.38,$805.17,$394.57,$410.60,Credit Card,4.3,No
102580,2025-01-15,Asia Pacific,India,Electronics,Wireless Earbuds,Online,Small Business,Wei Dubois,3,$211.19,$104.74,0%,$633.57,$0.00,$633.57,$314.22,$319.35,Credit Card,4.7,No
102581,2025-01-15,Asia Pacific,Singapore,Office Supplies,Standing Desk,Marketplace,Consumer,Taylor Patel,8,$80.88,$36.30,0%,$647.04,$0.00,$647.04,$290.40,$356.64,Debit Card,4.9,No
102582,2025-01-16,North America,United States,Electronics,Smartwatch,Marketplace,Consumer,Taylor Patel,10,$323.02,$153.83,5%,"$3,230.20",$161.51,"$3,068.69","$1,538.30","$1,530.39",Credit Card,4.2,No
102583,2025-01-16,Asia Pacific,China,Home & Kitchen,Coffee Maker,Retail Store,Consumer,Riley Muller,7,$219.60,$130.39,0%,"$1,537.20",$0.00,"$1,537.20",$912.73,$624.47,Credit Card,5.0,No
102584,2025-01-16,North America,United States,Electronics,Laptop Stand,Retail Store,Consumer,Kenji Haddad,5,$313.17,$170.43,0%,"$1,565.85",$0.00,"$1,565.85",$852.15,$713.70,Credit Card,4.7,No
102585,2025-01-16,North America,Canada,Home & Kitchen,Toaster,Marketplace,Consumer,Casey Garcia,4,$122.66,$51.30,0%,$490.64,$0.00,$490.64,$205.20,$285.44,Credit Card,5.0,No
102586,2025-01-16,Asia Pacific,South Korea,Apparel,Wool Sweater,Marketplace,Consumer,Sofia Kowalski,15,$149.60,$74.75,5%,"$2,244.00",$112.20,"$2,131.80","$1,121.25","$1,010.55",Credit Card,3.0,No
102587,2025-01-16,Europe,Italy,Home & Kitchen,Toaster,Retail Store,Consumer,Drew Okafor,8,$202.92,$93.10,5%,"$1,623.36",$81.17,"$1,542.19",$744.80,$797.39,Cash,4.1,No
102588,2025-01-16,Latin America,Brazil,Health & Beauty,Hair Dryer,Retail Store,Consumer,Diego Weber,2,$168.40,$109.07,0%,$336.80,$0.00,$336.80,$218.14,$118.66,PayPal,4.3,No
102589,2025-01-16,North America,Canada,Apparel,Yoga Pants,Online,Consumer,Jamie Johansson,14,$42.69,$25.26,0%,$597.66,$0.00,$597.66,$353.64,$244.02,Credit Card,4.2,No
102590,2025-01-17,Middle East & Africa,Saudi Arabia,Apparel,Backpack,Wholesale,Consumer,Drew Okafor,12,$79.69,$37.89,0%,$956.28,$0.00,$956.28,$454.68,$501.60,Cash,4.6,No
102591,2025-01-17,Asia Pacific,Japan,Office Supplies,Desk Organizer,Online,Consumer,Morgan Kim,6,$96.68,$52.17,0%,$580.08,$0.00,$580.08,$313.02,$267.06,Credit Card,3.2,No
102592,2025-01-17,North America,Mexico,Health & Beauty,Hair Dryer,Marketplace,Small Business,Alex Reyes,7,$172.96,$85.05,10%,"$1,210.72",$121.07,"$1,089.65",$595.35,$494.30,Debit Card,4.7,No
102593,2025-01-17,North America,Canada,Office Supplies,Notebook Set,Online,Enterprise,Sofia Kowalski,20,$58.35,$24.75,0%,"$1,167.00",$0.00,"$1,167.00",$495.00,$672.00,Credit Card,4.7,No
102594,2025-01-17,Asia Pacific,Singapore,Home & Kitchen,Cookware Set,Marketplace,Consumer,Taylor Patel,1,$155.69,$94.51,0%,$155.69,$0.00,$155.69,$94.51,$61.18,Credit Card,2.1,No
102595,2025-01-18,North America,Canada,Home & Kitchen,Coffee Maker,Marketplace,Enterprise,Lucas Novak,14,$59.50,$36.71,0%,$833.00,$0.00,$833.00,$513.94,$319.06,Credit Card,4.0,No
102596,2025-01-18,North America,United States,Office Supplies,Pen Set,Marketplace,Enterprise,Taylor Patel,3,$252.10,$106.15,5%,$756.30,$37.82,$718.48,$318.45,$400.03,Credit Card,3.8,Yes
102597,2025-01-18,Europe,United Kingdom,Apparel,Yoga Pants,Retail Store,Consumer,Elena Lindqvist,7,$61.36,$29.75,0%,$429.52,$0.00,$429.52,$208.25,$221.27,Credit Card,5.0,No
102598,2025-01-18,Latin America,Brazil,Office Supplies,Standing Desk,Online,Consumer,Cameron Nakamura,12,$181.53,$72.80,0%,"$2,178.36",$0.00,"$2,178.36",$873.60,"$1,304.76",Credit Card,5.0,No
102599,2025-01-18,Europe,Italy,Electronics,USB-C Hub,Marketplace,Small Business,Diego Weber,13,$233.39,$120.55,0%,"$3,034.07",$0.00,"$3,034.07","$1,567.15","$1,466.92",PayPal,3.2,No
102600,2025-01-18,Europe,France,Apparel,Running Shoes,Retail Store,Consumer,Fatima Ahmed,9,$106.11,$65.06,0%,$954.99,$0.00,$954.99,$585.54,$369.45,PayPal,4.6,No
102601,2025-01-18,Europe,France,Apparel,Sunglasses,Online,Consumer,Noah Santos,8,$131.89,$58.68,15%,"$1,055.12",$158.27,$896.85,$469.44,$427.41,PayPal,3.9,Yes
102602,2025-01-19,North America,Canada,Office Supplies,Ergonomic Chair,Online,Consumer,Wei Dubois,9,$22.14,$12.52,5%,$199.26,$9.96,$189.30,$112.68,$76.62,Debit Card,4.3,No
102603,2025-01-19,Asia Pacific,South Korea,Apparel,Denim Jacket,Online,Small Business,Sofia Kowalski,3,$19.74,$8.14,0%,$59.22,$0.00,$59.22,$24.42,$34.80,PayPal,4.0,No
102604,2025-01-19,Europe,Italy,Office Supplies,Pen Set,Online,Consumer,Sam Silva,2,$305.37,$137.55,0%,$610.74,$0.00,$610.74,$275.10,$335.64,Cash,4.2,No
102605,2025-01-19,Europe,Spain,Health & Beauty,Fitness Tracker,Online,Consumer,Elena Lindqvist,6,$59.20,$36.85,0%,$355.20,$0.00,$355.20,$221.10,$134.10,PayPal,3.9,Yes
102606,2025-01-19,Europe,Germany,Office Supplies,Notebook Set,Online,Small Business,Lucas Novak,4,$336.58,$177.69,5%,"$1,346.32",$67.32,"$1,279.00",$710.76,$568.24,PayPal,4.5,Yes
102607,2025-01-19,North America,Mexico,Home & Kitchen,Blender,Retail Store,Consumer,Jamie Johansson,5,$202.97,$114.41,10%,"$1,014.85",$101.49,$913.36,$572.05,$341.31,PayPal,3.0,No
102608,2025-01-19,Europe,Germany,Home & Kitchen,Air Fryer,Marketplace,Small Business,Sam Silva,20,$23.95,$15.17,5%,$479.00,$23.95,$455.05,$303.40,$151.65,PayPal,4.5,No
102609,2025-01-20,North America,United States,Health & Beauty,Fitness Tracker,Online,Small Business,Wei Dubois,4,$108.75,$53.20,0%,$435.00,$0.00,$435.00,$212.80,$222.20,Debit Card,4.9,No
102610,2025-01-20,Middle East & Africa,Nigeria,Apparel,Running Shoes,Online,Consumer,Cameron Nakamura,4,$72.89,$35.83,5%,$291.56,$14.58,$276.98,$143.32,$133.66,Debit Card,4.0,No
102611,2025-01-20,Europe,France,Electronics,USB-C Hub,Online,Consumer,Morgan Kim,7,$151.40,$77.39,0%,"$1,059.80",$0.00,"$1,059.80",$541.73,$518.07,PayPal,5.0,No
102612,2025-01-20,Asia Pacific,India,Apparel,Running Shoes,Online,Consumer,Sam Silva,9,$98.81,$53.21,0%,$889.29,$0.00,$889.29,$478.89,$410.40,PayPal,5.0,No
102613,2025-01-20,Asia Pacific,Singapore,Home & Kitchen,Toaster,Retail Store,Enterprise,Lucas Novak,4,$135.02,$83.09,20%,$540.08,$108.02,$432.06,$332.36,$99.70,Debit Card,4.0,Yes
102614,2025-01-20,Europe,Netherlands,Office Supplies,Pen Set,Retail Store,Consumer,Drew Okafor,8,$89.35,$42.98,0%,$714.80,$0.00,$714.80,$343.84,$370.96,Bank Transfer,4.5,No
102615,2025-01-20,North America,United States,Health & Beauty,Hair Dryer,Retail Store,Small Business,Jordan Chen,6,$111.93,$65.22,0%,$671.58,$0.00,$671.58,$391.32,$280.26,Debit Card,4.7,Yes
102616,2025-01-20,Europe,Germany,Office Supplies,Ergonomic Chair,Online,Small Business,Morgan Kim,16,$184.32,$99.56,0%,"$2,949.12",$0.00,"$2,949.12","$1,592.96","$1,356.16",Credit Card,3.8,No
102617,2025-01-20,North America,Canada,Health & Beauty,Fitness Tracker,Marketplace,Consumer,Wei Dubois,7,$160.41,$103.97,0%,"$1,122.87",$0.00,"$1,122.87",$727.79,$395.08,PayPal,4.6,No
102618,2025-01-20,North America,United States,Electronics,Smartwatch,Retail Store,Small Business,Casey Garcia,9,$344.42,$163.95,0%,"$3,099.78",$0.00,"$3,099.78","$1,475.55","$1,624.23",PayPal,3.3,No
102619,2025-01-21,Latin America,Brazil,Electronics,Smartwatch,Online,Consumer,Fatima Ahmed,5,$325.29,$171.97,0%,"$1,626.45",$0.00,"$1,626.45",$859.85,$766.60,Debit Card,4.0,No
102620,2025-01-21,Europe,Germany,Health & Beauty,Massage Gun,Marketplace,Enterprise,Noah Santos,7,$71.08,$41.00,0%,$497.56,$0.00,$497.56,$287.00,$210.56,Credit Card,3.1,No
102621,2025-01-21,Latin America,Argentina,Apparel,Yoga Pants,Online,Consumer,Drew Okafor,16,$70.35,$45.17,0%,"$1,125.60",$0.00,"$1,125.60",$722.72,$402.88,Debit Card,5.0,No
102622,2025-01-21,North America,United States,Electronics,Power Bank,Online,Enterprise,Riley Muller,4,$78.45,$47.46,0%,$313.80,$0.00,$313.80,$189.84,$123.96,PayPal,3.4,No
102623,2025-01-21,North America,Canada,Office Supplies,Pen Set,Online,Consumer,Lucas Novak,6,$368.72,$214.15,15%,"$2,212.32",$331.85,"$1,880.47","$1,284.90",$595.57,Credit Card,4.4,No
102624,2025-01-21,Europe,Italy,Office Supplies,Pen Set,Online,Small Business,Riley Muller,2,$171.21,$87.30,0%,$342.42,$0.00,$342.42,$174.60,$167.82,Bank Transfer,3.7,No
102625,2025-01-21,North America,Mexico,Health & Beauty,Skincare Set,Marketplace,Consumer,Elena Lindqvist,3,$22.03,$9.43,0%,$66.09,$0.00,$66.09,$28.29,$37.80,PayPal,5.0,No
102626,2025-01-21,North America,Canada,Home & Kitchen,Coffee Maker,Online,Small Business,Kenji Haddad,8,$205.56,$115.29,0%,"$1,644.48",$0.00,"$1,644.48",$922.32,$722.16,Bank Transfer,3.4,No
102627,2025-01-21,North America,United States,Electronics,Wireless Earbuds,Marketplace,Consumer,Lucas Novak,4,$101.62,$58.21,10%,$406.48,$40.65,$365.83,$232.84,$132.99,PayPal,5.0,No
102628,2025-01-21,North America,Canada,Office Supplies,Pen Set,Wholesale,Consumer,Lucas Novak,4,$311.67,$187.50,5%,"$1,246.68",$62.33,"$1,184.35",$750.00,$434.35,Credit Card,4.5,No
102629,2025-01-22,North America,Canada,Apparel,Denim Jacket,Online,Consumer,Drew Okafor,8,$25.73,$13.50,0%,$205.84,$0.00,$205.84,$108.00,$97.84,PayPal,5.0,No
102630,2025-01-22,Asia Pacific,Japan,Home & Kitchen,Vacuum Cleaner,Online,Consumer,Jamie Johansson,10,$206.35,$86.86,10%,"$2,063.50",$206.35,"$1,857.15",$868.60,$988.55,Credit Card,3.9,No
102631,2025-01-22,Europe,France,Office Supplies,Pen Set,Retail Store,Consumer,Taylor Patel,1,$30.65,$17.99,0%,$30.65,$0.00,$30.65,$17.99,$12.66,Bank Transfer,4.6,No
102632,2025-01-22,North America,United States,Electronics,USB-C Hub,Online,Small Business,Lucas Novak,8,$135.12,$69.08,20%,"$1,080.96",$216.19,$864.77,$552.64,$312.13,Bank Transfer,4.4,No
102633,2025-01-23,North America,United States,Health & Beauty,Fitness Tracker,Online,Enterprise,Morgan Kim,6,$40.06,$23.63,0%,$240.36,$0.00,$240.36,$141.78,$98.58,Credit Card,4.3,No
102634,2025-01-23,North America,Mexico,Health & Beauty,Hair Dryer,Marketplace,Enterprise,Priya Rossi,7,$60.07,$30.85,10%,$420.49,$42.05,$378.44,$215.95,$162.49,Debit Card,2.9,No
102635,2025-01-23,North America,Canada,Health & Beauty,Hair Dryer,Marketplace,Consumer,Amara Costa,3,$99.96,$51.06,0%,$299.88,$0.00,$299.88,$153.18,$146.70,Debit Card,3.8,No
102636,2025-01-24,Latin America,Colombia,Apparel,Denim Jacket,Marketplace,Small Business,Kenji Haddad,20,$105.54,$64.93,0%,"$2,110.80",$0.00,"$2,110.80","$1,298.60",$812.20,Credit Card,4.0,No
102637,2025-01-24,Europe,United Kingdom,Office Supplies,Monitor Arm,Online,Consumer,Kenji Haddad,6,$289.91,$124.60,10%,"$1,739.46",$173.95,"$1,565.51",$747.60,$817.91,PayPal,4.3,No
102638,2025-01-24,Middle East & Africa,Saudi Arabia,Health & Beauty,Electric Toothbrush,Wholesale,Small Business,Kenji Haddad,4,$53.36,$34.60,0%,$213.44,$0.00,$213.44,$138.40,$75.04,PayPal,4.7,No
102639,2025-01-24,Asia Pacific,China,Health & Beauty,Massage Gun,Online,Consumer,Jamie Johansson,3,$8.83,$5.46,0%,$26.49,$0.00,$26.49,$16.38,$10.11,Credit Card,3.6,No
102640,2025-01-24,North America,Mexico,Home & Kitchen,Blender,Marketplace,Enterprise,Riley Muller,5,$57.69,$24.01,5%,$288.45,$14.42,$274.03,$120.05,$153.98,Credit Card,4.2,No
102641,2025-01-24,North America,United States,Apparel,Denim Jacket,Retail Store,Consumer,Morgan Kim,7,$19.27,$12.50,5%,$134.89,$6.74,$128.15,$87.50,$40.65,Cash,4.1,No
102642,2025-01-24,Europe,Italy,Office Supplies,Pen Set,Retail Store,Consumer,Morgan Kim,13,$257.55,$104.44,0%,"$3,348.15",$0.00,"$3,348.15","$1,357.72","$1,990.43",Credit Card,3.7,No
102643,2025-01-24,North America,Canada,Health & Beauty,Yoga Mat,Online,Consumer,Cameron Nakamura,1,$106.11,$58.65,10%,$106.11,$10.61,$95.50,$58.65,$36.85,Cash,3.1,No
102644,2025-01-24,North America,United States,Electronics,Laptop Stand,Marketplace,Consumer,Diego Weber,28,$297.42,$174.99,10%,"$8,327.76",$832.78,"$7,494.98","$4,899.72","$2,595.26",Credit Card,3.0,No
102645,2025-01-25,North America,Mexico,Health & Beauty,Electric Toothbrush,Online,Small Business,Casey Garcia,9,$116.11,$58.37,0%,"$1,044.99",$0.00,"$1,044.99",$525.33,$519.66,Debit Card,4.3,No
102646,2025-01-25,Europe,Germany,Electronics,Power Bank,Retail Store,Consumer,Casey Garcia,4,$303.02,$151.23,15%,"$1,212.08",$181.81,"$1,030.27",$604.92,$425.35,Credit Card,4.3,No
102647,2025-01-25,North America,United States,Health & Beauty,Skincare Set,Online,Consumer,Sam Silva,7,$76.14,$42.12,0%,$532.98,$0.00,$532.98,$294.84,$238.14,PayPal,4.5,No
102648,2025-01-25,Europe,Italy,Office Supplies,Standing Desk,Online,Small Business,Diego Weber,9,$66.93,$36.95,0%,$602.37,$0.00,$602.37,$332.55,$269.82,Credit Card,3.9,No
102649,2025-01-25,Asia Pacific,India,Health & Beauty,Skincare Set,Retail Store,Small Business,Jamie Johansson,5,$94.14,$43.75,0%,$470.70,$0.00,$470.70,$218.75,$251.95,Credit Card,3.4,No
102650,2025-01-25,Europe,United Kingdom,Electronics,Bluetooth Speaker,Online,Consumer,Jordan Chen,11,$102.55,$58.55,5%,"$1,128.05",$56.40,"$1,071.65",$644.05,$427.60,Credit Card,4.6,No
102651,2025-01-25,Europe,Germany,Office Supplies,Standing Desk,Online,Consumer,Alex Reyes,3,$334.91,$197.11,10%,"$1,004.73",$100.47,$904.26,$591.33,$312.93,Bank Transfer,4.0,No
102652,2025-01-25,North America,Mexico,Apparel,Yoga Pants,Online,Small Business,Priya Rossi,4,$91.09,$50.06,0%,$364.36,$0.00,$364.36,$200.24,$164.12,Credit Card,2.8,Yes
102653,2025-01-26,Middle East & Africa,UAE,Home & Kitchen,Cookware Set,Marketplace,Small Business,Sam Silva,13,$21.37,$8.97,0%,$277.81,$0.00,$277.81,$116.61,$161.20,Credit Card,4.0,No
102654,2025-01-26,Asia Pacific,Japan,Apparel,Sunglasses,Online,Small Business,Lucas Novak,7,$141.49,$77.35,10%,$990.43,$99.04,$891.39,$541.45,$349.94,PayPal,4.4,No
102655,2025-01-26,Middle East & Africa,Saudi Arabia,Apparel,Yoga Pants,Online,Consumer,Priya Rossi,8,$93.37,$53.40,0%,$746.96,$0.00,$746.96,$427.20,$319.76,Credit Card,3.5,No
102656,2025-01-26,North America,United States,Apparel,Yoga Pants,Online,Consumer,Alex Reyes,14,$77.90,$43.24,5%,"$1,090.60",$54.53,"$1,036.07",$605.36,$430.71,PayPal,2.7,No
102657,2025-01-26,Europe,Italy,Apparel,Denim Jacket,Retail Store,Consumer,Riley Muller,6,$55.99,$27.05,0%,$335.94,$0.00,$335.94,$162.30,$173.64,Debit Card,4.2,No
102658,2025-01-26,Latin America,Brazil,Apparel,Denim Jacket,Wholesale,Consumer,Taylor Patel,11,$127.21,$65.21,10%,"$1,399.31",$139.93,"$1,259.38",$717.31,$542.07,Credit Card,2.8,No
102659,2025-01-26,North America,Mexico,Home & Kitchen,Blender,Online,Consumer,Sofia Kowalski,3,$166.05,$100.37,0%,$498.15,$0.00,$498.15,$301.11,$197.04,Debit Card,4.5,No
102660,2025-01-26,Europe,Spain,Home & Kitchen,Blender,Retail Store,Enterprise,Noah Santos,2,$164.13,$95.07,0%,$328.26,$0.00,$328.26,$190.14,$138.12,PayPal,5.0,No
102661,2025-01-27,Latin America,Argentina,Home & Kitchen,Coffee Maker,Marketplace,Consumer,Jamie Johansson,4,$173.76,$103.41,5%,$695.04,$34.75,$660.29,$413.64,$246.65,PayPal,4.3,No
102662,2025-01-27,North America,Mexico,Office Supplies,Ergonomic Chair,Marketplace,Consumer,Alex Reyes,14,$214.89,$106.68,15%,"$3,008.46",$451.27,"$2,557.19","$1,493.52","$1,063.67",Credit Card,3.2,No
102663,2025-01-27,North America,Mexico,Health & Beauty,Skincare Set,Online,Consumer,Drew Okafor,3,$126.10,$76.68,10%,$378.30,$37.83,$340.47,$230.04,$110.43,PayPal,4.3,No
102664,2025-01-27,Europe,Germany,Health & Beauty,Hair Dryer,Marketplace,Consumer,Sofia Kowalski,17,$10.32,$5.62,5%,$175.44,$8.77,$166.67,$95.54,$71.13,Credit Card,3.0,No
102665,2025-01-27,North America,United States,Office Supplies,Desk Organizer,Marketplace,Small Business,Sofia Kowalski,22,$135.85,$71.14,5%,"$2,988.70",$149.44,"$2,839.26","$1,565.08","$1,274.18",Credit Card,4.3,No
102666,2025-01-27,Asia Pacific,Japan,Apparel,Backpack,Online,Consumer,Riley Muller,5,$91.34,$48.35,5%,$456.70,$22.84,$433.86,$241.75,$192.11,Credit Card,5.0,No
102667,2025-01-27,North America,United States,Electronics,Power Bank,Retail Store,Small Business,Taylor Patel,15,$347.84,$160.65,0%,"$5,217.60",$0.00,"$5,217.60","$2,409.75","$2,807.85",PayPal,4.1,No
102668,2025-01-27,Asia Pacific,Singapore,Home & Kitchen,Blender,Marketplace,Consumer,Noah Santos,9,$208.97,$121.71,10%,"$1,880.73",$188.07,"$1,692.66","$1,095.39",$597.27,PayPal,5.0,No
102669,2025-01-28,North America,Mexico,Home & Kitchen,Air Fryer,Marketplace,Consumer,Priya Rossi,13,$85.12,$47.03,10%,"$1,106.56",$110.66,$995.90,$611.39,$384.51,PayPal,3.3,No
102670,2025-01-28,North America,Canada,Apparel,Yoga Pants,Online,Consumer,Morgan Kim,5,$46.16,$23.47,0%,$230.80,$0.00,$230.80,$117.35,$113.45,Credit Card,3.3,No
102671,2025-01-28,Europe,Italy,Electronics,Power Bank,Online,Consumer,Diego Weber,7,$211.34,$103.92,0%,"$1,479.38",$0.00,"$1,479.38",$727.44,$751.94,PayPal,4.8,No
102672,2025-01-28,Asia Pacific,China,Electronics,Power Bank,Online,Consumer,Lucas Novak,5,$150.70,$76.06,0%,$753.50,$0.00,$753.50,$380.30,$373.20,Credit Card,3.8,No
102673,2025-01-29,Latin America,Colombia,Office Supplies,Monitor Arm,Online,Enterprise,Elena Lindqvist,7,$119.72,$55.47,0%,$838.04,$0.00,$838.04,$388.29,$449.75,Credit Card,3.9,No
102674,2025-01-29,North America,United States,Home & Kitchen,Cookware Set,Marketplace,Small Business,Sofia Kowalski,1,$95.77,$40.11,0%,$95.77,$0.00,$95.77,$40.11,$55.66,Cash,2.7,No
102675,2025-01-29,Asia Pacific,Singapore,Health & Beauty,Electric Toothbrush,Online,Consumer,Amara Costa,9,$22.62,$13.32,0%,$203.58,$0.00,$203.58,$119.88,$83.70,Debit Card,4.9,No
102676,2025-01-29,North America,United States,Health & Beauty,Yoga Mat,Online,Enterprise,Wei Dubois,5,$60.92,$30.12,0%,$304.60,$0.00,$304.60,$150.60,$154.00,Debit Card,4.5,No
102677,2025-01-29,North America,Canada,Home & Kitchen,Toaster,Online,Small Business,Alex Reyes,6,$101.28,$45.15,0%,$607.68,$0.00,$607.68,$270.90,$336.78,Credit Card,2.0,No
102678,2025-01-29,North America,Canada,Apparel,Wool Sweater,Marketplace,Consumer,Cameron Nakamura,4,$61.37,$25.65,0%,$245.48,$0.00,$245.48,$102.60,$142.88,PayPal,3.7,No
102679,2025-01-29,North America,United States,Health & Beauty,Hair Dryer,Online,Consumer,Riley Muller,15,$55.22,$29.01,10%,$828.30,$82.83,$745.47,$435.15,$310.32,Credit Card,4.5,No
102680,2025-01-29,Europe,United Kingdom,Office Supplies,Monitor Arm,Online,Small Business,Casey Garcia,12,$153.08,$75.68,10%,"$1,836.96",$183.70,"$1,653.26",$908.16,$745.10,Credit Card,5.0,No
102681,2025-01-30,Middle East & Africa,South Africa,Office Supplies,Monitor Arm,Retail Store,Consumer,Jordan Chen,19,$196.39,$108.33,0%,"$3,731.41",$0.00,"$3,731.41","$2,058.27","$1,673.14",Debit Card,5.0,No
102682,2025-01-30,Asia Pacific,Singapore,Office Supplies,Pen Set,Retail Store,Enterprise,Diego Weber,7,$228.00,$145.73,5%,"$1,596.00",$79.80,"$1,516.20","$1,020.11",$496.09,Debit Card,3.7,No
102683,2025-01-30,North America,Mexico,Office Supplies,Ergonomic Chair,Retail Store,Consumer,Morgan Kim,7,$67.36,$32.90,0%,$471.52,$0.00,$471.52,$230.30,$241.22,Credit Card,4.6,No
102684,2025-01-30,Asia Pacific,South Korea,Health & Beauty,Electric Toothbrush,Retail Store,Consumer,Kenji Haddad,12,$76.37,$38.71,15%,$916.44,$137.47,$778.97,$464.52,$314.45,Credit Card,5.0,No
102685,2025-01-30,North America,Canada,Home & Kitchen,Coffee Maker,Marketplace,Consumer,Kenji Haddad,9,$91.46,$48.85,10%,$823.14,$82.31,$740.83,$439.65,$301.18,PayPal,2.7,Yes
102686,2025-01-31,North America,Canada,Health & Beauty,Skincare Set,Marketplace,Small Business,Jordan Chen,11,$41.86,$19.55,10%,$460.46,$46.05,$414.41,$215.05,$199.36,Credit Card,5.0,Yes
102687,2025-01-31,Europe,Spain,Apparel,Backpack,Retail Store,Consumer,Wei Dubois,14,$23.07,$9.67,0%,$322.98,$0.00,$322.98,$135.38,$187.60,Cash,4.0,No
102688,2025-01-31,North America,United States,Electronics,Laptop Stand,Retail Store,Small Business,Taylor Patel,2,$305.59,$128.19,0%,$611.18,$0.00,$611.18,$256.38,$354.80,PayPal,5.0,No
102689,2025-01-31,North America,United States,Health & Beauty,Yoga Mat,Online,Small Business,Jamie Johansson,3,$141.65,$59.51,10%,$424.95,$42.50,$382.45,$178.53,$203.92,Debit Card,4.0,No
102690,2025-01-31,North America,United States,Apparel,Denim Jacket,Wholesale,Consumer,Amara Costa,11,$50.95,$28.24,0%,$560.45,$0.00,$560.45,$310.64,$249.81,PayPal,5.0,No
102691,2025-01-31,North America,Canada,Apparel,Sunglasses,Marketplace,Small Business,Alex Reyes,7,$88.84,$41.59,5%,$621.88,$31.09,$590.79,$291.13,$299.66,Debit Card,4.0,No
102692,2025-01-31,Europe,United Kingdom,Apparel,Wool Sweater,Marketplace,Consumer,Jamie Johansson,21,$142.52,$84.06,0%,"$2,992.92",$0.00,"$2,992.92","$1,765.26","$1,227.66",Credit Card,5.0,No
102693,2025-01-31,Latin America,Argentina,Office Supplies,Monitor Arm,Retail Store,Small Business,Noah Santos,10,$98.82,$41.79,0%,$988.20,$0.00,$988.20,$417.90,$570.30,Bank Transfer,5.0,No
102694,2025-01-31,Asia Pacific,South Korea,Home & Kitchen,Vacuum Cleaner,Online,Consumer,Alex Reyes,7,$76.79,$42.46,5%,$537.53,$26.88,$510.65,$297.22,$213.43,Bank Transfer,4.5,No
102695,2025-02-01,Europe,Netherlands,Apparel,Backpack,Marketplace,Consumer,Drew Okafor,1,$34.34,$22.18,0%,$34.34,$0.00,$34.34,$22.18,$12.16,PayPal,3.7,No
102696,2025-02-01,North America,Mexico,Home & Kitchen,Vacuum Cleaner,Marketplace,Consumer,Noah Santos,5,$159.36,$64.23,0%,$796.80,$0.00,$796.80,$321.15,$475.65,Debit Card,5.0,No
102697,2025-02-01,Asia Pacific,China,Home & Kitchen,Blender,Retail Store,Small Business,Sofia Kowalski,4,$102.48,$48.49,15%,$409.92,$61.49,$348.43,$193.96,$154.47,Credit Card,4.4,No
102698,2025-02-01,Europe,Germany,Office Supplies,Ergonomic Chair,Retail Store,Consumer,Diego Weber,2,$205.85,$121.50,0%,$411.70,$0.00,$411.70,$243.00,$168.70,Credit Card,5.0,No
102699,2025-02-01,Asia Pacific,South Korea,Office Supplies,Ergonomic Chair,Marketplace,Consumer,Jordan Chen,12,$339.04,$201.98,0%,"$4,068.48",$0.00,"$4,068.48","$2,423.76","$1,644.72",Credit Card,3.9,No
102700,2025-02-02,Latin America,Colombia,Apparel,Running Shoes,Marketplace,Small Business,Casey Garcia,6,$130.06,$64.35,5%,$780.36,$39.02,$741.34,$386.10,$355.24,PayPal,3.2,No
102701,2025-02-02,Europe,Italy,Apparel,Wool Sweater,Retail Store,Consumer,Elena Lindqvist,10,$146.22,$88.30,0%,"$1,462.20",$0.00,"$1,462.20",$883.00,$579.20,PayPal,3.2,No
102702,2025-02-02,North America,United States,Electronics,Bluetooth Speaker,Retail Store,Small Business,Jamie Johansson,12,$245.27,$148.70,10%,"$2,943.24",$294.32,"$2,648.92","$1,784.40",$864.52,Credit Card,4.0,No
102703,2025-02-02,Latin America,Brazil,Apparel,Denim Jacket,Retail Store,Consumer,Amara Costa,9,$148.03,$84.29,0%,"$1,332.27",$0.00,"$1,332.27",$758.61,$573.66,Cash,4.0,No
102704,2025-02-02,Asia Pacific,Japan,Electronics,USB-C Hub,Retail Store,Consumer,Diego Weber,9,$301.85,$144.57,0%,"$2,716.65",$0.00,"$2,716.65","$1,301.13","$1,415.52",PayPal,4.1,No
102705,2025-02-02,North America,Mexico,Office Supplies,Pen Set,Retail Store,Consumer,Amara Costa,6,$326.08,$190.29,0%,"$1,956.48",$0.00,"$1,956.48","$1,141.74",$814.74,Credit Card,4.2,No
102706,2025-02-02,Latin America,Colombia,Electronics,Power Bank,Marketplace,Enterprise,Elena Lindqvist,3,$144.99,$66.72,10%,$434.97,$43.50,$391.47,$200.16,$191.31,Credit Card,3.7,No
102707,2025-02-02,North America,United States,Electronics,Smartwatch,Retail Store,Enterprise,Jordan Chen,5,$49.27,$28.72,0%,$246.35,$0.00,$246.35,$143.60,$102.75,Debit Card,3.8,No
102708,2025-02-03,Latin America,Argentina,Home & Kitchen,Coffee Maker,Wholesale,Small Business,Fatima Ahmed,9,$100.59,$47.92,0%,$905.31,$0.00,$905.31,$431.28,$474.03,PayPal,2.9,No
102709,2025-02-03,North America,Mexico,Apparel,Denim Jacket,Online,Consumer,Riley Muller,2,$41.77,$21.20,0%,$83.54,$0.00,$83.54,$42.40,$41.14,Credit Card,3.0,No
102710,2025-02-03,North America,United States,Home & Kitchen,Cookware Set,Online,Consumer,Cameron Nakamura,13,$30.46,$12.76,5%,$395.98,$19.80,$376.18,$165.88,$210.30,PayPal,5.0,No
102711,2025-02-03,Asia Pacific,Singapore,Office Supplies,Notebook Set,Marketplace,Small Business,Riley Muller,3,$78.41,$39.27,5%,$235.23,$11.76,$223.47,$117.81,$105.66,Credit Card,4.8,No
102712,2025-02-03,Europe,Germany,Electronics,Power Bank,Marketplace,Consumer,Noah Santos,5,$314.13,$192.92,0%,"$1,570.65",$0.00,"$1,570.65",$964.60,$606.05,PayPal,4.9,No
102713,2025-02-03,Asia Pacific,India,Home & Kitchen,Cookware Set,Retail Store,Small Business,Morgan Kim,11,$77.63,$44.52,0%,$853.93,$0.00,$853.93,$489.72,$364.21,Debit Card,2.7,No
102714,2025-02-03,Asia Pacific,Japan,Home & Kitchen,Vacuum Cleaner,Online,Consumer,Riley Muller,5,$91.04,$56.44,0%,$455.20,$0.00,$455.20,$282.20,$173.00,Credit Card,5.0,Yes
102715,2025-02-04,Europe,Spain,Apparel,Wool Sweater,Online,Small Business,Cameron Nakamura,11,$98.41,$49.96,0%,"$1,082.51",$0.00,"$1,082.51",$549.56,$532.95,Debit Card,4.0,No
102716,2025-02-04,North America,Canada,Health & Beauty,Skincare Set,Wholesale,Consumer,Lucas Novak,7,$84.55,$35.00,5%,$591.85,$29.59,$562.26,$245.00,$317.26,Debit Card,4.9,No
102717,2025-02-04,North America,United States,Office Supplies,Standing Desk,Marketplace,Consumer,Fatima Ahmed,3,$392.50,$220.84,0%,"$1,177.50",$0.00,"$1,177.50",$662.52,$514.98,PayPal,3.9,No
102718,2025-02-04,North America,Mexico,Home & Kitchen,Air Fryer,Online,Small Business,Sam Silva,5,$136.87,$72.11,5%,$684.35,$34.22,$650.13,$360.55,$289.58,Credit Card,5.0,No
102719,2025-02-04,Europe,Spain,Home & Kitchen,Vacuum Cleaner,Retail Store,Consumer,Wei Dubois,4,$188.57,$102.69,10%,$754.28,$75.43,$678.85,$410.76,$268.09,Credit Card,4.1,No
102720,2025-02-04,Asia Pacific,China,Health & Beauty,Electric Toothbrush,Marketplace,Enterprise,Jamie Johansson,1,$64.33,$29.28,0%,$64.33,$0.00,$64.33,$29.28,$35.05,Debit Card,2.7,No
102721,2025-02-04,North America,Mexico,Apparel,Wool Sweater,Retail Store,Small Business,Drew Okafor,13,$75.85,$40.18,0%,$986.05,$0.00,$986.05,$522.34,$463.71,PayPal,5.0,No
102722,2025-02-04,Europe,France,Electronics,Bluetooth Speaker,Online,Small Business,Amara Costa,2,$316.06,$135.26,15%,$632.12,$94.82,$537.30,$270.52,$266.78,Credit Card,4.4,No
102723,2025-02-04,Asia Pacific,China,Apparel,Running Shoes,Retail Store,Consumer,Elena Lindqvist,14,$53.53,$27.52,0%,$749.42,$0.00,$749.42,$385.28,$364.14,Credit Card,1.9,No
102724,2025-02-04,Asia Pacific,China,Home & Kitchen,Air Fryer,Online,Small Business,Taylor Patel,6,$99.47,$47.14,0%,$596.82,$0.00,$596.82,$282.84,$313.98,Credit Card,3.9,No
102725,2025-02-04,Europe,United Kingdom,Office Supplies,Desk Organizer,Retail Store,Small Business,Alex Reyes,1,$28.32,$14.13,10%,$28.32,$2.83,$25.49,$14.13,$11.36,Cash,3.7,No
102726,2025-02-04,North America,Mexico,Home & Kitchen,Toaster,Retail Store,Consumer,Kenji Haddad,2,$143.98,$76.04,0%,$287.96,$0.00,$287.96,$152.08,$135.88,Bank Transfer,4.6,No
102727,2025-02-04,Europe,Netherlands,Office Supplies,Pen Set,Online,Small Business,Priya Rossi,8,$300.52,$165.22,20%,"$2,404.16",$480.83,"$1,923.33","$1,321.76",$601.57,Bank Transfer,4.6,No
102728,2025-02-04,Asia Pacific,Singapore,Office Supplies,Monitor Arm,Marketplace,Small Business,Elena Lindqvist,7,$17.00,$9.29,0%,$119.00,$0.00,$119.00,$65.03,$53.97,Credit Card,3.6,No
102729,2025-02-04,Middle East & Africa,UAE,Office Supplies,Notebook Set,Online,Consumer,Taylor Patel,10,$294.60,$176.66,0%,"$2,946.00",$0.00,"$2,946.00","$1,766.60","$1,179.40",PayPal,5.0,No
102730,2025-02-05,Europe,Netherlands,Apparel,Denim Jacket,Online,Small Business,Cameron Nakamura,6,$105.82,$45.48,0%,$634.92,$0.00,$634.92,$272.88,$362.04,Credit Card,3.8,Yes
102731,2025-02-05,Asia Pacific,Singapore,Office Supplies,Standing Desk,Online,Consumer,Taylor Patel,16,$235.89,$139.95,0%,"$3,774.24",$0.00,"$3,774.24","$2,239.20","$1,535.04",Debit Card,4.5,No
102732,2025-02-05,Europe,Netherlands,Electronics,USB-C Hub,Online,Consumer,Kenji Haddad,7,$222.29,$125.91,0%,"$1,556.03",$0.00,"$1,556.03",$881.37,$674.66,Bank Transfer,3.0,No
102733,2025-02-05,Latin America,Brazil,Health & Beauty,Electric Toothbrush,Online,Consumer,Morgan Kim,11,$60.87,$29.13,0%,$669.57,$0.00,$669.57,$320.43,$349.14,Debit Card,3.6,No
102734,2025-02-05,Europe,Italy,Home & Kitchen,Toaster,Wholesale,Consumer,Casey Garcia,3,$180.85,$81.38,0%,$542.55,$0.00,$542.55,$244.14,$298.41,Cash,4.5,Yes
102735,2025-02-06,Europe,France,Office Supplies,Pen Set,Retail Store,Consumer,Priya Rossi,14,$100.82,$61.84,0%,"$1,411.48",$0.00,"$1,411.48",$865.76,$545.72,Bank Transfer,4.4,No
102736,2025-02-06,Asia Pacific,Australia,Home & Kitchen,Coffee Maker,Online,Consumer,Amara Costa,2,$101.88,$51.99,15%,$203.76,$30.56,$173.20,$103.98,$69.22,PayPal,5.0,No
102737,2025-02-06,Latin America,Brazil,Electronics,Wireless Earbuds,Online,Small Business,Elena Lindqvist,4,$194.17,$98.23,0%,$776.68,$0.00,$776.68,$392.92,$383.76,Bank Transfer,5.0,No
102738,2025-02-06,Europe,Netherlands,Apparel,Sunglasses,Wholesale,Consumer,Lucas Novak,5,$100.64,$59.82,0%,$503.20,$0.00,$503.20,$299.10,$204.10,Credit Card,3.7,No
102739,2025-02-06,North America,Canada,Home & Kitchen,Air Fryer,Online,Consumer,Jordan Chen,5,$212.22,$86.99,5%,"$1,061.10",$53.06,"$1,008.04",$434.95,$573.09,PayPal,4.7,No
102740,2025-02-06,Europe,Germany,Electronics,USB-C Hub,Online,Small Business,Cameron Nakamura,7,$212.83,$106.83,15%,"$1,489.81",$223.47,"$1,266.34",$747.81,$518.53,Bank Transfer,4.9,No
102741,2025-02-06,Europe,Germany,Home & Kitchen,Coffee Maker,Retail Store,Small Business,Lucas Novak,1,$171.25,$94.11,5%,$171.25,$8.56,$162.69,$94.11,$68.58,Debit Card,4.1,No
102742,2025-02-07,Asia Pacific,Australia,Apparel,Yoga Pants,Online,Consumer,Riley Muller,1,$18.42,$9.11,0%,$18.42,$0.00,$18.42,$9.11,$9.31,Credit Card,3.4,No
102743,2025-02-07,North America,Canada,Office Supplies,Ergonomic Chair,Online,Small Business,Taylor Patel,9,$217.93,$140.38,5%,"$1,961.37",$98.07,"$1,863.30","$1,263.42",$599.88,Debit Card,4.7,No
102744,2025-02-07,Europe,United Kingdom,Office Supplies,Notebook Set,Retail Store,Consumer,Casey Garcia,4,$138.28,$81.88,0%,$553.12,$0.00,$553.12,$327.52,$225.60,Bank Transfer,4.6,No
102745,2025-02-07,North America,Canada,Health & Beauty,Hair Dryer,Retail Store,Consumer,Jamie Johansson,13,$29.72,$12.81,5%,$386.36,$19.32,$367.04,$166.53,$200.51,Debit Card,4.9,No
102746,2025-02-07,Latin America,Colombia,Health & Beauty,Skincare Set,Retail Store,Consumer,Diego Weber,5,$45.32,$26.44,0%,$226.60,$0.00,$226.60,$132.20,$94.40,Credit Card,3.3,No
102747,2025-02-07,North America,Mexico,Electronics,Bluetooth Speaker,Marketplace,Consumer,Elena Lindqvist,7,$34.02,$13.93,0%,$238.14,$0.00,$238.14,$97.51,$140.63,Credit Card,3.8,No
102748,2025-02-07,North America,United States,Office Supplies,Pen Set,Retail Store,Small Business,Morgan Kim,19,$358.37,$230.17,5%,"$6,809.03",$340.45,"$6,468.58","$4,373.23","$2,095.35",Debit Card,4.2,No
102749,2025-02-08,North America,Mexico,Home & Kitchen,Coffee Maker,Online,Enterprise,Elena Lindqvist,2,$186.28,$103.40,0%,$372.56,$0.00,$372.56,$206.80,$165.76,PayPal,4.2,Yes
102750,2025-02-08,Europe,France,Office Supplies,Ergonomic Chair,Online,Consumer,Amara Costa,15,$155.45,$75.74,0%,"$2,331.75",$0.00,"$2,331.75","$1,136.10","$1,195.65",Credit Card,4.0,No
102751,2025-02-08,Asia Pacific,China,Electronics,Power Bank,Online,Consumer,Jamie Johansson,4,$227.74,$118.32,0%,$910.96,$0.00,$910.96,$473.28,$437.68,Credit Card,4.1,No
102752,2025-02-08,Asia Pacific,Singapore,Electronics,Laptop Stand,Retail Store,Small Business,Casey Garcia,6,$273.67,$163.02,0%,"$1,642.02",$0.00,"$1,642.02",$978.12,$663.90,Credit Card,4.0,No
102753,2025-02-08,Latin America,Chile,Office Supplies,Ergonomic Chair,Wholesale,Small Business,Drew Okafor,3,$234.40,$110.06,0%,$703.20,$0.00,$703.20,$330.18,$373.02,Credit Card,4.6,No
102754,2025-02-08,Europe,France,Health & Beauty,Yoga Mat,Retail Store,Consumer,Jamie Johansson,3,$152.64,$98.10,0%,$457.92,$0.00,$457.92,$294.30,$163.62,Debit Card,4.6,No
102755,2025-02-08,Middle East & Africa,Nigeria,Electronics,Bluetooth Speaker,Retail Store,Consumer,Sofia Kowalski,7,$30.18,$16.24,5%,$211.26,$10.56,$200.70,$113.68,$87.02,Credit Card,4.6,No
102756,2025-02-08,North America,Canada,Electronics,Smartwatch,Online,Consumer,Lucas Novak,5,$295.37,$140.48,5%,"$1,476.85",$73.84,"$1,403.01",$702.40,$700.61,Credit Card,3.9,No
102757,2025-02-08,Asia Pacific,Australia,Electronics,USB-C Hub,Online,Consumer,Sofia Kowalski,2,$268.32,$111.12,0%,$536.64,$0.00,$536.64,$222.24,$314.40,Credit Card,4.3,No
102758,2025-02-09,Europe,Netherlands,Health & Beauty,Hair Dryer,Online,Enterprise,Priya Rossi,23,$162.63,$84.20,0%,"$3,740.49",$0.00,"$3,740.49","$1,936.60","$1,803.89",Bank Transfer,4.8,No
102759,2025-02-09,North America,United States,Home & Kitchen,Air Fryer,Online,Consumer,Casey Garcia,3,$212.04,$118.54,0%,$636.12,$0.00,$636.12,$355.62,$280.50,Debit Card,3.6,No
102760,2025-02-09,Europe,Germany,Apparel,Yoga Pants,Online,Enterprise,Diego Weber,6,$147.70,$81.67,0%,$886.20,$0.00,$886.20,$490.02,$396.18,Debit Card,4.3,No
102761,2025-02-09,Europe,Netherlands,Home & Kitchen,Coffee Maker,Online,Consumer,Jamie Johansson,19,$150.45,$67.89,15%,"$2,858.55",$428.78,"$2,429.77","$1,289.91","$1,139.86",PayPal,3.5,No
102762,2025-02-09,North America,United States,Health & Beauty,Yoga Mat,Online,Consumer,Elena Lindqvist,9,$60.37,$38.57,0%,$543.33,$0.00,$543.33,$347.13,$196.20,Debit Card,5.0,Yes
102763,2025-02-09,North America,Mexico,Health & Beauty,Fitness Tracker,Online,Consumer,Wei Dubois,6,$94.76,$57.77,15%,$568.56,$85.28,$483.28,$346.62,$136.66,Debit Card,5.0,No
102764,2025-02-09,Middle East & Africa,Saudi Arabia,Electronics,Wireless Earbuds,Online,Small Business,Elena Lindqvist,5,$267.26,$164.11,0%,"$1,336.30",$0.00,"$1,336.30",$820.55,$515.75,PayPal,4.1,Yes
102765,2025-02-10,North America,Canada,Apparel,Wool Sweater,Online,Enterprise,Taylor Patel,5,$102.11,$44.86,15%,$510.55,$76.58,$433.97,$224.30,$209.67,PayPal,3.5,No
102766,2025-02-10,North America,Mexico,Apparel,Sunglasses,Online,Consumer,Sofia Kowalski,12,$82.46,$48.55,0%,$989.52,$0.00,$989.52,$582.60,$406.92,Credit Card,4.0,No
102767,2025-02-10,North America,Mexico,Office Supplies,Desk Organizer,Online,Consumer,Kenji Haddad,10,$356.08,$191.35,0%,"$3,560.80",$0.00,"$3,560.80","$1,913.50","$1,647.30",Credit Card,4.2,No
102768,2025-02-10,Asia Pacific,Singapore,Apparel,Sunglasses,Online,Consumer,Priya Rossi,7,$139.39,$83.96,0%,$975.73,$0.00,$975.73,$587.72,$388.01,Credit Card,3.8,No
102769,2025-02-10,Middle East & Africa,Saudi Arabia,Health & Beauty,Skincare Set,Marketplace,Enterprise,Lucas Novak,5,$14.14,$7.19,5%,$70.70,$3.54,$67.16,$35.95,$31.21,Credit Card,4.3,No
102770,2025-02-10,Asia Pacific,China,Electronics,Wireless Earbuds,Wholesale,Enterprise,Amara Costa,7,$274.59,$127.68,0%,"$1,922.13",$0.00,"$1,922.13",$893.76,"$1,028.37",PayPal,4.4,No
102771,2025-02-10,Middle East & Africa,Saudi Arabia,Health & Beauty,Yoga Mat,Online,Enterprise,Noah Santos,14,$157.03,$67.87,10%,"$2,198.42",$219.84,"$1,978.58",$950.18,"$1,028.40",Bank Transfer,4.4,No
102772,2025-02-10,Asia Pacific,Australia,Home & Kitchen,Cookware Set,Retail Store,Small Business,Riley Muller,11,$175.51,$107.56,10%,"$1,930.61",$193.06,"$1,737.55","$1,183.16",$554.39,PayPal,3.8,No
102773,2025-02-10,North America,United States,Home & Kitchen,Air Fryer,Wholesale,Consumer,Priya Rossi,4,$118.33,$58.88,15%,$473.32,$71.00,$402.32,$235.52,$166.80,Debit Card,4.0,Yes
102774,2025-02-11,Latin America,Colombia,Office Supplies,Monitor Arm,Marketplace,Enterprise,Cameron Nakamura,15,$40.24,$21.01,0%,$603.60,$0.00,$603.60,$315.15,$288.45,Credit Card,3.8,No
102775,2025-02-11,North America,Canada,Apparel,Denim Jacket,Retail Store,Enterprise,Cameron Nakamura,8,$127.04,$80.77,0%,"$1,016.32",$0.00,"$1,016.32",$646.16,$370.16,PayPal,4.0,No
102776,2025-02-11,Latin America,Argentina,Apparel,Running Shoes,Retail Store,Small Business,Kenji Haddad,20,$102.07,$43.14,0%,"$2,041.40",$0.00,"$2,041.40",$862.80,"$1,178.60",Debit Card,4.8,Yes
102777,2025-02-11,Europe,Italy,Home & Kitchen,Coffee Maker,Marketplace,Enterprise,Kenji Haddad,6,$189.70,$114.60,0%,"$1,138.20",$0.00,"$1,138.20",$687.60,$450.60,Credit Card,3.7,No
102778,2025-02-11,Middle East & Africa,Saudi Arabia,Home & Kitchen,Air Fryer,Marketplace,Consumer,Jamie Johansson,6,$204.02,$112.93,0%,"$1,224.12",$0.00,"$1,224.12",$677.58,$546.54,Cash,3.3,No
102779,2025-02-11,Europe,Germany,Electronics,Smartwatch,Marketplace,Small Business,Amara Costa,2,$330.89,$136.91,0%,$661.78,$0.00,$661.78,$273.82,$387.96,Credit Card,3.9,No
102780,2025-02-12,Latin America,Chile,Apparel,Denim Jacket,Marketplace,Consumer,Kenji Haddad,6,$127.35,$63.77,0%,$764.10,$0.00,$764.10,$382.62,$381.48,PayPal,4.7,No
102781,2025-02-12,North America,Mexico,Health & Beauty,Fitness Tracker,Retail Store,Enterprise,Diego Weber,1,$35.72,$16.82,0%,$35.72,$0.00,$35.72,$16.82,$18.90,Credit Card,4.1,No
102782,2025-02-12,Latin America,Chile,Home & Kitchen,Blender,Online,Enterprise,Alex Reyes,7,$125.96,$70.18,0%,$881.72,$0.00,$881.72,$491.26,$390.46,Credit Card,5.0,No
102783,2025-02-12,Asia Pacific,India,Health & Beauty,Skincare Set,Retail Store,Small Business,Jordan Chen,10,$150.29,$71.19,10%,"$1,502.90",$150.29,"$1,352.61",$711.90,$640.71,Credit Card,5.0,Yes
102784,2025-02-13,Asia Pacific,Australia,Home & Kitchen,Coffee Maker,Wholesale,Enterprise,Casey Garcia,8,$194.75,$84.53,0%,"$1,558.00",$0.00,"$1,558.00",$676.24,$881.76,Credit Card,3.5,No
102785,2025-02-13,North America,Mexico,Home & Kitchen,Coffee Maker,Online,Small Business,Jamie Johansson,8,$214.55,$91.58,0%,"$1,716.40",$0.00,"$1,716.40",$732.64,$983.76,PayPal,4.3,No
102786,2025-02-13,North America,United States,Office Supplies,Desk Organizer,Retail Store,Consumer,Alex Reyes,6,$157.80,$79.52,10%,$946.80,$94.68,$852.12,$477.12,$375.00,Debit Card,4.2,No
102787,2025-02-14,Asia Pacific,Australia,Home & Kitchen,Cookware Set,Online,Small Business,Elena Lindqvist,4,$106.59,$48.30,0%,$426.36,$0.00,$426.36,$193.20,$233.16,Credit Card,4.3,No
102788,2025-02-14,North America,Canada,Home & Kitchen,Air Fryer,Retail Store,Consumer,Alex Reyes,5,$80.29,$51.42,0%,$401.45,$0.00,$401.45,$257.10,$144.35,Bank Transfer,4.0,No
102789,2025-02-14,Europe,Netherlands,Home & Kitchen,Air Fryer,Online,Consumer,Drew Okafor,8,$196.61,$115.07,5%,"$1,572.88",$78.64,"$1,494.24",$920.56,$573.68,Bank Transfer,4.3,No
102790,2025-02-14,Asia Pacific,India,Health & Beauty,Skincare Set,Online,Enterprise,Riley Muller,5,$8.96,$4.92,15%,$44.80,$6.72,$38.08,$24.60,$13.48,Credit Card,3.4,No
102791,2025-02-15,North America,United States,Electronics,Power Bank,Retail Store,Consumer,Kenji Haddad,2,$185.05,$79.55,5%,$370.10,$18.51,$351.59,$159.10,$192.49,Credit Card,5.0,No
102792,2025-02-15,North America,Canada,Electronics,USB-C Hub,Retail Store,Consumer,Fatima Ahmed,11,$124.62,$61.03,0%,"$1,370.82",$0.00,"$1,370.82",$671.33,$699.49,Credit Card,3.6,No
102793,2025-02-15,North America,United States,Apparel,Sunglasses,Marketplace,Small Business,Priya Rossi,12,$107.51,$64.27,5%,"$1,290.12",$64.51,"$1,225.61",$771.24,$454.37,Bank Transfer,4.3,Yes
102794,2025-02-15,Middle East & Africa,Saudi Arabia,Apparel,Running Shoes,Online,Consumer,Priya Rossi,7,$121.87,$73.33,0%,$853.09,$0.00,$853.09,$513.31,$339.78,Credit Card,3.1,Yes
102795,2025-02-15,Europe,Spain,Home & Kitchen,Blender,Marketplace,Consumer,Noah Santos,9,$197.56,$108.31,5%,"$1,778.04",$88.90,"$1,689.14",$974.79,$714.35,PayPal,5.0,No
102796,2025-02-15,North America,Canada,Office Supplies,Notebook Set,Online,Consumer,Kenji Haddad,14,$215.79,$139.08,15%,"$3,021.06",$453.16,"$2,567.90","$1,947.12",$620.78,Credit Card,4.8,No
102797,2025-02-15,Middle East & Africa,Saudi Arabia,Apparel,Backpack,Retail Store,Small Business,Kenji Haddad,15,$35.18,$21.19,5%,$527.70,$26.39,$501.31,$317.85,$183.46,Credit Card,3.5,No
102798,2025-02-16,North America,Canada,Home & Kitchen,Cookware Set,Online,Consumer,Jordan Chen,6,$184.72,$114.70,5%,"$1,108.32",$55.42,"$1,052.90",$688.20,$364.70,PayPal,3.5,No
102799,2025-02-16,Europe,Netherlands,Office Supplies,Pen Set,Retail Store,Enterprise,Alex Reyes,8,$106.71,$65.28,5%,$853.68,$42.68,$811.00,$522.24,$288.76,Credit Card,4.1,No
102800,2025-02-16,Europe,United Kingdom,Apparel,Running Shoes,Marketplace,Consumer,Casey Garcia,11,$123.51,$72.26,0%,"$1,358.61",$0.00,"$1,358.61",$794.86,$563.75,Credit Card,3.7,Yes
102801,2025-02-16,Europe,Netherlands,Health & Beauty,Electric Toothbrush,Retail Store,Small Business,Wei Dubois,10,$176.72,$110.64,0%,"$1,767.20",$0.00,"$1,767.20","$1,106.40",$660.80,Credit Card,4.7,No
102802,2025-02-17,Latin America,Argentina,Health & Beauty,Electric Toothbrush,Retail Store,Small Business,Taylor Patel,5,$160.82,$99.99,0%,$804.10,$0.00,$804.10,$499.95,$304.15,Credit Card,5.0,No
102803,2025-02-17,Asia Pacific,Singapore,Health & Beauty,Hair Dryer,Online,Consumer,Elena Lindqvist,2,$31.13,$12.51,0%,$62.26,$0.00,$62.26,$25.02,$37.24,Credit Card,3.4,No
102804,2025-02-17,Asia Pacific,India,Apparel,Running Shoes,Marketplace,Consumer,Cameron Nakamura,1,$81.03,$40.73,0%,$81.03,$0.00,$81.03,$40.73,$40.30,Debit Card,4.4,No
102805,2025-02-17,Asia Pacific,India,Health & Beauty,Hair Dryer,Online,Consumer,Wei Dubois,3,$160.38,$64.89,0%,$481.14,$0.00,$481.14,$194.67,$286.47,Credit Card,3.8,No
102806,2025-02-17,Europe,Germany,Home & Kitchen,Coffee Maker,Online,Enterprise,Noah Santos,8,$218.41,$113.69,5%,"$1,747.28",$87.36,"$1,659.92",$909.52,$750.40,Credit Card,4.7,Yes
102807,2025-02-17,North America,United States,Office Supplies,Standing Desk,Retail Store,Consumer,Fatima Ahmed,2,$232.45,$103.18,0%,$464.90,$0.00,$464.90,$206.36,$258.54,Credit Card,4.5,No
102808,2025-02-17,Latin America,Brazil,Home & Kitchen,Blender,Online,Small Business,Casey Garcia,12,$94.87,$49.23,0%,"$1,138.44",$0.00,"$1,138.44",$590.76,$547.68,Credit Card,3.6,No
102809,2025-02-17,Latin America,Brazil,Office Supplies,Standing Desk,Retail Store,Small Business,Sam Silva,3,$369.67,$170.53,5%,"$1,109.01",$55.45,"$1,053.56",$511.59,$541.97,Credit Card,5.0,No
102810,2025-02-17,Asia Pacific,Singapore,Apparel,Wool Sweater,Online,Consumer,Morgan Kim,4,$108.66,$52.63,0%,$434.64,$0.00,$434.64,$210.52,$224.12,Credit Card,4.4,No
102811,2025-02-17,Asia Pacific,Australia,Electronics,USB-C Hub,Online,Enterprise,Amara Costa,20,$288.48,$166.34,5%,"$5,769.60",$288.48,"$5,481.12","$3,326.80","$2,154.32",Debit Card,4.4,No
102812,2025-02-17,North America,United States,Health & Beauty,Hair Dryer,Online,Consumer,Lucas Novak,11,$33.72,$16.74,5%,$370.92,$18.55,$352.37,$184.14,$168.23,Credit Card,4.4,No
102813,2025-02-17,Europe,United Kingdom,Office Supplies,Ergonomic Chair,Online,Consumer,Jordan Chen,4,$157.46,$80.82,0%,$629.84,$0.00,$629.84,$323.28,$306.56,PayPal,3.5,No
102814,2025-02-18,North America,Mexico,Home & Kitchen,Air Fryer,Retail Store,Enterprise,Noah Santos,2,$139.97,$60.87,0%,$279.94,$0.00,$279.94,$121.74,$158.20,Credit Card,3.9,No
102815,2025-02-18,Asia Pacific,China,Home & Kitchen,Toaster,Wholesale,Consumer,Diego Weber,8,$20.62,$9.84,15%,$164.96,$24.74,$140.22,$78.72,$61.50,Credit Card,2.9,No
102816,2025-02-18,Asia Pacific,China,Health & Beauty,Skincare Set,Retail Store,Small Business,Jamie Johansson,3,$166.26,$100.76,5%,$498.78,$24.94,$473.84,$302.28,$171.56,Debit Card,4.2,No
102817,2025-02-18,North America,Mexico,Home & Kitchen,Air Fryer,Online,Consumer,Fatima Ahmed,7,$110.88,$56.76,0%,$776.16,$0.00,$776.16,$397.32,$378.84,Bank Transfer,5.0,No
102818,2025-02-19,Europe,France,Home & Kitchen,Air Fryer,Retail Store,Consumer,Taylor Patel,7,$117.24,$57.37,0%,$820.68,$0.00,$820.68,$401.59,$419.09,Credit Card,4.3,No
102819,2025-02-19,Asia Pacific,Singapore,Office Supplies,Notebook Set,Marketplace,Small Business,Priya Rossi,12,$386.13,$171.15,0%,"$4,633.56",$0.00,"$4,633.56","$2,053.80","$2,579.76",Debit Card,4.9,No
102820,2025-02-19,North America,Mexico,Office Supplies,Notebook Set,Retail Store,Consumer,Amara Costa,2,$287.68,$186.04,0%,$575.36,$0.00,$575.36,$372.08,$203.28,Credit Card,3.0,No
102821,2025-02-19,North America,United States,Health & Beauty,Fitness Tracker,Online,Consumer,Jordan Chen,9,$17.26,$8.63,0%,$155.34,$0.00,$155.34,$77.67,$77.67,Credit Card,4.1,No
102822,2025-02-19,Europe,Italy,Apparel,Wool Sweater,Online,Consumer,Alex Reyes,11,$18.37,$10.11,5%,$202.07,$10.10,$191.97,$111.21,$80.76,Debit Card,3.6,No
102823,2025-02-19,North America,Canada,Electronics,Laptop Stand,Online,Small Business,Cameron Nakamura,2,$153.80,$75.97,0%,$307.60,$0.00,$307.60,$151.94,$155.66,Credit Card,3.3,No
102824,2025-02-19,Latin America,Colombia,Health & Beauty,Hair Dryer,Online,Consumer,Sofia Kowalski,1,$177.19,$82.04,0%,$177.19,$0.00,$177.19,$82.04,$95.15,Credit Card,3.5,No
102825,2025-02-20,Latin America,Chile,Apparel,Denim Jacket,Online,Consumer,Riley Muller,12,$48.27,$27.16,0%,$579.24,$0.00,$579.24,$325.92,$253.32,PayPal,4.7,No
102826,2025-02-20,North America,Canada,Home & Kitchen,Vacuum Cleaner,Wholesale,Consumer,Noah Santos,8,$104.36,$63.57,10%,$834.88,$83.49,$751.39,$508.56,$242.83,Credit Card,4.6,Yes
102827,2025-02-20,North America,Canada,Office Supplies,Ergonomic Chair,Online,Consumer,Alex Reyes,4,$290.26,$175.98,0%,"$1,161.04",$0.00,"$1,161.04",$703.92,$457.12,Credit Card,3.1,Yes
102828,2025-02-20,Asia Pacific,Australia,Electronics,Laptop Stand,Online,Small Business,Wei Dubois,2,$270.15,$165.45,0%,$540.30,$0.00,$540.30,$330.90,$209.40,Credit Card,3.0,No
102829,2025-02-21,North America,Canada,Apparel,Wool Sweater,Marketplace,Consumer,Sam Silva,1,$68.15,$34.12,0%,$68.15,$0.00,$68.15,$34.12,$34.03,Cash,4.6,No
102830,2025-02-21,North America,Canada,Home & Kitchen,Vacuum Cleaner,Online,Small Business,Alex Reyes,8,$39.11,$17.64,0%,$312.88,$0.00,$312.88,$141.12,$171.76,PayPal,4.2,No
102831,2025-02-21,Europe,France,Home & Kitchen,Cookware Set,Retail Store,Small Business,Fatima Ahmed,3,$204.70,$84.18,5%,$614.10,$30.70,$583.40,$252.54,$330.86,Credit Card,3.9,No
102832,2025-02-21,Middle East & Africa,UAE,Health & Beauty,Skincare Set,Wholesale,Consumer,Riley Muller,3,$17.42,$10.49,5%,$52.26,$2.61,$49.65,$31.47,$18.18,Credit Card,3.7,No
102833,2025-02-21,Asia Pacific,Singapore,Home & Kitchen,Vacuum Cleaner,Retail Store,Consumer,Kenji Haddad,9,$81.41,$49.01,0%,$732.69,$0.00,$732.69,$441.09,$291.60,Credit Card,3.7,No
102834,2025-02-21,Europe,Netherlands,Electronics,Laptop Stand,Retail Store,Small Business,Drew Okafor,17,$136.06,$74.83,10%,"$2,313.02",$231.30,"$2,081.72","$1,272.11",$809.61,Debit Card,4.0,No
102835,2025-02-22,North America,Mexico,Office Supplies,Monitor Arm,Marketplace,Enterprise,Jordan Chen,4,$270.59,$163.60,0%,"$1,082.36",$0.00,"$1,082.36",$654.40,$427.96,Debit Card,3.1,No
102836,2025-02-22,North America,Canada,Apparel,Yoga Pants,Retail Store,Consumer,Jordan Chen,4,$132.25,$57.39,5%,$529.00,$26.45,$502.55,$229.56,$272.99,Credit Card,4.3,No
102837,2025-02-22,Latin America,Colombia,Electronics,USB-C Hub,Retail Store,Consumer,Riley Muller,2,$343.67,$169.23,0%,$687.34,$0.00,$687.34,$338.46,$348.88,Credit Card,4.8,No
102838,2025-02-22,Asia Pacific,Singapore,Office Supplies,Pen Set,Retail Store,Small Business,Taylor Patel,5,$272.58,$173.74,0%,"$1,362.90",$0.00,"$1,362.90",$868.70,$494.20,PayPal,3.2,No
102839,2025-02-22,Europe,Netherlands,Office Supplies,Monitor Arm,Online,Small Business,Wei Dubois,1,$258.00,$121.48,0%,$258.00,$0.00,$258.00,$121.48,$136.52,Debit Card,4.3,No
102840,2025-02-22,Latin America,Brazil,Office Supplies,Ergonomic Chair,Online,Consumer,Morgan Kim,8,$257.08,$146.31,15%,"$2,056.64",$308.50,"$1,748.14","$1,170.48",$577.66,Cash,4.8,No
102841,2025-02-22,Europe,Spain,Health & Beauty,Skincare Set,Marketplace,Consumer,Sofia Kowalski,5,$171.00,$71.75,0%,$855.00,$0.00,$855.00,$358.75,$496.25,Credit Card,4.2,No
102842,2025-02-22,Middle East & Africa,Saudi Arabia,Health & Beauty,Massage Gun,Marketplace,Consumer,Lucas Novak,7,$27.05,$15.58,0%,$189.35,$0.00,$189.35,$109.06,$80.29,Credit Card,3.0,No
102843,2025-02-22,Europe,United Kingdom,Health & Beauty,Hair Dryer,Wholesale,Consumer,Cameron Nakamura,10,$128.18,$80.69,0%,"$1,281.80",$0.00,"$1,281.80",$806.90,$474.90,PayPal,3.5,Yes
102844,2025-02-23,Latin America,Chile,Electronics,USB-C Hub,Retail Store,Small Business,Sofia Kowalski,8,$58.20,$23.88,5%,$465.60,$23.28,$442.32,$191.04,$251.28,Credit Card,3.6,No
102845,2025-02-23,North America,United States,Health & Beauty,Skincare Set,Online,Consumer,Wei Dubois,8,$92.64,$50.43,0%,$741.12,$0.00,$741.12,$403.44,$337.68,Bank Transfer,3.8,No
102846,2025-02-23,North America,Canada,Office Supplies,Monitor Arm,Marketplace,Consumer,Sofia Kowalski,2,$27.38,$11.47,20%,$54.76,$10.95,$43.81,$22.94,$20.87,Credit Card,3.4,No
102847,2025-02-23,Europe,United Kingdom,Apparel,Yoga Pants,Online,Small Business,Fatima Ahmed,7,$39.13,$24.13,5%,$273.91,$13.70,$260.21,$168.91,$91.30,Debit Card,4.6,No
102848,2025-02-23,Asia Pacific,Japan,Health & Beauty,Massage Gun,Online,Consumer,Kenji Haddad,4,$10.58,$5.73,0%,$42.32,$0.00,$42.32,$22.92,$19.40,Credit Card,5.0,No
102849,2025-02-23,Latin America,Argentina,Electronics,Laptop Stand,Wholesale,Small Business,Sam Silva,4,$255.88,$103.10,0%,"$1,023.52",$0.00,"$1,023.52",$412.40,$611.12,Debit Card,3.3,No
102850,2025-02-23,Europe,Italy,Office Supplies,Ergonomic Chair,Wholesale,Consumer,Sam Silva,24,$287.85,$153.87,0%,"$6,908.40",$0.00,"$6,908.40","$3,692.88","$3,215.52",PayPal,4.6,No
102851,2025-02-23,Asia Pacific,China,Health & Beauty,Massage Gun,Marketplace,Small Business,Sam Silva,4,$40.27,$20.59,0%,$161.08,$0.00,$161.08,$82.36,$78.72,Cash,3.8,No
102852,2025-02-23,Europe,Netherlands,Apparel,Backpack,Retail Store,Consumer,Amara Costa,4,$59.42,$34.18,0%,$237.68,$0.00,$237.68,$136.72,$100.96,Credit Card,5.0,No
102853,2025-02-23,Europe,Netherlands,Office Supplies,Pen Set,Marketplace,Consumer,Taylor Patel,12,$65.96,$41.76,0%,$791.52,$0.00,$791.52,$501.12,$290.40,PayPal,5.0,No
102854,2025-02-23,North America,United States,Apparel,Wool Sweater,Retail Store,Consumer,Cameron Nakamura,4,$109.93,$60.78,0%,$439.72,$0.00,$439.72,$243.12,$196.60,Credit Card,3.8,Yes
102855,2025-02-23,North America,Canada,Home & Kitchen,Blender,Online,Small Business,Sam Silva,7,$143.35,$90.76,0%,"$1,003.45",$0.00,"$1,003.45",$635.32,$368.13,Bank Transfer,4.6,No
102856,2025-02-23,North America,Canada,Health & Beauty,Massage Gun,Retail Store,Consumer,Riley Muller,14,$52.35,$21.11,0%,$732.90,$0.00,$732.90,$295.54,$437.36,Debit Card,3.0,No
102857,2025-02-24,Europe,United Kingdom,Home & Kitchen,Coffee Maker,Online,Consumer,Sofia Kowalski,2,$36.79,$16.49,0%,$73.58,$0.00,$73.58,$32.98,$40.60,Credit Card,4.9,No
102858,2025-02-24,Asia Pacific,Australia,Electronics,Wireless Earbuds,Marketplace,Enterprise,Taylor Patel,5,$189.19,$86.35,0%,$945.95,$0.00,$945.95,$431.75,$514.20,Credit Card,3.8,No
102859,2025-02-24,Europe,Netherlands,Home & Kitchen,Toaster,Marketplace,Consumer,Riley Muller,6,$127.07,$64.83,0%,$762.42,$0.00,$762.42,$388.98,$373.44,Bank Transfer,3.6,No
102860,2025-02-24,Europe,United Kingdom,Office Supplies,Standing Desk,Online,Consumer,Cameron Nakamura,11,$118.33,$74.29,0%,"$1,301.63",$0.00,"$1,301.63",$817.19,$484.44,Credit Card,3.9,No
102861,2025-02-24,North America,Canada,Apparel,Yoga Pants,Online,Small Business,Priya Rossi,5,$43.35,$21.78,10%,$216.75,$21.68,$195.07,$108.90,$86.17,PayPal,4.1,No
102862,2025-02-24,North America,United States,Health & Beauty,Yoga Mat,Wholesale,Consumer,Drew Okafor,9,$34.22,$13.77,0%,$307.98,$0.00,$307.98,$123.93,$184.05,Debit Card,2.4,No
102863,2025-02-25,North America,United States,Electronics,Smartwatch,Retail Store,Small Business,Jamie Johansson,4,$47.03,$21.38,0%,$188.12,$0.00,$188.12,$85.52,$102.60,Credit Card,3.6,No
102864,2025-02-25,Latin America,Argentina,Home & Kitchen,Toaster,Retail Store,Consumer,Amara Costa,6,$152.74,$93.28,0%,$916.44,$0.00,$916.44,$559.68,$356.76,Credit Card,3.5,No
102865,2025-02-25,Europe,Spain,Office Supplies,Standing Desk,Online,Small Business,Taylor Patel,10,$327.14,$137.59,0%,"$3,271.40",$0.00,"$3,271.40","$1,375.90","$1,895.50",PayPal,4.8,Yes
102866,2025-02-25,Europe,France,Apparel,Denim Jacket,Online,Small Business,Priya Rossi,3,$56.33,$36.27,10%,$168.99,$16.90,$152.09,$108.81,$43.28,Cash,3.4,No
102867,2025-02-25,Europe,Italy,Office Supplies,Ergonomic Chair,Online,Small Business,Sofia Kowalski,3,$331.80,$151.74,0%,$995.40,$0.00,$995.40,$455.22,$540.18,Credit Card,2.6,No
102868,2025-02-25,North America,Canada,Electronics,USB-C Hub,Online,Small Business,Elena Lindqvist,13,$221.90,$99.39,0%,"$2,884.70",$0.00,"$2,884.70","$1,292.07","$1,592.63",Credit Card,3.7,No
102869,2025-02-25,Asia Pacific,South Korea,Health & Beauty,Massage Gun,Retail Store,Small Business,Taylor Patel,4,$27.85,$16.41,0%,$111.40,$0.00,$111.40,$65.64,$45.76,PayPal,4.3,No
102870,2025-02-25,North America,United States,Home & Kitchen,Blender,Online,Enterprise,Elena Lindqvist,19,$143.51,$93.18,0%,"$2,726.69",$0.00,"$2,726.69","$1,770.42",$956.27,PayPal,5.0,No
102871,2025-02-26,Latin America,Colombia,Home & Kitchen,Vacuum Cleaner,Online,Consumer,Sofia Kowalski,9,$129.10,$58.52,5%,"$1,161.90",$58.10,"$1,103.80",$526.68,$577.12,Bank Transfer,4.0,No
102872,2025-02-26,North America,United States,Home & Kitchen,Blender,Retail Store,Consumer,Alex Reyes,8,$194.79,$100.21,0%,"$1,558.32",$0.00,"$1,558.32",$801.68,$756.64,Credit Card,4.5,No
102873,2025-02-26,Asia Pacific,Singapore,Home & Kitchen,Cookware Set,Retail Store,Consumer,Taylor Patel,13,$157.68,$82.91,0%,"$2,049.84",$0.00,"$2,049.84","$1,077.83",$972.01,PayPal,4.0,No
102874,2025-02-27,North America,United States,Apparel,Sunglasses,Marketplace,Small Business,Lucas Novak,3,$58.02,$24.22,0%,$174.06,$0.00,$174.06,$72.66,$101.40,Debit Card,4.6,No
102875,2025-02-27,Asia Pacific,China,Apparel,Sunglasses,Marketplace,Consumer,Priya Rossi,8,$84.37,$52.42,10%,$674.96,$67.50,$607.46,$419.36,$188.10,Debit Card,3.5,No
102876,2025-02-27,Europe,Italy,Office Supplies,Desk Organizer,Online,Small Business,Amara Costa,17,$346.21,$178.41,0%,"$5,885.57",$0.00,"$5,885.57","$3,032.97","$2,852.60",Credit Card,3.6,No
102877,2025-02-27,Europe,France,Home & Kitchen,Vacuum Cleaner,Online,Consumer,Taylor Patel,7,$57.14,$36.41,0%,$399.98,$0.00,$399.98,$254.87,$145.11,Bank Transfer,3.0,No
102878,2025-02-27,Europe,Italy,Home & Kitchen,Cookware Set,Retail Store,Consumer,Jordan Chen,7,$198.22,$92.85,0%,"$1,387.54",$0.00,"$1,387.54",$649.95,$737.59,Bank Transfer,4.2,No
102879,2025-02-28,Asia Pacific,China,Home & Kitchen,Air Fryer,Online,Small Business,Cameron Nakamura,9,$79.63,$50.93,0%,$716.67,$0.00,$716.67,$458.37,$258.30,Bank Transfer,4.2,No
102880,2025-02-28,North America,United States,Office Supplies,Standing Desk,Marketplace,Consumer,Wei Dubois,10,$388.08,$164.14,0%,"$3,880.80",$0.00,"$3,880.80","$1,641.40","$2,239.40",Credit Card,5.0,No
102881,2025-02-28,North America,Mexico,Home & Kitchen,Cookware Set,Marketplace,Consumer,Jordan Chen,12,$114.69,$62.54,0%,"$1,376.28",$0.00,"$1,376.28",$750.48,$625.80,Debit Card,3.1,No
102882,2025-02-28,Latin America,Argentina,Office Supplies,Notebook Set,Online,Consumer,Drew Okafor,7,$237.01,$152.70,0%,"$1,659.07",$0.00,"$1,659.07","$1,068.90",$590.17,Credit Card,4.4,No
102883,2025-02-28,North America,United States,Electronics,Laptop Stand,Marketplace,Enterprise,Sam Silva,4,$105.59,$63.15,0%,$422.36,$0.00,$422.36,$252.60,$169.76,Credit Card,4.0,Yes
102884,2025-02-28,Asia Pacific,Singapore,Health & Beauty,Skincare Set,Wholesale,Consumer,Amara Costa,18,$176.53,$91.99,0%,"$3,177.54",$0.00,"$3,177.54","$1,655.82","$1,521.72",Credit Card,4.8,No
102885,2025-02-28,North America,Mexico,Apparel,Yoga Pants,Marketplace,Consumer,Wei Dubois,8,$47.65,$20.82,15%,$381.20,$57.18,$324.02,$166.56,$157.46,Bank Transfer,3.9,No
102886,2025-02-28,Latin America,Colombia,Apparel,Sunglasses,Retail Store,Consumer,Priya Rossi,7,$53.40,$31.59,0%,$373.80,$0.00,$373.80,$221.13,$152.67,Bank Transfer,3.7,No
102887,2025-02-28,Asia Pacific,India,Home & Kitchen,Vacuum Cleaner,Retail Store,Consumer,Sofia Kowalski,5,$100.40,$58.81,20%,$502.00,$100.40,$401.60,$294.05,$107.55,Debit Card,3.6,No
102888,2025-03-01,North America,Canada,Office Supplies,Ergonomic Chair,Marketplace,Consumer,Sofia Kowalski,3,$16.35,$9.34,0%,$49.05,$0.00,$49.05,$28.02,$21.03,Credit Card,5.0,No
102889,2025-03-01,Europe,Netherlands,Apparel,Sunglasses,Marketplace,Small Business,Wei Dubois,8,$44.61,$27.39,0%,$356.88,$0.00,$356.88,$219.12,$137.76,Credit Card,4.2,No
102890,2025-03-01,Europe,United Kingdom,Electronics,Wireless Earbuds,Online,Consumer,Drew Okafor,3,$89.86,$43.67,5%,$269.58,$13.48,$256.10,$131.01,$125.09,Cash,4.8,No
102891,2025-03-01,Europe,France,Electronics,USB-C Hub,Online,Small Business,Taylor Patel,10,$29.00,$17.74,0%,$290.00,$0.00,$290.00,$177.40,$112.60,Credit Card,4.8,No
102892,2025-03-01,Asia Pacific,South Korea,Office Supplies,Standing Desk,Online,Consumer,Kenji Haddad,21,$356.24,$215.09,0%,"$7,481.04",$0.00,"$7,481.04","$4,516.89","$2,964.15",Credit Card,4.4,No
102893,2025-03-01,Asia Pacific,Japan,Electronics,Laptop Stand,Online,Consumer,Riley Muller,2,$202.96,$97.23,0%,$405.92,$0.00,$405.92,$194.46,$211.46,Credit Card,3.7,No
102894,2025-03-02,North America,Canada,Apparel,Denim Jacket,Retail Store,Consumer,Amara Costa,14,$30.77,$16.34,10%,$430.78,$43.08,$387.70,$228.76,$158.94,Bank Transfer,3.3,No
102895,2025-03-02,Asia Pacific,Japan,Office Supplies,Monitor Arm,Marketplace,Small Business,Kenji Haddad,3,$151.00,$75.90,0%,$453.00,$0.00,$453.00,$227.70,$225.30,PayPal,4.6,No
102896,2025-03-02,Latin America,Brazil,Health & Beauty,Massage Gun,Online,Small Business,Casey Garcia,4,$103.17,$46.38,0%,$412.68,$0.00,$412.68,$185.52,$227.16,PayPal,4.0,No
102897,2025-03-02,Europe,Italy,Office Supplies,Monitor Arm,Online,Small Business,Amara Costa,20,$230.61,$115.08,0%,"$4,612.20",$0.00,"$4,612.20","$2,301.60","$2,310.60",Credit Card,5.0,No
102898,2025-03-02,Europe,Germany,Apparel,Wool Sweater,Online,Enterprise,Wei Dubois,7,$47.85,$26.81,0%,$334.95,$0.00,$334.95,$187.67,$147.28,Credit Card,3.8,No
102899,2025-03-02,Asia Pacific,India,Electronics,Bluetooth Speaker,Retail Store,Consumer,Noah Santos,1,$66.64,$29.09,0%,$66.64,$0.00,$66.64,$29.09,$37.55,PayPal,4.4,No
102900,2025-03-02,North America,Mexico,Home & Kitchen,Cookware Set,Retail Store,Small Business,Alex Reyes,8,$181.44,$116.55,0%,"$1,451.52",$0.00,"$1,451.52",$932.40,$519.12,Credit Card,4.3,Yes
102901,2025-03-03,North America,United States,Electronics,USB-C Hub,Online,Consumer,Cameron Nakamura,2,$156.33,$77.24,0%,$312.66,$0.00,$312.66,$154.48,$158.18,PayPal,4.8,No
102902,2025-03-03,Latin America,Colombia,Apparel,Backpack,Marketplace,Enterprise,Noah Santos,5,$80.18,$45.93,0%,$400.90,$0.00,$400.90,$229.65,$171.25,PayPal,4.0,No
102903,2025-03-03,Europe,Netherlands,Apparel,Wool Sweater,Online,Consumer,Elena Lindqvist,17,$97.41,$41.48,5%,"$1,655.97",$82.80,"$1,573.17",$705.16,$868.01,PayPal,4.8,No
102904,2025-03-03,Asia Pacific,South Korea,Home & Kitchen,Air Fryer,Online,Enterprise,Diego Weber,13,$44.72,$19.69,0%,$581.36,$0.00,$581.36,$255.97,$325.39,Credit Card,5.0,No
102905,2025-03-03,North America,Canada,Electronics,USB-C Hub,Wholesale,Consumer,Cameron Nakamura,7,$47.30,$21.69,10%,$331.10,$33.11,$297.99,$151.83,$146.16,Credit Card,4.1,No
102906,2025-03-03,Europe,Italy,Health & Beauty,Fitness Tracker,Online,Consumer,Fatima Ahmed,13,$21.42,$12.53,0%,$278.46,$0.00,$278.46,$162.89,$115.57,Credit Card,4.9,No
102907,2025-03-03,Asia Pacific,India,Apparel,Yoga Pants,Marketplace,Consumer,Fatima Ahmed,4,$96.97,$42.56,0%,$387.88,$0.00,$387.88,$170.24,$217.64,Credit Card,3.7,No
102908,2025-03-04,Europe,Italy,Home & Kitchen,Cookware Set,Retail Store,Consumer,Sam Silva,3,$134.22,$75.60,0%,$402.66,$0.00,$402.66,$226.80,$175.86,PayPal,4.0,No
102909,2025-03-04,Middle East & Africa,Saudi Arabia,Office Supplies,Desk Organizer,Online,Consumer,Drew Okafor,4,$326.40,$189.34,10%,"$1,305.60",$130.56,"$1,175.04",$757.36,$417.68,Credit Card,4.8,No
102910,2025-03-04,Europe,United Kingdom,Electronics,Power Bank,Online,Consumer,Wei Dubois,9,$322.78,$186.26,0%,"$2,905.02",$0.00,"$2,905.02","$1,676.34","$1,228.68",Credit Card,3.4,No
102911,2025-03-04,Middle East & Africa,South Africa,Electronics,Smartwatch,Wholesale,Consumer,Sam Silva,21,$227.47,$124.97,15%,"$4,776.87",$716.53,"$4,060.34","$2,624.37","$1,435.97",Debit Card,3.0,No
102912,2025-03-04,Latin America,Chile,Electronics,Smartwatch,Retail Store,Consumer,Priya Rossi,7,$201.80,$97.19,10%,"$1,412.60",$141.26,"$1,271.34",$680.33,$591.01,Credit Card,4.4,No
102913,2025-03-04,Europe,United Kingdom,Electronics,Laptop Stand,Online,Consumer,Alex Reyes,6,$347.45,$170.36,0%,"$2,084.70",$0.00,"$2,084.70","$1,022.16","$1,062.54",PayPal,4.1,No
102914,2025-03-05,North America,Mexico,Apparel,Denim Jacket,Wholesale,Consumer,Fatima Ahmed,10,$64.71,$39.45,5%,$647.10,$32.36,$614.74,$394.50,$220.24,Credit Card,3.8,Yes
102915,2025-03-05,Latin America,Brazil,Office Supplies,Desk Organizer,Online,Small Business,Jordan Chen,15,$381.09,$224.80,0%,"$5,716.35",$0.00,"$5,716.35","$3,372.00","$2,344.35",Credit Card,2.7,No
102916,2025-03-05,Asia Pacific,India,Office Supplies,Desk Organizer,Marketplace,Consumer,Cameron Nakamura,10,$151.90,$81.05,0%,"$1,519.00",$0.00,"$1,519.00",$810.50,$708.50,Credit Card,3.8,No
102917,2025-03-05,North America,Canada,Home & Kitchen,Toaster,Marketplace,Consumer,Drew Okafor,9,$184.71,$104.49,0%,"$1,662.39",$0.00,"$1,662.39",$940.41,$721.98,Credit Card,3.3,No
102918,2025-03-06,Europe,Spain,Apparel,Yoga Pants,Online,Consumer,Cameron Nakamura,10,$120.42,$72.66,0%,"$1,204.20",$0.00,"$1,204.20",$726.60,$477.60,PayPal,3.8,No
102919,2025-03-06,North America,Canada,Health & Beauty,Electric Toothbrush,Marketplace,Consumer,Alex Reyes,2,$66.42,$36.90,0%,$132.84,$0.00,$132.84,$73.80,$59.04,PayPal,4.1,No
102920,2025-03-06,Middle East & Africa,Nigeria,Home & Kitchen,Toaster,Retail Store,Consumer,Jordan Chen,13,$196.60,$107.41,0%,"$2,555.80",$0.00,"$2,555.80","$1,396.33","$1,159.47",PayPal,4.1,No
102921,2025-03-06,Europe,United Kingdom,Electronics,Wireless Earbuds,Online,Enterprise,Sam Silva,12,$70.89,$35.39,10%,$850.68,$85.07,$765.61,$424.68,$340.93,Credit Card,3.6,No
102922,2025-03-06,Asia Pacific,Australia,Apparel,Backpack,Marketplace,Small Business,Sam Silva,4,$46.46,$21.92,0%,$185.84,$0.00,$185.84,$87.68,$98.16,PayPal,2.7,No
102923,2025-03-07,Europe,Germany,Electronics,USB-C Hub,Retail Store,Consumer,Cameron Nakamura,3,$326.19,$182.91,0%,$978.57,$0.00,$978.57,$548.73,$429.84,Debit Card,4.3,No
102924,2025-03-07,North America,Canada,Electronics,Smartwatch,Retail Store,Consumer,Fatima Ahmed,4,$230.53,$126.03,15%,$922.12,$138.32,$783.80,$504.12,$279.68,Credit Card,4.8,No
102925,2025-03-07,Europe,United Kingdom,Electronics,Wireless Earbuds,Retail Store,Consumer,Riley Muller,8,$137.74,$80.87,0%,"$1,101.92",$0.00,"$1,101.92",$646.96,$454.96,PayPal,4.1,Yes
102926,2025-03-07,Europe,Germany,Apparel,Sunglasses,Retail Store,Consumer,Cameron Nakamura,15,$131.86,$58.87,0%,"$1,977.90",$0.00,"$1,977.90",$883.05,"$1,094.85",Bank Transfer,3.7,No
102927,2025-03-07,North America,Canada,Electronics,Bluetooth Speaker,Wholesale,Consumer,Jordan Chen,5,$252.54,$129.51,0%,"$1,262.70",$0.00,"$1,262.70",$647.55,$615.15,Credit Card,4.1,No
102928,2025-03-07,North America,Canada,Home & Kitchen,Air Fryer,Online,Consumer,Sam Silva,3,$74.39,$32.91,0%,$223.17,$0.00,$223.17,$98.73,$124.44,Credit Card,3.8,No
102929,2025-03-08,North America,Canada,Health & Beauty,Yoga Mat,Online,Consumer,Alex Reyes,6,$120.66,$73.31,5%,$723.96,$36.20,$687.76,$439.86,$247.90,PayPal,4.5,No
102930,2025-03-08,Europe,Italy,Health & Beauty,Skincare Set,Retail Store,Consumer,Jordan Chen,14,$110.25,$54.57,5%,"$1,543.50",$77.18,"$1,466.32",$763.98,$702.34,Debit Card,4.3,No
102931,2025-03-08,Europe,Spain,Health & Beauty,Massage Gun,Online,Small Business,Casey Garcia,3,$139.74,$87.85,0%,$419.22,$0.00,$419.22,$263.55,$155.67,Debit Card,4.2,No
102932,2025-03-09,Europe,France,Health & Beauty,Massage Gun,Online,Consumer,Elena Lindqvist,9,$33.46,$21.03,0%,$301.14,$0.00,$301.14,$189.27,$111.87,Bank Transfer,4.2,No
102933,2025-03-09,North America,Mexico,Home & Kitchen,Air Fryer,Wholesale,Enterprise,Elena Lindqvist,20,$137.94,$72.58,10%,"$2,758.80",$275.88,"$2,482.92","$1,451.60","$1,031.32",Credit Card,4.4,No
102934,2025-03-09,North America,Canada,Electronics,Laptop Stand,Retail Store,Consumer,Riley Muller,8,$91.68,$53.89,10%,$733.44,$73.34,$660.10,$431.12,$228.98,Debit Card,4.0,No
102935,2025-03-09,Europe,France,Apparel,Sunglasses,Retail Store,Enterprise,Jamie Johansson,3,$130.40,$84.18,0%,$391.20,$0.00,$391.20,$252.54,$138.66,Credit Card,4.0,No
102936,2025-03-09,Asia Pacific,China,Office Supplies,Desk Organizer,Online,Small Business,Riley Muller,4,$44.40,$27.03,15%,$177.60,$26.64,$150.96,$108.12,$42.84,PayPal,5.0,No
102937,2025-03-10,Latin America,Brazil,Home & Kitchen,Air Fryer,Retail Store,Consumer,Sam Silva,12,$187.83,$88.81,15%,"$2,253.96",$338.09,"$1,915.87","$1,065.72",$850.15,Credit Card,4.4,No
102938,2025-03-10,Middle East & Africa,UAE,Health & Beauty,Skincare Set,Marketplace,Consumer,Jamie Johansson,4,$176.21,$102.88,0%,$704.84,$0.00,$704.84,$411.52,$293.32,PayPal,5.0,No
102939,2025-03-10,Europe,United Kingdom,Electronics,Wireless Earbuds,Online,Consumer,Jamie Johansson,5,$318.73,$168.59,0%,"$1,593.65",$0.00,"$1,593.65",$842.95,$750.70,Credit Card,5.0,No
102940,2025-03-10,North America,Canada,Electronics,Bluetooth Speaker,Retail Store,Enterprise,Jamie Johansson,14,$275.59,$135.91,0%,"$3,858.26",$0.00,"$3,858.26","$1,902.74","$1,955.52",Credit Card,4.4,No
102941,2025-03-10,Asia Pacific,Australia,Home & Kitchen,Air Fryer,Wholesale,Small Business,Jamie Johansson,5,$34.59,$14.91,10%,$172.95,$17.29,$155.66,$74.55,$81.11,Credit Card,2.7,No
102942,2025-03-10,Latin America,Chile,Apparel,Wool Sweater,Marketplace,Consumer,Kenji Haddad,2,$24.10,$14.08,0%,$48.20,$0.00,$48.20,$28.16,$20.04,Credit Card,5.0,No
102943,2025-03-10,Asia Pacific,India,Electronics,Wireless Earbuds,Marketplace,Small Business,Cameron Nakamura,10,$175.79,$93.92,0%,"$1,757.90",$0.00,"$1,757.90",$939.20,$818.70,Credit Card,4.5,No
102944,2025-03-10,Europe,Italy,Office Supplies,Desk Organizer,Online,Consumer,Wei Dubois,2,$51.24,$29.87,5%,$102.48,$5.12,$97.36,$59.74,$37.62,PayPal,4.4,No
102945,2025-03-10,Latin America,Brazil,Home & Kitchen,Vacuum Cleaner,Online,Consumer,Priya Rossi,4,$75.99,$32.48,0%,$303.96,$0.00,$303.96,$129.92,$174.04,PayPal,4.3,No
102946,2025-03-10,Asia Pacific,South Korea,Apparel,Sunglasses,Wholesale,Consumer,Noah Santos,5,$25.12,$13.93,10%,$125.60,$12.56,$113.04,$69.65,$43.39,Credit Card,3.6,No
102947,2025-03-10,North America,United States,Home & Kitchen,Cookware Set,Online,Consumer,Riley Muller,1,$95.59,$52.42,0%,$95.59,$0.00,$95.59,$52.42,$43.17,Bank Transfer,4.0,Yes
102948,2025-03-11,Europe,Italy,Electronics,Smartwatch,Retail Store,Small Business,Fatima Ahmed,14,$241.84,$146.18,10%,"$3,385.76",$338.58,"$3,047.18","$2,046.52","$1,000.66",Credit Card,4.5,No
102949,2025-03-11,Europe,Germany,Electronics,Power Bank,Wholesale,Consumer,Elena Lindqvist,5,$223.69,$110.85,0%,"$1,118.45",$0.00,"$1,118.45",$554.25,$564.20,Debit Card,4.2,No
102950,2025-03-11,Europe,Netherlands,Office Supplies,Standing Desk,Online,Consumer,Casey Garcia,9,$297.57,$147.18,5%,"$2,678.13",$133.91,"$2,544.22","$1,324.62","$1,219.60",Bank Transfer,3.1,No
102951,2025-03-11,Latin America,Chile,Apparel,Running Shoes,Retail Store,Consumer,Fatima Ahmed,13,$139.16,$90.08,5%,"$1,809.08",$90.45,"$1,718.63","$1,171.04",$547.59,Credit Card,3.1,No
102952,2025-03-11,Europe,Netherlands,Apparel,Sunglasses,Retail Store,Enterprise,Alex Reyes,7,$107.85,$58.25,0%,$754.95,$0.00,$754.95,$407.75,$347.20,Debit Card,4.0,No
102953,2025-03-11,Latin America,Chile,Office Supplies,Standing Desk,Retail Store,Consumer,Priya Rossi,3,$95.30,$50.65,0%,$285.90,$0.00,$285.90,$151.95,$133.95,Debit Card,2.8,No
102954,2025-03-11,Latin America,Brazil,Office Supplies,Pen Set,Online,Consumer,Sam Silva,3,$143.98,$80.89,0%,$431.94,$0.00,$431.94,$242.67,$189.27,Credit Card,3.4,Yes
102955,2025-03-11,North America,Mexico,Health & Beauty,Hair Dryer,Online,Small Business,Wei Dubois,15,$76.57,$36.81,0%,"$1,148.55",$0.00,"$1,148.55",$552.15,$596.40,Credit Card,3.5,No
102956,2025-03-11,North America,United States,Office Supplies,Desk Organizer,Online,Consumer,Noah Santos,9,$323.81,$208.07,0%,"$2,914.29",$0.00,"$2,914.29","$1,872.63","$1,041.66",PayPal,5.0,No
102957,2025-03-12,Asia Pacific,South Korea,Home & Kitchen,Coffee Maker,Online,Small Business,Cameron Nakamura,6,$115.27,$49.56,10%,$691.62,$69.16,$622.46,$297.36,$325.10,Bank Transfer,3.7,No
102958,2025-03-12,North America,Mexico,Apparel,Wool Sweater,Wholesale,Consumer,Sofia Kowalski,6,$97.22,$50.44,10%,$583.32,$58.33,$524.99,$302.64,$222.35,PayPal,4.6,No
102959,2025-03-12,Europe,United Kingdom,Home & Kitchen,Cookware Set,Marketplace,Consumer,Noah Santos,14,$71.56,$35.00,0%,"$1,001.84",$0.00,"$1,001.84",$490.00,$511.84,Credit Card,4.4,No
102960,2025-03-12,Europe,United Kingdom,Office Supplies,Ergonomic Chair,Online,Consumer,Riley Muller,6,$381.39,$219.36,0%,"$2,288.34",$0.00,"$2,288.34","$1,316.16",$972.18,Bank Transfer,4.4,No
102961,2025-03-12,North America,Mexico,Apparel,Wool Sweater,Online,Consumer,Kenji Haddad,16,$107.71,$53.62,0%,"$1,723.36",$0.00,"$1,723.36",$857.92,$865.44,PayPal,4.0,No
102962,2025-03-12,Latin America,Chile,Health & Beauty,Massage Gun,Online,Consumer,Amara Costa,12,$66.99,$28.15,0%,$803.88,$0.00,$803.88,$337.80,$466.08,Credit Card,5.0,No
102963,2025-03-12,North America,United States,Health & Beauty,Hair Dryer,Retail Store,Consumer,Fatima Ahmed,11,$48.14,$22.96,0%,$529.54,$0.00,$529.54,$252.56,$276.98,Bank Transfer,3.7,No
102964,2025-03-13,North America,Canada,Electronics,Smartwatch,Retail Store,Consumer,Elena Lindqvist,12,$41.36,$22.67,0%,$496.32,$0.00,$496.32,$272.04,$224.28,PayPal,3.7,No
102965,2025-03-13,Asia Pacific,South Korea,Apparel,Yoga Pants,Wholesale,Small Business,Fatima Ahmed,12,$106.55,$47.58,0%,"$1,278.60",$0.00,"$1,278.60",$570.96,$707.64,Credit Card,2.9,No
102966,2025-03-13,North America,Mexico,Apparel,Running Shoes,Wholesale,Small Business,Amara Costa,6,$35.10,$18.79,0%,$210.60,$0.00,$210.60,$112.74,$97.86,Credit Card,4.8,Yes
102967,2025-03-13,Latin America,Colombia,Health & Beauty,Hair Dryer,Marketplace,Consumer,Sofia Kowalski,12,$135.90,$58.39,0%,"$1,630.80",$0.00,"$1,630.80",$700.68,$930.12,Debit Card,3.5,No
102968,2025-03-13,Asia Pacific,Japan,Health & Beauty,Electric Toothbrush,Retail Store,Consumer,Casey Garcia,10,$176.76,$105.26,0%,"$1,767.60",$0.00,"$1,767.60","$1,052.60",$715.00,Credit Card,5.0,No
102969,2025-03-13,Europe,France,Office Supplies,Pen Set,Retail Store,Small Business,Lucas Novak,10,$73.07,$42.40,5%,$730.70,$36.54,$694.16,$424.00,$270.16,Credit Card,3.3,No
102970,2025-03-13,Europe,Spain,Office Supplies,Desk Organizer,Online,Consumer,Kenji Haddad,12,$279.22,$114.18,0%,"$3,350.64",$0.00,"$3,350.64","$1,370.16","$1,980.48",Credit Card,4.3,No
102971,2025-03-13,Europe,Italy,Electronics,Power Bank,Marketplace,Enterprise,Taylor Patel,1,$74.35,$35.83,0%,$74.35,$0.00,$74.35,$35.83,$38.52,Cash,4.2,No
102972,2025-03-14,North America,United States,Health & Beauty,Skincare Set,Online,Small Business,Casey Garcia,9,$149.40,$78.42,0%,"$1,344.60",$0.00,"$1,344.60",$705.78,$638.82,Debit Card,4.9,Yes
102973,2025-03-14,North America,United States,Health & Beauty,Hair Dryer,Online,Small Business,Morgan Kim,19,$21.44,$12.88,15%,$407.36,$61.10,$346.26,$244.72,$101.54,Credit Card,5.0,No
102974,2025-03-14,Europe,Netherlands,Home & Kitchen,Vacuum Cleaner,Online,Consumer,Riley Muller,5,$128.06,$56.66,10%,$640.30,$64.03,$576.27,$283.30,$292.97,Bank Transfer,3.1,Yes
102975,2025-03-14,North America,United States,Health & Beauty,Hair Dryer,Wholesale,Small Business,Jordan Chen,11,$125.58,$78.42,0%,"$1,381.38",$0.00,"$1,381.38",$862.62,$518.76,Bank Transfer,3.6,No
102976,2025-03-15,Europe,United Kingdom,Health & Beauty,Electric Toothbrush,Retail Store,Enterprise,Wei Dubois,3,$100.02,$60.85,10%,$300.06,$30.01,$270.05,$182.55,$87.50,Credit Card,4.5,No
102977,2025-03-15,Latin America,Colombia,Office Supplies,Pen Set,Marketplace,Small Business,Wei Dubois,11,$36.82,$21.65,0%,$405.02,$0.00,$405.02,$238.15,$166.87,Debit Card,4.4,No
102978,2025-03-15,Europe,France,Home & Kitchen,Blender,Wholesale,Consumer,Alex Reyes,13,$92.89,$48.72,20%,"$1,207.57",$241.51,$966.06,$633.36,$332.70,Credit Card,4.6,No
102979,2025-03-15,Latin America,Colombia,Office Supplies,Standing Desk,Online,Enterprise,Taylor Patel,5,$111.18,$49.67,0%,$555.90,$0.00,$555.90,$248.35,$307.55,Bank Transfer,4.6,No
102980,2025-03-15,Latin America,Argentina,Health & Beauty,Electric Toothbrush,Online,Small Business,Priya Rossi,1,$36.34,$17.33,0%,$36.34,$0.00,$36.34,$17.33,$19.01,Bank Transfer,3.8,No
102981,2025-03-16,Asia Pacific,Japan,Apparel,Sunglasses,Marketplace,Consumer,Amara Costa,15,$53.12,$23.17,5%,$796.80,$39.84,$756.96,$347.55,$409.41,Debit Card,5.0,Yes
102982,2025-03-16,Europe,Netherlands,Office Supplies,Monitor Arm,Online,Consumer,Diego Weber,5,$365.60,$172.00,20%,"$1,828.00",$365.60,"$1,462.40",$860.00,$602.40,Debit Card,4.8,No
102983,2025-03-16,Asia Pacific,India,Apparel,Denim Jacket,Online,Small Business,Casey Garcia,7,$81.60,$48.95,0%,$571.20,$0.00,$571.20,$342.65,$228.55,PayPal,4.3,No
102984,2025-03-16,North America,Canada,Health & Beauty,Electric Toothbrush,Online,Consumer,Kenji Haddad,4,$45.65,$20.10,0%,$182.60,$0.00,$182.60,$80.40,$102.20,PayPal,4.5,No
102985,2025-03-16,Asia Pacific,Japan,Office Supplies,Standing Desk,Online,Consumer,Jordan Chen,13,$284.93,$141.58,10%,"$3,704.09",$370.41,"$3,333.68","$1,840.54","$1,493.14",Credit Card,5.0,No
102986,2025-03-16,Europe,United Kingdom,Health & Beauty,Yoga Mat,Online,Consumer,Amara Costa,7,$149.23,$95.92,10%,"$1,044.61",$104.46,$940.15,$671.44,$268.71,Credit Card,3.7,No
102987,2025-03-16,Middle East & Africa,UAE,Office Supplies,Standing Desk,Online,Consumer,Alex Reyes,2,$46.72,$22.16,5%,$93.44,$4.67,$88.77,$44.32,$44.45,Credit Card,3.7,No
102988,2025-03-16,Latin America,Chile,Health & Beauty,Yoga Mat,Marketplace,Small Business,Cameron Nakamura,15,$149.30,$74.39,0%,"$2,239.50",$0.00,"$2,239.50","$1,115.85","$1,123.65",Cash,3.9,No
102989,2025-03-17,North America,Canada,Office Supplies,Desk Organizer,Online,Consumer,Drew Okafor,6,$142.10,$78.79,0%,$852.60,$0.00,$852.60,$472.74,$379.86,PayPal,4.6,No
102990,2025-03-17,Asia Pacific,Australia,Electronics,USB-C Hub,Online,Consumer,Priya Rossi,3,$245.43,$121.93,5%,$736.29,$36.81,$699.48,$365.79,$333.69,Debit Card,5.0,No
102991,2025-03-17,North America,Canada,Health & Beauty,Electric Toothbrush,Retail Store,Small Business,Riley Muller,4,$38.92,$17.63,10%,$155.68,$15.57,$140.11,$70.52,$69.59,Credit Card,3.8,No
102992,2025-03-17,North America,Mexico,Office Supplies,Notebook Set,Online,Consumer,Elena Lindqvist,2,$254.12,$134.68,0%,$508.24,$0.00,$508.24,$269.36,$238.88,Credit Card,3.6,No
102993,2025-03-17,North America,Canada,Health & Beauty,Hair Dryer,Retail Store,Consumer,Priya Rossi,12,$38.39,$23.88,0%,$460.68,$0.00,$460.68,$286.56,$174.12,Credit Card,4.3,No
102994,2025-03-17,Asia Pacific,India,Home & Kitchen,Vacuum Cleaner,Retail Store,Small Business,Amara Costa,3,$36.81,$15.43,0%,$110.43,$0.00,$110.43,$46.29,$64.14,Debit Card,4.6,No
102995,2025-03-17,Asia Pacific,China,Home & Kitchen,Blender,Online,Consumer,Sam Silva,3,$197.38,$102.76,0%,$592.14,$0.00,$592.14,$308.28,$283.86,Debit Card,5.0,No
102996,2025-03-17,Europe,France,Apparel,Backpack,Wholesale,Enterprise,Morgan Kim,11,$36.82,$16.97,0%,$405.02,$0.00,$405.02,$186.67,$218.35,Cash,5.0,No
102997,2025-03-18,North America,Mexico,Apparel,Denim Jacket,Retail Store,Consumer,Riley Muller,1,$115.84,$73.90,5%,$115.84,$5.79,$110.05,$73.90,$36.15,Credit Card,3.0,No
102998,2025-03-18,Middle East & Africa,Nigeria,Health & Beauty,Yoga Mat,Retail Store,Consumer,Elena Lindqvist,10,$87.18,$53.30,0%,$871.80,$0.00,$871.80,$533.00,$338.80,Debit Card,3.7,No
102999,2025-03-18,Europe,United Kingdom,Office Supplies,Ergonomic Chair,Online,Consumer,Alex Reyes,18,$174.76,$103.01,0%,"$3,145.68",$0.00,"$3,145.68","$1,854.18","$1,291.50",Cash,4.3,Yes
103000,2025-03-18,Europe,United Kingdom,Health & Beauty,Fitness Tracker,Retail Store,Consumer,Wei Dubois,14,$106.66,$52.02,0%,"$1,493.24",$0.00,"$1,493.24",$728.28,$764.96,PayPal,3.5,No
103001,2025-03-18,North America,Mexico,Home & Kitchen,Blender,Retail Store,Small Business,Cameron Nakamura,4,$219.49,$110.61,15%,$877.96,$131.69,$746.27,$442.44,$303.83,Credit Card,4.0,No
103002,2025-03-18,North America,Mexico,Electronics,Bluetooth Speaker,Marketplace,Consumer,Sam Silva,18,$58.92,$38.15,0%,"$1,060.56",$0.00,"$1,060.56",$686.70,$373.86,Debit Card,1.7,No
103003,2025-03-18,Asia Pacific,India,Apparel,Denim Jacket,Retail Store,Consumer,Amara Costa,8,$124.03,$52.25,0%,$992.24,$0.00,$992.24,$418.00,$574.24,Debit Card,4.6,No
103004,2025-03-18,Europe,Germany,Office Supplies,Ergonomic Chair,Retail Store,Small Business,Jamie Johansson,11,$246.85,$158.11,0%,"$2,715.35",$0.00,"$2,715.35","$1,739.21",$976.14,Bank Transfer,4.4,No
103005,2025-03-18,Latin America,Chile,Home & Kitchen,Vacuum Cleaner,Marketplace,Consumer,Jordan Chen,11,$176.96,$80.67,0%,"$1,946.56",$0.00,"$1,946.56",$887.37,"$1,059.19",Credit Card,4.4,No
103006,2025-03-19,North America,Canada,Office Supplies,Pen Set,Online,Small Business,Fatima Ahmed,6,$94.00,$54.43,10%,$564.00,$56.40,$507.60,$326.58,$181.02,Debit Card,4.7,No
103007,2025-03-19,North America,United States,Home & Kitchen,Toaster,Online,Consumer,Noah Santos,10,$78.37,$36.60,0%,$783.70,$0.00,$783.70,$366.00,$417.70,Debit Card,5.0,No
103008,2025-03-19,Europe,Netherlands,Electronics,Power Bank,Marketplace,Consumer,Kenji Haddad,4,$175.73,$105.77,0%,$702.92,$0.00,$702.92,$423.08,$279.84,Debit Card,4.0,Yes
103009,2025-03-20,North America,United States,Office Supplies,Monitor Arm,Online,Consumer,Elena Lindqvist,11,$43.18,$19.85,10%,$474.98,$47.50,$427.48,$218.35,$209.13,PayPal,2.9,No
103010,2025-03-20,North America,Mexico,Electronics,Smartwatch,Online,Consumer,Casey Garcia,22,$223.21,$98.75,10%,"$4,910.62",$491.06,"$4,419.56","$2,172.50","$2,247.06",Credit Card,4.2,No
103011,2025-03-20,North America,Mexico,Electronics,Wireless Earbuds,Marketplace,Consumer,Morgan Kim,7,$287.25,$118.20,0%,"$2,010.75",$0.00,"$2,010.75",$827.40,"$1,183.35",Credit Card,3.9,No
103012,2025-03-20,North America,United States,Health & Beauty,Yoga Mat,Wholesale,Consumer,Diego Weber,3,$80.67,$38.38,0%,$242.01,$0.00,$242.01,$115.14,$126.87,Cash,5.0,No
103013,2025-03-20,North America,Canada,Home & Kitchen,Vacuum Cleaner,Online,Small Business,Diego Weber,4,$78.03,$48.99,5%,$312.12,$15.61,$296.51,$195.96,$100.55,Debit Card,5.0,No
103014,2025-03-20,North America,United States,Electronics,Power Bank,Online,Consumer,Jordan Chen,2,$321.12,$138.07,0%,$642.24,$0.00,$642.24,$276.14,$366.10,PayPal,3.5,Yes
103015,2025-03-20,North America,Mexico,Health & Beauty,Electric Toothbrush,Online,Consumer,Sofia Kowalski,4,$110.92,$45.44,0%,$443.68,$0.00,$443.68,$181.76,$261.92,Cash,4.7,No
103016,2025-03-20,North America,United States,Home & Kitchen,Vacuum Cleaner,Online,Consumer,Casey Garcia,9,$189.56,$89.59,15%,"$1,706.04",$255.91,"$1,450.13",$806.31,$643.82,Bank Transfer,3.6,No
103017,2025-03-20,Asia Pacific,Australia,Office Supplies,Notebook Set,Retail Store,Consumer,Noah Santos,8,$62.40,$27.07,0%,$499.20,$0.00,$499.20,$216.56,$282.64,Credit Card,3.7,No
103018,2025-03-21,North America,Mexico,Office Supplies,Pen Set,Online,Consumer,Priya Rossi,7,$124.39,$71.26,0%,$870.73,$0.00,$870.73,$498.82,$371.91,PayPal,4.1,No
103019,2025-03-21,Europe,Netherlands,Apparel,Yoga Pants,Online,Small Business,Taylor Patel,6,$89.88,$43.83,0%,$539.28,$0.00,$539.28,$262.98,$276.30,Cash,4.4,No
103020,2025-03-21,Asia Pacific,Singapore,Electronics,Power Bank,Online,Consumer,Elena Lindqvist,13,$332.55,$170.26,10%,"$4,323.15",$432.32,"$3,890.83","$2,213.38","$1,677.45",Credit Card,3.5,Yes
103021,2025-03-21,Asia Pacific,Singapore,Office Supplies,Pen Set,Online,Small Business,Alex Reyes,12,$116.18,$52.72,0%,"$1,394.16",$0.00,"$1,394.16",$632.64,$761.52,Cash,4.4,No
103022,2025-03-21,Asia Pacific,China,Office Supplies,Monitor Arm,Retail Store,Consumer,Kenji Haddad,8,$234.15,$134.04,0%,"$1,873.20",$0.00,"$1,873.20","$1,072.32",$800.88,Debit Card,4.3,No
103023,2025-03-21,Latin America,Chile,Apparel,Sunglasses,Marketplace,Consumer,Kenji Haddad,9,$85.57,$51.86,0%,$770.13,$0.00,$770.13,$466.74,$303.39,PayPal,4.9,No
103024,2025-03-22,Europe,Italy,Electronics,Smartwatch,Online,Small Business,Cameron Nakamura,3,$197.61,$99.42,0%,$592.83,$0.00,$592.83,$298.26,$294.57,PayPal,5.0,No
103025,2025-03-22,North America,United States,Health & Beauty,Skincare Set,Retail Store,Small Business,Alex Reyes,10,$76.92,$49.33,0%,$769.20,$0.00,$769.20,$493.30,$275.90,Bank Transfer,4.3,No
103026,2025-03-22,North America,Mexico,Health & Beauty,Hair Dryer,Online,Consumer,Jamie Johansson,15,$80.64,$50.37,5%,"$1,209.60",$60.48,"$1,149.12",$755.55,$393.57,PayPal,3.9,No
103027,2025-03-22,Europe,Netherlands,Electronics,Bluetooth Speaker,Online,Consumer,Jamie Johansson,9,$154.22,$78.35,0%,"$1,387.98",$0.00,"$1,387.98",$705.15,$682.83,Credit Card,5.0,No
103028,2025-03-23,Europe,Netherlands,Apparel,Wool Sweater,Online,Consumer,Sam Silva,11,$87.70,$54.43,0%,$964.70,$0.00,$964.70,$598.73,$365.97,Credit Card,4.4,No
103029,2025-03-23,North America,United States,Electronics,Bluetooth Speaker,Online,Small Business,Alex Reyes,3,$201.23,$115.24,0%,$603.69,$0.00,$603.69,$345.72,$257.97,Debit Card,3.9,No
103030,2025-03-23,North America,United States,Health & Beauty,Yoga Mat,Online,Small Business,Sam Silva,4,$67.71,$27.93,0%,$270.84,$0.00,$270.84,$111.72,$159.12,Credit Card,5.0,No
103031,2025-03-24,North America,United States,Home & Kitchen,Toaster,Online,Small Business,Fatima Ahmed,6,$23.64,$11.43,5%,$141.84,$7.09,$134.75,$68.58,$66.17,Debit Card,4.9,No
103032,2025-03-24,North America,Mexico,Electronics,Smartwatch,Online,Enterprise,Wei Dubois,3,$113.64,$59.84,10%,$340.92,$34.09,$306.83,$179.52,$127.31,Credit Card,5.0,No
103033,2025-03-24,North America,United States,Apparel,Wool Sweater,Retail Store,Consumer,Lucas Novak,5,$20.58,$12.81,15%,$102.90,$15.44,$87.46,$64.05,$23.41,Credit Card,3.2,No
103034,2025-03-24,North America,Mexico,Office Supplies,Standing Desk,Retail Store,Small Business,Jordan Chen,9,$229.69,$107.40,0%,"$2,067.21",$0.00,"$2,067.21",$966.60,"$1,100.61",Cash,4.3,No
103035,2025-03-24,Middle East & Africa,Nigeria,Electronics,Wireless Earbuds,Online,Consumer,Lucas Novak,8,$258.92,$111.70,0%,"$2,071.36",$0.00,"$2,071.36",$893.60,"$1,177.76",Credit Card,2.8,Yes
103036,2025-03-24,Asia Pacific,China,Electronics,Wireless Earbuds,Wholesale,Small Business,Noah Santos,10,$64.21,$36.33,5%,$642.10,$32.11,$609.99,$363.30,$246.69,Debit Card,3.1,No
103037,2025-03-24,North America,Canada,Home & Kitchen,Toaster,Marketplace,Consumer,Jordan Chen,15,$57.58,$31.75,20%,$863.70,$172.74,$690.96,$476.25,$214.71,Debit Card,4.2,No
103038,2025-03-24,Asia Pacific,India,Electronics,Power Bank,Online,Consumer,Sam Silva,12,$175.88,$85.78,0%,"$2,110.56",$0.00,"$2,110.56","$1,029.36","$1,081.20",Credit Card,4.5,No
103039,2025-03-25,Latin America,Brazil,Home & Kitchen,Cookware Set,Wholesale,Consumer,Taylor Patel,7,$166.68,$67.75,15%,"$1,166.76",$175.01,$991.75,$474.25,$517.50,Debit Card,4.1,No
103040,2025-03-25,Europe,Italy,Electronics,Bluetooth Speaker,Online,Small Business,Diego Weber,6,$342.73,$147.70,0%,"$2,056.38",$0.00,"$2,056.38",$886.20,"$1,170.18",Credit Card,3.2,No
103041,2025-03-25,North America,Canada,Office Supplies,Monitor Arm,Marketplace,Consumer,Casey Garcia,3,$286.64,$139.61,10%,$859.92,$85.99,$773.93,$418.83,$355.10,Debit Card,5.0,No
103042,2025-03-25,North America,Mexico,Apparel,Backpack,Online,Enterprise,Alex Reyes,4,$99.65,$51.16,0%,$398.60,$0.00,$398.60,$204.64,$193.96,PayPal,4.5,No
103043,2025-03-25,North America,United States,Home & Kitchen,Blender,Online,Consumer,Wei Dubois,5,$203.27,$128.05,0%,"$1,016.35",$0.00,"$1,016.35",$640.25,$376.10,Bank Transfer,4.0,No
103044,2025-03-25,North America,Canada,Office Supplies,Standing Desk,Online,Consumer,Riley Muller,3,$182.32,$85.21,0%,$546.96,$0.00,$546.96,$255.63,$291.33,Credit Card,4.1,No
103045,2025-03-25,Latin America,Chile,Electronics,Bluetooth Speaker,Retail Store,Small Business,Wei Dubois,10,$61.70,$26.68,20%,$617.00,$123.40,$493.60,$266.80,$226.80,PayPal,3.4,No
103046,2025-03-25,Europe,United Kingdom,Apparel,Sunglasses,Online,Consumer,Sam Silva,2,$130.60,$56.60,5%,$261.20,$13.06,$248.14,$113.20,$134.94,PayPal,3.6,No
103047,2025-03-25,North America,Mexico,Home & Kitchen,Vacuum Cleaner,Wholesale,Consumer,Jamie Johansson,5,$160.61,$72.51,0%,$803.05,$0.00,$803.05,$362.55,$440.50,Credit Card,3.0,No
103048,2025-03-25,Europe,Italy,Apparel,Backpack,Marketplace,Consumer,Sofia Kowalski,5,$91.77,$50.86,0%,$458.85,$0.00,$458.85,$254.30,$204.55,Debit Card,1.9,No
103049,2025-03-25,Latin America,Argentina,Office Supplies,Ergonomic Chair,Online,Consumer,Alex Reyes,4,$118.47,$63.73,10%,$473.88,$47.39,$426.49,$254.92,$171.57,Credit Card,4.8,No
103050,2025-03-25,North America,Mexico,Home & Kitchen,Cookware Set,Marketplace,Enterprise,Kenji Haddad,12,$101.90,$57.37,5%,"$1,222.80",$61.14,"$1,161.66",$688.44,$473.22,PayPal,4.8,No
103051,2025-03-26,Latin America,Chile,Health & Beauty,Massage Gun,Retail Store,Enterprise,Priya Rossi,4,$113.88,$50.89,0%,$455.52,$0.00,$455.52,$203.56,$251.96,Credit Card,3.0,No
103052,2025-03-26,Europe,Italy,Health & Beauty,Fitness Tracker,Online,Consumer,Morgan Kim,4,$71.95,$43.86,10%,$287.80,$28.78,$259.02,$175.44,$83.58,PayPal,4.2,No
103053,2025-03-26,Europe,Italy,Apparel,Running Shoes,Marketplace,Consumer,Riley Muller,3,$136.73,$57.99,5%,$410.19,$20.51,$389.68,$173.97,$215.71,Debit Card,2.2,No
103054,2025-03-26,North America,United States,Electronics,Power Bank,Retail Store,Consumer,Morgan Kim,12,$226.03,$118.44,0%,"$2,712.36",$0.00,"$2,712.36","$1,421.28","$1,291.08",Cash,3.9,Yes
103055,2025-03-26,Europe,Germany,Office Supplies,Ergonomic Chair,Retail Store,Consumer,Sofia Kowalski,14,$89.96,$36.02,0%,"$1,259.44",$0.00,"$1,259.44",$504.28,$755.16,Bank Transfer,4.5,No
103056,2025-03-26,Europe,Germany,Apparel,Denim Jacket,Retail Store,Consumer,Priya Rossi,6,$118.42,$61.51,0%,$710.52,$0.00,$710.52,$369.06,$341.46,Cash,4.0,No
103057,2025-03-26,North America,Mexico,Electronics,Wireless Earbuds,Wholesale,Consumer,Sofia Kowalski,6,$100.44,$47.54,10%,$602.64,$60.26,$542.38,$285.24,$257.14,Debit Card,3.8,No
103058,2025-03-27,Asia Pacific,India,Home & Kitchen,Toaster,Retail Store,Small Business,Casey Garcia,9,$20.43,$8.61,0%,$183.87,$0.00,$183.87,$77.49,$106.38,Cash,4.0,No
103059,2025-03-27,Europe,Spain,Apparel,Running Shoes,Wholesale,Small Business,Jordan Chen,2,$24.20,$12.91,0%,$48.40,$0.00,$48.40,$25.82,$22.58,Credit Card,3.1,No
103060,2025-03-27,Europe,Spain,Electronics,Bluetooth Speaker,Online,Small Business,Alex Reyes,5,$291.55,$148.05,0%,"$1,457.75",$0.00,"$1,457.75",$740.25,$717.50,Cash,4.1,No
103061,2025-03-27,Asia Pacific,South Korea,Health & Beauty,Massage Gun,Retail Store,Consumer,Jamie Johansson,4,$99.70,$43.72,0%,$398.80,$0.00,$398.80,$174.88,$223.92,PayPal,3.4,No
103062,2025-03-27,Asia Pacific,Japan,Office Supplies,Pen Set,Marketplace,Consumer,Sofia Kowalski,2,$142.54,$67.65,0%,$285.08,$0.00,$285.08,$135.30,$149.78,Credit Card,3.4,No
103063,2025-03-27,North America,United States,Health & Beauty,Electric Toothbrush,Retail Store,Consumer,Elena Lindqvist,16,$34.27,$16.09,5%,$548.32,$27.42,$520.90,$257.44,$263.46,Bank Transfer,5.0,No
103064,2025-03-27,Asia Pacific,India,Electronics,Smartwatch,Online,Enterprise,Riley Muller,9,$136.56,$68.86,5%,"$1,229.04",$61.45,"$1,167.59",$619.74,$547.85,Credit Card,3.8,No
103065,2025-03-27,Asia Pacific,Japan,Office Supplies,Monitor Arm,Online,Consumer,Casey Garcia,2,$88.92,$37.51,0%,$177.84,$0.00,$177.84,$75.02,$102.82,Debit Card,4.3,No
103066,2025-03-28,North America,Canada,Electronics,Smartwatch,Online,Consumer,Wei Dubois,13,$53.40,$21.47,0%,$694.20,$0.00,$694.20,$279.11,$415.09,Credit Card,5.0,No
103067,2025-03-28,Middle East & Africa,Saudi Arabia,Home & Kitchen,Vacuum Cleaner,Online,Consumer,Lucas Novak,19,$87.38,$41.85,0%,"$1,660.22",$0.00,"$1,660.22",$795.15,$865.07,PayPal,5.0,No
103068,2025-03-28,Asia Pacific,Japan,Electronics,Bluetooth Speaker,Retail Store,Consumer,Alex Reyes,8,$315.37,$174.14,20%,"$2,522.96",$504.59,"$2,018.37","$1,393.12",$625.25,Debit Card,4.0,No
103069,2025-03-28,North America,Canada,Apparel,Backpack,Online,Consumer,Kenji Haddad,6,$105.87,$56.07,0%,$635.22,$0.00,$635.22,$336.42,$298.80,Credit Card,5.0,No
103070,2025-03-28,North America,United States,Electronics,Wireless Earbuds,Retail Store,Small Business,Alex Reyes,7,$194.39,$80.63,0%,"$1,360.73",$0.00,"$1,360.73",$564.41,$796.32,Credit Card,3.8,No
103071,2025-03-28,Asia Pacific,Singapore,Office Supplies,Desk Organizer,Online,Consumer,Sofia Kowalski,11,$291.55,$146.49,0%,"$3,207.05",$0.00,"$3,207.05","$1,611.39","$1,595.66",Credit Card,4.7,No
103072,2025-03-28,Asia Pacific,India,Home & Kitchen,Air Fryer,Retail Store,Small Business,Priya Rossi,10,$83.76,$48.70,10%,$837.60,$83.76,$753.84,$487.00,$266.84,Debit Card,3.7,No
103073,2025-03-28,Latin America,Colombia,Apparel,Backpack,Marketplace,Consumer,Riley Muller,10,$66.15,$31.82,5%,$661.50,$33.08,$628.42,$318.20,$310.22,PayPal,4.4,No
103074,2025-03-29,North America,Canada,Home & Kitchen,Vacuum Cleaner,Wholesale,Consumer,Fatima Ahmed,3,$189.46,$102.57,0%,$568.38,$0.00,$568.38,$307.71,$260.67,Cash,4.6,No
103075,2025-03-29,Europe,United Kingdom,Home & Kitchen,Cookware Set,Marketplace,Consumer,Sam Silva,5,$21.02,$9.94,0%,$105.10,$0.00,$105.10,$49.70,$55.40,Debit Card,4.1,No
103076,2025-03-29,Europe,United Kingdom,Home & Kitchen,Air Fryer,Wholesale,Consumer,Riley Muller,6,$54.52,$25.79,0%,$327.12,$0.00,$327.12,$154.74,$172.38,Credit Card,4.5,No
103077,2025-03-29,Europe,Germany,Electronics,Bluetooth Speaker,Marketplace,Consumer,Fatima Ahmed,5,$86.48,$35.75,0%,$432.40,$0.00,$432.40,$178.75,$253.65,Credit Card,3.7,No
103078,2025-03-29,Asia Pacific,China,Apparel,Backpack,Wholesale,Consumer,Diego Weber,10,$95.07,$61.21,5%,$950.70,$47.54,$903.16,$612.10,$291.06,Credit Card,4.3,No
103079,2025-03-29,Europe,Germany,Home & Kitchen,Toaster,Retail Store,Consumer,Alex Reyes,10,$27.97,$14.08,15%,$279.70,$41.96,$237.74,$140.80,$96.94,Credit Card,3.5,No
103080,2025-03-30,Asia Pacific,India,Electronics,Laptop Stand,Marketplace,Consumer,Cameron Nakamura,12,$75.32,$43.89,0%,$903.84,$0.00,$903.84,$526.68,$377.16,Bank Transfer,4.7,No
103081,2025-03-30,Asia Pacific,China,Apparel,Wool Sweater,Retail Store,Enterprise,Riley Muller,12,$30.40,$18.15,0%,$364.80,$0.00,$364.80,$217.80,$147.00,Debit Card,4.3,No
103082,2025-03-30,Latin America,Chile,Office Supplies,Monitor Arm,Wholesale,Consumer,Noah Santos,11,$44.31,$27.21,0%,$487.41,$0.00,$487.41,$299.31,$188.10,Bank Transfer,3.9,No
103083,2025-03-30,Europe,France,Office Supplies,Notebook Set,Retail Store,Small Business,Priya Rossi,7,$165.45,$88.62,0%,"$1,158.15",$0.00,"$1,158.15",$620.34,$537.81,Debit Card,4.3,No
103084,2025-03-30,Europe,France,Health & Beauty,Massage Gun,Retail Store,Small Business,Sam Silva,1,$138.50,$64.29,15%,$138.50,$20.78,$117.72,$64.29,$53.43,Credit Card,4.7,No
103085,2025-03-30,Asia Pacific,South Korea,Office Supplies,Notebook Set,Online,Consumer,Jordan Chen,6,$93.82,$54.00,0%,$562.92,$0.00,$562.92,$324.00,$238.92,Credit Card,5.0,Yes
103086,2025-03-30,North America,Canada,Home & Kitchen,Toaster,Online,Small Business,Casey Garcia,4,$68.01,$28.66,0%,$272.04,$0.00,$272.04,$114.64,$157.40,Bank Transfer,3.7,No
103087,2025-03-30,Asia Pacific,Australia,Office Supplies,Monitor Arm,Marketplace,Consumer,Wei Dubois,12,$172.62,$81.00,0%,"$2,071.44",$0.00,"$2,071.44",$972.00,"$1,099.44",Credit Card,2.7,No
103088,2025-03-30,North America,Canada,Health & Beauty,Yoga Mat,Marketplace,Consumer,Riley Muller,11,$176.13,$112.52,0%,"$1,937.43",$0.00,"$1,937.43","$1,237.72",$699.71,Bank Transfer,4.8,No
103089,2025-03-30,North America,Mexico,Office Supplies,Standing Desk,Online,Consumer,Diego Weber,8,$79.95,$34.55,0%,$639.60,$0.00,$639.60,$276.40,$363.20,Credit Card,4.6,No
103090,2025-03-30,Europe,Germany,Home & Kitchen,Blender,Online,Consumer,Jamie Johansson,11,$100.36,$47.47,0%,"$1,103.96",$0.00,"$1,103.96",$522.17,$581.79,Credit Card,4.7,No
103091,2025-03-30,Latin America,Colombia,Apparel,Running Shoes,Online,Small Business,Elena Lindqvist,3,$22.85,$11.80,20%,$68.55,$13.71,$54.84,$35.40,$19.44,Bank Transfer,2.6,No
103092,2025-03-31,North America,United States,Electronics,Smartwatch,Marketplace,Consumer,Jamie Johansson,7,$275.63,$171.89,0%,"$1,929.41",$0.00,"$1,929.41","$1,203.23",$726.18,PayPal,5.0,No
103093,2025-03-31,North America,United States,Office Supplies,Standing Desk,Online,Small Business,Drew Okafor,18,$322.72,$148.66,0%,"$5,808.96",$0.00,"$5,808.96","$2,675.88","$3,133.08",Credit Card,4.1,No
103094,2025-03-31,North America,United States,Home & Kitchen,Coffee Maker,Retail Store,Consumer,Cameron Nakamura,13,$171.94,$110.20,0%,"$2,235.22",$0.00,"$2,235.22","$1,432.60",$802.62,Debit Card,4.3,No
103095,2025-03-31,North America,Canada,Electronics,Bluetooth Speaker,Online,Consumer,Noah Santos,13,$104.30,$63.01,0%,"$1,355.90",$0.00,"$1,355.90",$819.13,$536.77,Debit Card,4.5,No
103096,2025-03-31,Europe,Italy,Health & Beauty,Yoga Mat,Marketplace,Consumer,Cameron Nakamura,15,$64.42,$31.71,15%,$966.30,$144.94,$821.36,$475.65,$345.71,Credit Card,4.5,No
103097,2025-03-31,North America,Canada,Home & Kitchen,Air Fryer,Marketplace,Small Business,Sofia Kowalski,3,$197.12,$80.80,0%,$591.36,$0.00,$591.36,$242.40,$348.96,Cash,4.1,No
103098,2025-03-31,Europe,France,Office Supplies,Standing Desk,Online,Consumer,Taylor Patel,12,$310.49,$192.46,5%,"$3,725.88",$186.29,"$3,539.59","$2,309.52","$1,230.07",Debit Card,4.8,No
103099,2025-03-31,Europe,France,Apparel,Sunglasses,Online,Consumer,Casey Garcia,1,$125.30,$53.98,0%,$125.30,$0.00,$125.30,$53.98,$71.32,Credit Card,3.6,No
103100,2025-03-31,Asia Pacific,India,Apparel,Yoga Pants,Retail Store,Small Business,Jamie Johansson,2,$51.21,$25.25,0%,$102.42,$0.00,$102.42,$50.50,$51.92,Credit Card,3.8,No
103101,2025-04-01,North America,United States,Home & Kitchen,Air Fryer,Retail Store,Small Business,Alex Reyes,16,$166.77,$108.02,0%,"$2,668.32",$0.00,"$2,668.32","$1,728.32",$940.00,Bank Transfer,3.9,No
103102,2025-04-01,Asia Pacific,India,Home & Kitchen,Blender,Marketplace,Small Business,Diego Weber,7,$155.83,$82.48,0%,"$1,090.81",$0.00,"$1,090.81",$577.36,$513.45,Credit Card,3.6,Yes
103103,2025-04-01,North America,Canada,Office Supplies,Ergonomic Chair,Retail Store,Consumer,Amara Costa,5,$373.00,$195.95,10%,"$1,865.00",$186.50,"$1,678.50",$979.75,$698.75,Credit Card,5.0,No
103104,2025-04-01,North America,Mexico,Home & Kitchen,Vacuum Cleaner,Retail Store,Enterprise,Riley Muller,9,$28.81,$18.50,5%,$259.29,$12.96,$246.33,$166.50,$79.83,Bank Transfer,3.4,No
103105,2025-04-01,North America,United States,Health & Beauty,Massage Gun,Online,Consumer,Fatima Ahmed,11,$110.77,$66.22,0%,"$1,218.47",$0.00,"$1,218.47",$728.42,$490.05,Bank Transfer,4.0,No
103106,2025-04-01,North America,Mexico,Health & Beauty,Electric Toothbrush,Retail Store,Consumer,Riley Muller,10,$111.50,$58.84,0%,"$1,115.00",$0.00,"$1,115.00",$588.40,$526.60,Bank Transfer,3.6,No
103107,2025-04-02,North America,Canada,Apparel,Running Shoes,Retail Store,Enterprise,Priya Rossi,13,$80.66,$39.50,0%,"$1,048.58",$0.00,"$1,048.58",$513.50,$535.08,PayPal,5.0,No
103108,2025-04-02,North America,Canada,Apparel,Sunglasses,Wholesale,Small Business,Priya Rossi,20,$134.09,$61.78,5%,"$2,681.80",$134.09,"$2,547.71","$1,235.60","$1,312.11",Cash,4.8,No
103109,2025-04-02,North America,United States,Health & Beauty,Yoga Mat,Retail Store,Consumer,Amara Costa,9,$71.81,$46.60,10%,$646.29,$64.63,$581.66,$419.40,$162.26,Debit Card,3.6,No
103110,2025-04-02,Asia Pacific,South Korea,Apparel,Running Shoes,Wholesale,Small Business,Noah Santos,8,$132.46,$72.88,20%,"$1,059.68",$211.94,$847.74,$583.04,$264.70,Credit Card,3.4,No
103111,2025-04-02,North America,United States,Office Supplies,Pen Set,Wholesale,Consumer,Jamie Johansson,5,$265.15,$140.36,0%,"$1,325.75",$0.00,"$1,325.75",$701.80,$623.95,Debit Card,4.2,No
103112,2025-04-03,Europe,Germany,Office Supplies,Pen Set,Online,Consumer,Fatima Ahmed,7,$242.06,$134.24,0%,"$1,694.42",$0.00,"$1,694.42",$939.68,$754.74,Debit Card,4.3,No
103113,2025-04-03,Europe,Germany,Home & Kitchen,Toaster,Online,Small Business,Lucas Novak,1,$92.73,$46.82,0%,$92.73,$0.00,$92.73,$46.82,$45.91,Credit Card,3.4,No
103114,2025-04-03,Latin America,Colombia,Office Supplies,Standing Desk,Online,Consumer,Casey Garcia,6,$317.90,$147.26,0%,"$1,907.40",$0.00,"$1,907.40",$883.56,"$1,023.84",Credit Card,5.0,No
103115,2025-04-03,North America,Canada,Office Supplies,Notebook Set,Retail Store,Small Business,Riley Muller,1,$373.75,$223.46,0%,$373.75,$0.00,$373.75,$223.46,$150.29,Credit Card,3.8,No
103116,2025-04-03,Europe,United Kingdom,Health & Beauty,Massage Gun,Online,Consumer,Diego Weber,11,$50.92,$25.35,0%,$560.12,$0.00,$560.12,$278.85,$281.27,Credit Card,4.9,No
103117,2025-04-03,Europe,France,Office Supplies,Desk Organizer,Retail Store,Consumer,Sofia Kowalski,2,$289.93,$147.83,0%,$579.86,$0.00,$579.86,$295.66,$284.20,Cash,4.3,No
103118,2025-04-03,Europe,Netherlands,Office Supplies,Pen Set,Marketplace,Consumer,Jamie Johansson,8,$135.08,$71.82,0%,"$1,080.64",$0.00,"$1,080.64",$574.56,$506.08,Cash,4.8,No
103119,2025-04-03,Asia Pacific,China,Office Supplies,Pen Set,Online,Consumer,Wei Dubois,5,$63.54,$29.27,0%,$317.70,$0.00,$317.70,$146.35,$171.35,Cash,4.3,No
103120,2025-04-03,Europe,United Kingdom,Health & Beauty,Electric Toothbrush,Online,Consumer,Jamie Johansson,4,$46.98,$25.82,5%,$187.92,$9.40,$178.52,$103.28,$75.24,Credit Card,4.5,No
103121,2025-04-03,Europe,United Kingdom,Health & Beauty,Massage Gun,Online,Consumer,Riley Muller,3,$41.99,$27.19,0%,$125.97,$0.00,$125.97,$81.57,$44.40,Credit Card,4.4,No
103122,2025-04-04,Europe,Germany,Office Supplies,Standing Desk,Marketplace,Consumer,Cameron Nakamura,7,$15.34,$9.36,0%,$107.38,$0.00,$107.38,$65.52,$41.86,Debit Card,4.0,No
103123,2025-04-04,Asia Pacific,Australia,Office Supplies,Notebook Set,Retail Store,Small Business,Diego Weber,9,$178.46,$105.84,5%,"$1,606.14",$80.31,"$1,525.83",$952.56,$573.27,PayPal,4.0,No
103124,2025-04-04,North America,Canada,Electronics,Bluetooth Speaker,Online,Consumer,Jamie Johansson,4,$272.96,$149.55,15%,"$1,091.84",$163.78,$928.06,$598.20,$329.86,Credit Card,4.4,Yes
103125,2025-04-04,Asia Pacific,China,Home & Kitchen,Blender,Marketplace,Small Business,Jamie Johansson,9,$34.80,$18.84,0%,$313.20,$0.00,$313.20,$169.56,$143.64,Credit Card,3.7,No
103126,2025-04-04,North America,United States,Electronics,Power Bank,Marketplace,Consumer,Alex Reyes,3,$313.89,$191.92,15%,$941.67,$141.25,$800.42,$575.76,$224.66,Credit Card,2.8,No
103127,2025-04-04,North America,Mexico,Electronics,USB-C Hub,Marketplace,Consumer,Drew Okafor,7,$193.66,$106.20,5%,"$1,355.62",$67.78,"$1,287.84",$743.40,$544.44,Credit Card,4.5,No
103128,2025-04-04,Europe,Italy,Office Supplies,Ergonomic Chair,Wholesale,Enterprise,Sam Silva,5,$45.86,$19.83,0%,$229.30,$0.00,$229.30,$99.15,$130.15,Bank Transfer,4.2,No
103129,2025-04-05,Asia Pacific,Singapore,Health & Beauty,Skincare Set,Retail Store,Consumer,Cameron Nakamura,12,$161.05,$86.52,0%,"$1,932.60",$0.00,"$1,932.60","$1,038.24",$894.36,Credit Card,5.0,No
103130,2025-04-05,North America,Canada,Home & Kitchen,Toaster,Retail Store,Enterprise,Riley Muller,26,$105.23,$54.24,0%,"$2,735.98",$0.00,"$2,735.98","$1,410.24","$1,325.74",PayPal,3.8,No
103131,2025-04-05,Asia Pacific,South Korea,Office Supplies,Monitor Arm,Online,Consumer,Diego Weber,7,$143.73,$87.81,0%,"$1,006.11",$0.00,"$1,006.11",$614.67,$391.44,Credit Card,3.8,No
103132,2025-04-05,Europe,France,Apparel,Backpack,Marketplace,Consumer,Drew Okafor,11,$115.68,$63.41,0%,"$1,272.48",$0.00,"$1,272.48",$697.51,$574.97,Debit Card,4.0,Yes
103133,2025-04-05,North America,United States,Home & Kitchen,Cookware Set,Retail Store,Consumer,Lucas Novak,2,$60.06,$32.35,5%,$120.12,$6.01,$114.11,$64.70,$49.41,Credit Card,5.0,No
103134,2025-04-06,North America,Mexico,Home & Kitchen,Cookware Set,Online,Consumer,Taylor Patel,19,$134.27,$82.10,15%,"$2,551.13",$382.67,"$2,168.46","$1,559.90",$608.56,Bank Transfer,5.0,No
103135,2025-04-06,Asia Pacific,South Korea,Office Supplies,Desk Organizer,Retail Store,Consumer,Alex Reyes,5,$269.20,$157.30,20%,"$1,346.00",$269.20,"$1,076.80",$786.50,$290.30,Credit Card,2.9,No
103136,2025-04-06,Middle East & Africa,Saudi Arabia,Home & Kitchen,Blender,Marketplace,Small Business,Cameron Nakamura,7,$54.55,$29.61,5%,$381.85,$19.09,$362.76,$207.27,$155.49,Credit Card,3.3,No
103137,2025-04-06,Europe,Italy,Home & Kitchen,Coffee Maker,Online,Consumer,Sam Silva,4,$30.57,$15.20,0%,$122.28,$0.00,$122.28,$60.80,$61.48,Credit Card,4.3,No
103138,2025-04-06,Latin America,Colombia,Health & Beauty,Skincare Set,Retail Store,Small Business,Sofia Kowalski,3,$89.58,$48.94,0%,$268.74,$0.00,$268.74,$146.82,$121.92,Credit Card,3.5,No
103139,2025-04-06,North America,United States,Health & Beauty,Fitness Tracker,Online,Consumer,Alex Reyes,7,$129.21,$61.93,0%,$904.47,$0.00,$904.47,$433.51,$470.96,Credit Card,5.0,No
103140,2025-04-07,Europe,France,Home & Kitchen,Blender,Online,Consumer,Drew Okafor,8,$168.80,$70.92,0%,"$1,350.40",$0.00,"$1,350.40",$567.36,$783.04,Credit Card,4.7,No
103141,2025-04-07,North America,United States,Health & Beauty,Fitness Tracker,Online,Enterprise,Noah Santos,5,$78.05,$39.67,0%,$390.25,$0.00,$390.25,$198.35,$191.90,Bank Transfer,2.4,No
103142,2025-04-07,North America,Canada,Electronics,USB-C Hub,Retail Store,Enterprise,Morgan Kim,8,$345.36,$159.85,10%,"$2,762.88",$276.29,"$2,486.59","$1,278.80","$1,207.79",Bank Transfer,4.3,No
103143,2025-04-07,Asia Pacific,Australia,Home & Kitchen,Cookware Set,Retail Store,Small Business,Taylor Patel,17,$128.83,$66.78,10%,"$2,190.11",$219.01,"$1,971.10","$1,135.26",$835.84,Credit Card,3.4,No
103144,2025-04-07,Middle East & Africa,South Africa,Electronics,Smartwatch,Wholesale,Small Business,Priya Rossi,2,$97.32,$62.20,5%,$194.64,$9.73,$184.91,$124.40,$60.51,Credit Card,4.6,No
103145,2025-04-07,Asia Pacific,Japan,Apparel,Yoga Pants,Retail Store,Small Business,Kenji Haddad,5,$147.75,$61.75,0%,$738.75,$0.00,$738.75,$308.75,$430.00,Credit Card,4.1,No
103146,2025-04-08,North America,United States,Apparel,Sunglasses,Online,Consumer,Sam Silva,9,$137.30,$73.59,5%,"$1,235.70",$61.78,"$1,173.92",$662.31,$511.61,Credit Card,4.4,No
103147,2025-04-08,Asia Pacific,China,Health & Beauty,Hair Dryer,Online,Enterprise,Sofia Kowalski,12,$103.81,$52.05,0%,"$1,245.72",$0.00,"$1,245.72",$624.60,$621.12,Credit Card,5.0,No
103148,2025-04-09,Middle East & Africa,Saudi Arabia,Apparel,Denim Jacket,Retail Store,Consumer,Fatima Ahmed,3,$101.69,$48.14,20%,$305.07,$61.01,$244.06,$144.42,$99.64,Credit Card,5.0,No
103149,2025-04-09,Asia Pacific,Australia,Health & Beauty,Hair Dryer,Wholesale,Consumer,Cameron Nakamura,7,$50.95,$28.01,0%,$356.65,$0.00,$356.65,$196.07,$160.58,Debit Card,5.0,No
103150,2025-04-09,Asia Pacific,South Korea,Health & Beauty,Fitness Tracker,Online,Consumer,Jamie Johansson,2,$167.02,$70.90,5%,$334.04,$16.70,$317.34,$141.80,$175.54,Credit Card,4.4,No
103151,2025-04-09,Asia Pacific,China,Health & Beauty,Yoga Mat,Online,Consumer,Elena Lindqvist,11,$52.15,$26.11,0%,$573.65,$0.00,$573.65,$287.21,$286.44,Credit Card,5.0,No
103152,2025-04-09,Europe,Germany,Apparel,Running Shoes,Wholesale,Consumer,Amara Costa,11,$135.59,$76.13,0%,"$1,491.49",$0.00,"$1,491.49",$837.43,$654.06,PayPal,3.2,No
103153,2025-04-09,North America,Canada,Health & Beauty,Electric Toothbrush,Online,Consumer,Priya Rossi,23,$162.80,$83.87,0%,"$3,744.40",$0.00,"$3,744.40","$1,929.01","$1,815.39",PayPal,4.4,No
103154,2025-04-10,Latin America,Chile,Electronics,Power Bank,Retail Store,Small Business,Cameron Nakamura,8,$209.31,$126.26,0%,"$1,674.48",$0.00,"$1,674.48","$1,010.08",$664.40,Credit Card,4.2,No
103155,2025-04-10,Europe,United Kingdom,Health & Beauty,Yoga Mat,Marketplace,Consumer,Riley Muller,2,$102.01,$57.04,0%,$204.02,$0.00,$204.02,$114.08,$89.94,Debit Card,4.7,No
103156,2025-04-10,Latin America,Colombia,Home & Kitchen,Coffee Maker,Marketplace,Consumer,Drew Okafor,15,$179.85,$80.74,5%,"$2,697.75",$134.89,"$2,562.86","$1,211.10","$1,351.76",Debit Card,4.0,No
103157,2025-04-10,North America,United States,Electronics,Smartwatch,Marketplace,Small Business,Taylor Patel,11,$88.23,$38.80,10%,$970.53,$97.05,$873.48,$426.80,$446.68,Debit Card,5.0,No
103158,2025-04-10,Asia Pacific,Australia,Office Supplies,Pen Set,Retail Store,Small Business,Noah Santos,6,$371.02,$182.02,0%,"$2,226.12",$0.00,"$2,226.12","$1,092.12","$1,134.00",PayPal,3.3,No
103159,2025-04-10,Latin America,Brazil,Electronics,USB-C Hub,Online,Consumer,Wei Dubois,9,$134.47,$76.69,0%,"$1,210.23",$0.00,"$1,210.23",$690.21,$520.02,PayPal,3.6,No
103160,2025-04-11,Middle East & Africa,UAE,Apparel,Wool Sweater,Online,Consumer,Jordan Chen,9,$131.77,$63.98,0%,"$1,185.93",$0.00,"$1,185.93",$575.82,$610.11,Credit Card,3.5,No
103161,2025-04-11,North America,United States,Electronics,USB-C Hub,Marketplace,Consumer,Jordan Chen,16,$28.96,$14.60,15%,$463.36,$69.50,$393.86,$233.60,$160.26,PayPal,4.8,No
103162,2025-04-11,Asia Pacific,China,Home & Kitchen,Vacuum Cleaner,Online,Consumer,Taylor Patel,7,$69.49,$43.18,0%,$486.43,$0.00,$486.43,$302.26,$184.17,Credit Card,5.0,No
103163,2025-04-11,Asia Pacific,Australia,Apparel,Backpack,Marketplace,Consumer,Jordan Chen,5,$109.67,$54.66,0%,$548.35,$0.00,$548.35,$273.30,$275.05,PayPal,3.9,No
103164,2025-04-11,North America,Canada,Home & Kitchen,Blender,Wholesale,Consumer,Morgan Kim,10,$66.13,$35.43,0%,$661.30,$0.00,$661.30,$354.30,$307.00,PayPal,3.8,No
103165,2025-04-11,Europe,Netherlands,Health & Beauty,Yoga Mat,Retail Store,Consumer,Alex Reyes,16,$49.15,$21.11,15%,$786.40,$117.96,$668.44,$337.76,$330.68,Credit Card,4.7,No
103166,2025-04-11,Asia Pacific,China,Apparel,Sunglasses,Online,Small Business,Alex Reyes,3,$121.88,$57.88,0%,$365.64,$0.00,$365.64,$173.64,$192.00,Credit Card,4.2,No
103167,2025-04-12,Latin America,Colombia,Office Supplies,Notebook Set,Marketplace,Consumer,Alex Reyes,8,$77.76,$49.80,0%,$622.08,$0.00,$622.08,$398.40,$223.68,Credit Card,4.4,Yes
103168,2025-04-12,North America,Canada,Office Supplies,Notebook Set,Online,Enterprise,Cameron Nakamura,7,$223.60,$96.86,0%,"$1,565.20",$0.00,"$1,565.20",$678.02,$887.18,Credit Card,3.2,No
103169,2025-04-12,Europe,Netherlands,Apparel,Denim Jacket,Retail Store,Small Business,Jamie Johansson,16,$116.26,$63.92,5%,"$1,860.16",$93.01,"$1,767.15","$1,022.72",$744.43,Bank Transfer,4.6,No
103170,2025-04-12,North America,United States,Office Supplies,Notebook Set,Wholesale,Enterprise,Taylor Patel,12,$245.76,$120.12,5%,"$2,949.12",$147.46,"$2,801.66","$1,441.44","$1,360.22",Cash,4.4,No
103171,2025-04-13,Middle East & Africa,South Africa,Apparel,Wool Sweater,Marketplace,Consumer,Elena Lindqvist,11,$85.15,$47.94,0%,$936.65,$0.00,$936.65,$527.34,$409.31,Credit Card,3.8,No
103172,2025-04-13,North America,Canada,Apparel,Running Shoes,Retail Store,Enterprise,Drew Okafor,5,$44.14,$21.98,10%,$220.70,$22.07,$198.63,$109.90,$88.73,Debit Card,4.7,No
103173,2025-04-13,North America,Mexico,Home & Kitchen,Vacuum Cleaner,Online,Consumer,Wei Dubois,9,$27.00,$15.29,5%,$243.00,$12.15,$230.85,$137.61,$93.24,Credit Card,5.0,No
103174,2025-04-13,North America,United States,Home & Kitchen,Coffee Maker,Wholesale,Consumer,Lucas Novak,2,$124.11,$75.32,0%,$248.22,$0.00,$248.22,$150.64,$97.58,Credit Card,4.8,No
103175,2025-04-13,North America,Canada,Electronics,Smartwatch,Online,Consumer,Jamie Johansson,8,$175.81,$80.23,0%,"$1,406.48",$0.00,"$1,406.48",$641.84,$764.64,Bank Transfer,3.6,No
103176,2025-04-14,North America,United States,Health & Beauty,Fitness Tracker,Marketplace,Small Business,Taylor Patel,7,$120.47,$67.55,0%,$843.29,$0.00,$843.29,$472.85,$370.44,Credit Card,4.7,No
103177,2025-04-14,Europe,Germany,Health & Beauty,Fitness Tracker,Marketplace,Consumer,Taylor Patel,14,$109.03,$56.91,10%,"$1,526.42",$152.64,"$1,373.78",$796.74,$577.04,PayPal,5.0,No
103178,2025-04-14,Latin America,Chile,Home & Kitchen,Coffee Maker,Retail Store,Consumer,Priya Rossi,10,$85.12,$51.87,5%,$851.20,$42.56,$808.64,$518.70,$289.94,Credit Card,2.9,No
103179,2025-04-14,Europe,United Kingdom,Apparel,Yoga Pants,Retail Store,Consumer,Sofia Kowalski,14,$106.36,$63.01,10%,"$1,489.04",$148.90,"$1,340.14",$882.14,$458.00,Credit Card,3.2,No
103180,2025-04-15,Asia Pacific,Singapore,Office Supplies,Standing Desk,Marketplace,Consumer,Amara Costa,8,$202.18,$83.07,0%,"$1,617.44",$0.00,"$1,617.44",$664.56,$952.88,Credit Card,5.0,No
103181,2025-04-15,Asia Pacific,Singapore,Office Supplies,Pen Set,Retail Store,Consumer,Cameron Nakamura,3,$301.50,$123.13,5%,$904.50,$45.22,$859.28,$369.39,$489.89,Credit Card,3.6,No
103182,2025-04-15,North America,United States,Health & Beauty,Fitness Tracker,Retail Store,Enterprise,Kenji Haddad,12,$157.55,$66.67,0%,"$1,890.60",$0.00,"$1,890.60",$800.04,"$1,090.56",Debit Card,3.9,No
103183,2025-04-15,Europe,Germany,Electronics,Smartwatch,Online,Consumer,Sofia Kowalski,10,$259.79,$141.93,5%,"$2,597.90",$129.90,"$2,468.00","$1,419.30","$1,048.70",Debit Card,4.0,No
103184,2025-04-15,Middle East & Africa,Saudi Arabia,Health & Beauty,Hair Dryer,Retail Store,Consumer,Fatima Ahmed,7,$44.40,$27.61,5%,$310.80,$15.54,$295.26,$193.27,$101.99,Bank Transfer,4.0,No
103185,2025-04-15,Latin America,Chile,Office Supplies,Notebook Set,Online,Consumer,Elena Lindqvist,1,$88.24,$37.11,5%,$88.24,$4.41,$83.83,$37.11,$46.72,Cash,2.5,No
103186,2025-04-15,Middle East & Africa,UAE,Apparel,Wool Sweater,Online,Small Business,Wei Dubois,7,$30.39,$16.93,0%,$212.73,$0.00,$212.73,$118.51,$94.22,Bank Transfer,5.0,No
103187,2025-04-15,Europe,Netherlands,Office Supplies,Ergonomic Chair,Online,Small Business,Alex Reyes,13,$168.74,$77.62,5%,"$2,193.62",$109.68,"$2,083.94","$1,009.06","$1,074.88",PayPal,3.9,No
103188,2025-04-15,North America,Mexico,Electronics,Power Bank,Retail Store,Enterprise,Wei Dubois,5,$44.11,$28.50,0%,$220.55,$0.00,$220.55,$142.50,$78.05,Bank Transfer,5.0,No
103189,2025-04-15,Europe,Spain,Electronics,USB-C Hub,Retail Store,Enterprise,Cameron Nakamura,6,$185.58,$78.34,0%,"$1,113.48",$0.00,"$1,113.48",$470.04,$643.44,Debit Card,5.0,No
103190,2025-04-15,North America,United States,Apparel,Running Shoes,Online,Small Business,Noah Santos,15,$43.50,$26.35,0%,$652.50,$0.00,$652.50,$395.25,$257.25,Credit Card,4.7,No
103191,2025-04-15,Latin America,Colombia,Electronics,USB-C Hub,Wholesale,Small Business,Drew Okafor,9,$345.63,$185.03,0%,"$3,110.67",$0.00,"$3,110.67","$1,665.27","$1,445.40",Debit Card,5.0,No
103192,2025-04-16,North America,United States,Electronics,Laptop Stand,Online,Consumer,Amara Costa,2,$324.72,$163.60,5%,$649.44,$32.47,$616.97,$327.20,$289.77,Debit Card,3.4,No
103193,2025-04-16,Europe,Spain,Home & Kitchen,Vacuum Cleaner,Retail Store,Small Business,Wei Dubois,7,$45.02,$26.83,5%,$315.14,$15.76,$299.38,$187.81,$111.57,Credit Card,3.5,No
103194,2025-04-16,Middle East & Africa,UAE,Apparel,Running Shoes,Online,Consumer,Alex Reyes,10,$99.46,$52.54,0%,$994.60,$0.00,$994.60,$525.40,$469.20,PayPal,4.6,No
103195,2025-04-17,Latin America,Colombia,Health & Beauty,Yoga Mat,Online,Enterprise,Sofia Kowalski,9,$79.48,$42.67,0%,$715.32,$0.00,$715.32,$384.03,$331.29,Cash,5.0,Yes
103196,2025-04-17,North America,Canada,Apparel,Running Shoes,Wholesale,Consumer,Priya Rossi,8,$16.92,$6.85,0%,$135.36,$0.00,$135.36,$54.80,$80.56,Credit Card,3.4,No
103197,2025-04-17,Europe,Spain,Health & Beauty,Electric Toothbrush,Wholesale,Consumer,Riley Muller,8,$14.97,$8.42,0%,$119.76,$0.00,$119.76,$67.36,$52.40,Credit Card,4.0,No
103198,2025-04-17,Europe,Germany,Home & Kitchen,Blender,Retail Store,Consumer,Drew Okafor,6,$161.15,$72.18,0%,$966.90,$0.00,$966.90,$433.08,$533.82,Credit Card,4.7,No
103199,2025-04-17,North America,Canada,Office Supplies,Ergonomic Chair,Online,Consumer,Fatima Ahmed,1,$341.37,$144.38,0%,$341.37,$0.00,$341.37,$144.38,$196.99,Credit Card,5.0,No
103200,2025-04-18,North America,Canada,Apparel,Wool Sweater,Online,Consumer,Cameron Nakamura,5,$41.88,$19.58,0%,$209.40,$0.00,$209.40,$97.90,$111.50,Debit Card,4.1,No
103201,2025-04-18,Europe,United Kingdom,Home & Kitchen,Toaster,Online,Consumer,Diego Weber,13,$74.08,$45.20,0%,$963.04,$0.00,$963.04,$587.60,$375.44,Credit Card,3.2,No
103202,2025-04-18,North America,Canada,Electronics,Bluetooth Speaker,Retail Store,Enterprise,Priya Rossi,10,$150.61,$82.98,0%,"$1,506.10",$0.00,"$1,506.10",$829.80,$676.30,Debit Card,5.0,No
103203,2025-04-18,North America,Mexico,Office Supplies,Ergonomic Chair,Retail Store,Consumer,Sam Silva,1,$372.82,$163.20,0%,$372.82,$0.00,$372.82,$163.20,$209.62,PayPal,4.5,No
103204,2025-04-18,Asia Pacific,Australia,Apparel,Yoga Pants,Retail Store,Consumer,Cameron Nakamura,18,$56.99,$36.89,0%,"$1,025.82",$0.00,"$1,025.82",$664.02,$361.80,Credit Card,3.3,No
103205,2025-04-18,Asia Pacific,South Korea,Office Supplies,Standing Desk,Retail Store,Consumer,Cameron Nakamura,3,$75.89,$48.48,0%,$227.67,$0.00,$227.67,$145.44,$82.23,PayPal,4.3,No
103206,2025-04-18,North America,Canada,Health & Beauty,Electric Toothbrush,Marketplace,Consumer,Drew Okafor,6,$87.26,$40.62,0%,$523.56,$0.00,$523.56,$243.72,$279.84,Credit Card,4.3,No
103207,2025-04-18,North America,Mexico,Apparel,Backpack,Online,Small Business,Alex Reyes,12,$116.82,$51.55,0%,"$1,401.84",$0.00,"$1,401.84",$618.60,$783.24,Credit Card,4.0,No
103208,2025-04-19,North America,United States,Health & Beauty,Yoga Mat,Online,Consumer,Lucas Novak,7,$144.08,$59.84,20%,"$1,008.56",$201.71,$806.85,$418.88,$387.97,Credit Card,4.0,No
103209,2025-04-19,North America,Canada,Home & Kitchen,Blender,Marketplace,Enterprise,Noah Santos,8,$119.19,$74.32,0%,$953.52,$0.00,$953.52,$594.56,$358.96,Debit Card,3.4,No
103210,2025-04-19,North America,Mexico,Health & Beauty,Massage Gun,Online,Consumer,Lucas Novak,4,$154.19,$73.07,0%,$616.76,$0.00,$616.76,$292.28,$324.48,Debit Card,4.0,No
103211,2025-04-19,Europe,France,Home & Kitchen,Toaster,Marketplace,Small Business,Wei Dubois,5,$165.70,$87.66,0%,$828.50,$0.00,$828.50,$438.30,$390.20,PayPal,3.7,No
103212,2025-04-19,Asia Pacific,Singapore,Electronics,Power Bank,Marketplace,Enterprise,Cameron Nakamura,1,$316.05,$179.87,0%,$316.05,$0.00,$316.05,$179.87,$136.18,Credit Card,4.3,No
103213,2025-04-20,Asia Pacific,Japan,Home & Kitchen,Coffee Maker,Marketplace,Consumer,Lucas Novak,5,$219.01,$106.98,0%,"$1,095.05",$0.00,"$1,095.05",$534.90,$560.15,PayPal,4.7,No
103214,2025-04-20,North America,Mexico,Office Supplies,Monitor Arm,Retail Store,Small Business,Drew Okafor,8,$213.19,$128.38,5%,"$1,705.52",$85.28,"$1,620.24","$1,027.04",$593.20,Credit Card,4.8,Yes
103215,2025-04-20,Asia Pacific,Singapore,Electronics,Power Bank,Online,Small Business,Fatima Ahmed,1,$318.65,$171.65,0%,$318.65,$0.00,$318.65,$171.65,$147.00,PayPal,4.3,No
103216,2025-04-20,North America,United States,Home & Kitchen,Blender,Wholesale,Consumer,Priya Rossi,8,$219.16,$89.07,20%,"$1,753.28",$350.66,"$1,402.62",$712.56,$690.06,Debit Card,3.7,No
103217,2025-04-20,North America,Mexico,Health & Beauty,Fitness Tracker,Online,Consumer,Wei Dubois,4,$58.72,$31.92,0%,$234.88,$0.00,$234.88,$127.68,$107.20,Debit Card,3.6,No
103218,2025-04-20,Latin America,Colombia,Health & Beauty,Skincare Set,Marketplace,Enterprise,Cameron Nakamura,1,$130.86,$63.20,0%,$130.86,$0.00,$130.86,$63.20,$67.66,PayPal,5.0,No
103219,2025-04-20,North America,United States,Office Supplies,Desk Organizer,Retail Store,Consumer,Elena Lindqvist,13,$282.97,$170.30,0%,"$3,678.61",$0.00,"$3,678.61","$2,213.90","$1,464.71",Credit Card,4.5,No
103220,2025-04-20,North America,Canada,Office Supplies,Ergonomic Chair,Wholesale,Small Business,Amara Costa,8,$142.27,$61.64,0%,"$1,138.16",$0.00,"$1,138.16",$493.12,$645.04,Credit Card,4.8,No
103221,2025-04-20,North America,Mexico,Home & Kitchen,Vacuum Cleaner,Online,Enterprise,Kenji Haddad,8,$122.91,$66.28,10%,$983.28,$98.33,$884.95,$530.24,$354.71,Debit Card,5.0,No
103222,2025-04-20,Europe,United Kingdom,Office Supplies,Ergonomic Chair,Online,Consumer,Priya Rossi,2,$251.79,$157.87,0%,$503.58,$0.00,$503.58,$315.74,$187.84,Debit Card,4.7,No
103223,2025-04-20,Europe,United Kingdom,Electronics,Wireless Earbuds,Marketplace,Consumer,Elena Lindqvist,8,$59.68,$29.48,0%,$477.44,$0.00,$477.44,$235.84,$241.60,PayPal,3.7,Yes
103224,2025-04-21,North America,Mexico,Home & Kitchen,Air Fryer,Online,Small Business,Amara Costa,7,$184.33,$74.87,0%,"$1,290.31",$0.00,"$1,290.31",$524.09,$766.22,Credit Card,4.1,No
103225,2025-04-21,Europe,United Kingdom,Office Supplies,Pen Set,Online,Consumer,Casey Garcia,5,$161.18,$96.53,10%,$805.90,$80.59,$725.31,$482.65,$242.66,Credit Card,5.0,No
103226,2025-04-21,Europe,Germany,Electronics,Smartwatch,Marketplace,Consumer,Sam Silva,7,$111.63,$72.53,5%,$781.41,$39.07,$742.34,$507.71,$234.63,PayPal,4.9,No
103227,2025-04-21,Europe,United Kingdom,Electronics,USB-C Hub,Online,Small Business,Morgan Kim,4,$235.34,$120.32,0%,$941.36,$0.00,$941.36,$481.28,$460.08,Credit Card,4.8,No
103228,2025-04-21,Middle East & Africa,UAE,Office Supplies,Monitor Arm,Online,Consumer,Sofia Kowalski,4,$223.74,$106.57,10%,$894.96,$89.50,$805.46,$426.28,$379.18,Credit Card,4.7,No
103229,2025-04-21,Latin America,Chile,Home & Kitchen,Air Fryer,Online,Consumer,Priya Rossi,6,$104.24,$49.28,0%,$625.44,$0.00,$625.44,$295.68,$329.76,Bank Transfer,5.0,No
103230,2025-04-21,Europe,Italy,Electronics,Smartwatch,Marketplace,Consumer,Taylor Patel,6,$246.67,$153.16,5%,"$1,480.02",$74.00,"$1,406.02",$918.96,$487.06,Debit Card,2.9,No
103231,2025-04-21,Europe,Spain,Home & Kitchen,Toaster,Marketplace,Small Business,Drew Okafor,12,$23.85,$10.64,0%,$286.20,$0.00,$286.20,$127.68,$158.52,Credit Card,5.0,No
103232,2025-04-21,Latin America,Argentina,Office Supplies,Pen Set,Online,Small Business,Diego Weber,1,$371.34,$207.09,0%,$371.34,$0.00,$371.34,$207.09,$164.25,Cash,4.6,No
103233,2025-04-21,Latin America,Brazil,Apparel,Wool Sweater,Online,Consumer,Drew Okafor,10,$84.02,$48.67,15%,$840.20,$126.03,$714.17,$486.70,$227.47,Credit Card,4.1,No
103234,2025-04-21,Asia Pacific,China,Apparel,Running Shoes,Retail Store,Consumer,Alex Reyes,11,$70.71,$34.32,0%,$777.81,$0.00,$777.81,$377.52,$400.29,Debit Card,4.3,No
103235,2025-04-22,Europe,Italy,Apparel,Sunglasses,Wholesale,Small Business,Drew Okafor,4,$110.21,$66.59,0%,$440.84,$0.00,$440.84,$266.36,$174.48,Credit Card,3.5,No
103236,2025-04-22,North America,Mexico,Home & Kitchen,Toaster,Online,Consumer,Riley Muller,12,$159.65,$80.97,0%,"$1,915.80",$0.00,"$1,915.80",$971.64,$944.16,Credit Card,5.0,No
103237,2025-04-22,Latin America,Argentina,Apparel,Wool Sweater,Online,Enterprise,Kenji Haddad,7,$64.99,$29.73,10%,$454.93,$45.49,$409.44,$208.11,$201.33,Cash,4.1,No
103238,2025-04-22,North America,Canada,Home & Kitchen,Cookware Set,Wholesale,Enterprise,Noah Santos,3,$114.65,$71.55,0%,$343.95,$0.00,$343.95,$214.65,$129.30,Debit Card,3.5,No
103239,2025-04-23,Middle East & Africa,Nigeria,Home & Kitchen,Coffee Maker,Marketplace,Consumer,Amara Costa,7,$85.31,$35.88,20%,$597.17,$119.43,$477.74,$251.16,$226.58,PayPal,4.4,No
103240,2025-04-23,Asia Pacific,China,Health & Beauty,Massage Gun,Marketplace,Consumer,Amara Costa,3,$33.15,$16.08,0%,$99.45,$0.00,$99.45,$48.24,$51.21,Cash,5.0,No
103241,2025-04-24,North America,Mexico,Health & Beauty,Yoga Mat,Wholesale,Small Business,Fatima Ahmed,1,$79.73,$35.00,5%,$79.73,$3.99,$75.74,$35.00,$40.74,Credit Card,5.0,No
103242,2025-04-24,Latin America,Colombia,Health & Beauty,Hair Dryer,Retail Store,Consumer,Amara Costa,5,$37.27,$21.33,0%,$186.35,$0.00,$186.35,$106.65,$79.70,Credit Card,4.4,No
103243,2025-04-24,Europe,Italy,Electronics,USB-C Hub,Online,Consumer,Noah Santos,10,$340.67,$145.08,20%,"$3,406.70",$681.34,"$2,725.36","$1,450.80","$1,274.56",PayPal,4.8,No
103244,2025-04-24,Latin America,Chile,Home & Kitchen,Cookware Set,Wholesale,Consumer,Jordan Chen,2,$68.06,$40.31,0%,$136.12,$0.00,$136.12,$80.62,$55.50,PayPal,4.2,No
103245,2025-04-24,Europe,Spain,Home & Kitchen,Air Fryer,Online,Consumer,Diego Weber,7,$55.91,$26.95,0%,$391.37,$0.00,$391.37,$188.65,$202.72,Credit Card,3.5,No
103246,2025-04-24,Europe,Netherlands,Health & Beauty,Fitness Tracker,Wholesale,Enterprise,Jamie Johansson,5,$90.64,$47.63,15%,$453.20,$67.98,$385.22,$238.15,$147.07,Credit Card,3.5,No
103247,2025-04-24,Asia Pacific,Singapore,Office Supplies,Notebook Set,Retail Store,Small Business,Morgan Kim,4,$151.58,$88.22,0%,$606.32,$0.00,$606.32,$352.88,$253.44,Cash,3.5,No
103248,2025-04-25,North America,Canada,Apparel,Sunglasses,Marketplace,Consumer,Drew Okafor,1,$101.46,$58.87,0%,$101.46,$0.00,$101.46,$58.87,$42.59,Credit Card,5.0,No
103249,2025-04-25,North America,Mexico,Health & Beauty,Massage Gun,Online,Consumer,Casey Garcia,14,$162.31,$66.90,0%,"$2,272.34",$0.00,"$2,272.34",$936.60,"$1,335.74",Cash,2.9,No
103250,2025-04-25,Middle East & Africa,South Africa,Office Supplies,Desk Organizer,Online,Small Business,Priya Rossi,10,$312.49,$172.10,0%,"$3,124.90",$0.00,"$3,124.90","$1,721.00","$1,403.90",PayPal,3.8,No
103251,2025-04-25,North America,Canada,Home & Kitchen,Coffee Maker,Online,Consumer,Fatima Ahmed,5,$25.87,$14.35,15%,$129.35,$19.40,$109.95,$71.75,$38.20,Credit Card,3.2,No
103252,2025-04-25,North America,Canada,Home & Kitchen,Toaster,Online,Consumer,Jordan Chen,10,$51.34,$30.98,0%,$513.40,$0.00,$513.40,$309.80,$203.60,Debit Card,5.0,No
103253,2025-04-25,North America,United States,Health & Beauty,Skincare Set,Online,Small Business,Noah Santos,9,$76.44,$43.29,0%,$687.96,$0.00,$687.96,$389.61,$298.35,Bank Transfer,4.4,No
103254,2025-04-26,North America,United States,Office Supplies,Ergonomic Chair,Retail Store,Consumer,Kenji Haddad,8,$167.14,$104.20,0%,"$1,337.12",$0.00,"$1,337.12",$833.60,$503.52,Credit Card,5.0,No
103255,2025-04-26,Europe,France,Home & Kitchen,Air Fryer,Wholesale,Consumer,Noah Santos,5,$100.32,$50.91,5%,$501.60,$25.08,$476.52,$254.55,$221.97,PayPal,4.9,No
103256,2025-04-26,North America,Canada,Electronics,Laptop Stand,Marketplace,Enterprise,Casey Garcia,20,$319.00,$158.58,0%,"$6,380.00",$0.00,"$6,380.00","$3,171.60","$3,208.40",Credit Card,4.7,No
103257,2025-04-26,Asia Pacific,India,Electronics,Power Bank,Online,Consumer,Wei Dubois,8,$75.13,$32.61,0%,$601.04,$0.00,$601.04,$260.88,$340.16,Bank Transfer,4.4,No
103258,2025-04-26,Asia Pacific,China,Home & Kitchen,Air Fryer,Wholesale,Consumer,Elena Lindqvist,1,$86.36,$48.63,0%,$86.36,$0.00,$86.36,$48.63,$37.73,PayPal,4.1,No
103259,2025-04-26,Europe,United Kingdom,Office Supplies,Standing Desk,Retail Store,Consumer,Sofia Kowalski,6,$302.74,$145.47,0%,"$1,816.44",$0.00,"$1,816.44",$872.82,$943.62,Credit Card,4.1,No
103260,2025-04-27,Europe,Netherlands,Electronics,Wireless Earbuds,Retail Store,Consumer,Taylor Patel,5,$144.12,$59.68,5%,$720.60,$36.03,$684.57,$298.40,$386.17,Debit Card,4.6,No
103261,2025-04-27,Europe,Germany,Health & Beauty,Electric Toothbrush,Online,Small Business,Noah Santos,11,$31.00,$15.61,0%,$341.00,$0.00,$341.00,$171.71,$169.29,Bank Transfer,3.6,No
103262,2025-04-27,Asia Pacific,China,Office Supplies,Standing Desk,Online,Consumer,Jordan Chen,8,$208.72,$93.46,0%,"$1,669.76",$0.00,"$1,669.76",$747.68,$922.08,Credit Card,3.8,Yes
103263,2025-04-27,Europe,Netherlands,Health & Beauty,Fitness Tracker,Online,Small Business,Noah Santos,9,$174.70,$74.44,10%,"$1,572.30",$157.23,"$1,415.07",$669.96,$745.11,Credit Card,4.7,No
103264,2025-04-27,North America,United States,Home & Kitchen,Cookware Set,Online,Consumer,Wei Dubois,2,$21.42,$12.29,10%,$42.84,$4.28,$38.56,$24.58,$13.98,PayPal,3.4,No
103265,2025-04-27,North America,United States,Apparel,Sunglasses,Retail Store,Small Business,Sam Silva,14,$29.75,$12.85,15%,$416.50,$62.47,$354.03,$179.90,$174.13,Credit Card,3.2,No
103266,2025-04-27,North America,Mexico,Home & Kitchen,Coffee Maker,Retail Store,Consumer,Wei Dubois,13,$87.74,$47.05,0%,"$1,140.62",$0.00,"$1,140.62",$611.65,$528.97,Credit Card,4.5,No
103267,2025-04-27,Latin America,Colombia,Electronics,Power Bank,Online,Consumer,Morgan Kim,7,$121.50,$76.10,15%,$850.50,$127.57,$722.93,$532.70,$190.23,Credit Card,4.1,No
103268,2025-04-27,North America,Mexico,Home & Kitchen,Coffee Maker,Online,Consumer,Fatima Ahmed,14,$214.23,$118.74,15%,"$2,999.22",$449.88,"$2,549.34","$1,662.36",$886.98,Debit Card,3.5,No
103269,2025-04-28,Latin America,Argentina,Office Supplies,Pen Set,Retail Store,Consumer,Jordan Chen,2,$71.48,$46.35,0%,$142.96,$0.00,$142.96,$92.70,$50.26,Credit Card,5.0,No
103270,2025-04-28,Europe,United Kingdom,Apparel,Running Shoes,Online,Small Business,Priya Rossi,5,$108.68,$64.53,5%,$543.40,$27.17,$516.23,$322.65,$193.58,Debit Card,4.9,No
103271,2025-04-28,Europe,Italy,Apparel,Backpack,Retail Store,Consumer,Priya Rossi,4,$69.03,$32.48,10%,$276.12,$27.61,$248.51,$129.92,$118.59,PayPal,4.1,No
103272,2025-04-28,Asia Pacific,Australia,Home & Kitchen,Air Fryer,Retail Store,Consumer,Diego Weber,20,$159.69,$69.50,10%,"$3,193.80",$319.38,"$2,874.42","$1,390.00","$1,484.42",Bank Transfer,3.7,No
103273,2025-04-29,Middle East & Africa,South Africa,Home & Kitchen,Vacuum Cleaner,Marketplace,Consumer,Jordan Chen,9,$135.99,$68.59,5%,"$1,223.91",$61.20,"$1,162.71",$617.31,$545.40,Debit Card,4.2,No
103274,2025-04-29,North America,Mexico,Health & Beauty,Yoga Mat,Retail Store,Consumer,Sofia Kowalski,5,$10.31,$6.00,15%,$51.55,$7.73,$43.82,$30.00,$13.82,Debit Card,5.0,No
103275,2025-04-29,North America,Mexico,Home & Kitchen,Vacuum Cleaner,Online,Small Business,Diego Weber,7,$196.86,$78.96,15%,"$1,378.02",$206.70,"$1,171.32",$552.72,$618.60,Credit Card,3.3,No
103276,2025-04-29,Latin America,Chile,Electronics,Power Bank,Online,Consumer,Cameron Nakamura,1,$38.87,$22.02,0%,$38.87,$0.00,$38.87,$22.02,$16.85,Debit Card,3.3,No
103277,2025-04-29,North America,United States,Electronics,Wireless Earbuds,Retail Store,Consumer,Jamie Johansson,9,$203.28,$87.60,0%,"$1,829.52",$0.00,"$1,829.52",$788.40,"$1,041.12",PayPal,4.2,No
103278,2025-04-29,North America,Mexico,Health & Beauty,Yoga Mat,Retail Store,Consumer,Fatima Ahmed,6,$97.37,$52.96,0%,$584.22,$0.00,$584.22,$317.76,$266.46,Credit Card,5.0,No
103279,2025-04-29,Europe,Italy,Apparel,Denim Jacket,Online,Consumer,Drew Okafor,13,$139.63,$88.18,15%,"$1,815.19",$272.28,"$1,542.91","$1,146.34",$396.57,Bank Transfer,4.0,Yes
103280,2025-04-29,Europe,United Kingdom,Electronics,Laptop Stand,Online,Small Business,Alex Reyes,14,$88.78,$43.38,0%,"$1,242.92",$0.00,"$1,242.92",$607.32,$635.60,PayPal,3.0,No
103281,2025-04-29,North America,United States,Home & Kitchen,Air Fryer,Marketplace,Consumer,Riley Muller,4,$157.22,$75.57,0%,$628.88,$0.00,$628.88,$302.28,$326.60,PayPal,5.0,Yes
103282,2025-04-29,Asia Pacific,Australia,Office Supplies,Notebook Set,Online,Consumer,Noah Santos,16,$363.48,$219.71,0%,"$5,815.68",$0.00,"$5,815.68","$3,515.36","$2,300.32",PayPal,4.1,No
103283,2025-04-29,Europe,France,Electronics,Smartwatch,Online,Consumer,Drew Okafor,4,$319.06,$185.24,5%,"$1,276.24",$63.81,"$1,212.43",$740.96,$471.47,Bank Transfer,4.0,No
103284,2025-04-29,Asia Pacific,South Korea,Home & Kitchen,Toaster,Online,Enterprise,Lucas Novak,3,$213.09,$93.08,0%,$639.27,$0.00,$639.27,$279.24,$360.03,Credit Card,3.3,No
103285,2025-04-29,North America,Canada,Apparel,Sunglasses,Online,Consumer,Riley Muller,3,$137.39,$64.23,0%,$412.17,$0.00,$412.17,$192.69,$219.48,Credit Card,5.0,No
103286,2025-04-30,North America,United States,Electronics,Laptop Stand,Retail Store,Consumer,Amara Costa,14,$286.84,$125.91,10%,"$4,015.76",$401.58,"$3,614.18","$1,762.74","$1,851.44",Credit Card,5.0,No
103287,2025-04-30,North America,Canada,Home & Kitchen,Air Fryer,Retail Store,Enterprise,Diego Weber,7,$138.07,$68.75,0%,$966.49,$0.00,$966.49,$481.25,$485.24,PayPal,4.1,No
103288,2025-04-30,Latin America,Chile,Home & Kitchen,Toaster,Retail Store,Small Business,Kenji Haddad,7,$21.74,$13.19,0%,$152.18,$0.00,$152.18,$92.33,$59.85,Debit Card,4.0,No
103289,2025-05-01,North America,United States,Office Supplies,Pen Set,Wholesale,Small Business,Jordan Chen,5,$193.20,$124.65,0%,$966.00,$0.00,$966.00,$623.25,$342.75,Debit Card,3.5,No
103290,2025-05-02,North America,Canada,Home & Kitchen,Vacuum Cleaner,Retail Store,Consumer,Diego Weber,10,$147.10,$74.50,20%,"$1,471.00",$294.20,"$1,176.80",$745.00,$431.80,Debit Card,4.7,No
103291,2025-05-02,Middle East & Africa,South Africa,Home & Kitchen,Blender,Marketplace,Consumer,Priya Rossi,6,$95.11,$45.83,0%,$570.66,$0.00,$570.66,$274.98,$295.68,Cash,4.1,No
103292,2025-05-02,Europe,France,Health & Beauty,Hair Dryer,Marketplace,Consumer,Diego Weber,4,$179.03,$71.88,20%,$716.12,$143.22,$572.90,$287.52,$285.38,Debit Card,3.7,No
103293,2025-05-02,Europe,United Kingdom,Office Supplies,Monitor Arm,Marketplace,Small Business,Fatima Ahmed,3,$358.39,$180.65,5%,"$1,075.17",$53.76,"$1,021.41",$541.95,$479.46,Credit Card,4.5,No
103294,2025-05-02,Asia Pacific,Singapore,Home & Kitchen,Blender,Wholesale,Consumer,Taylor Patel,7,$200.16,$102.67,0%,"$1,401.12",$0.00,"$1,401.12",$718.69,$682.43,Credit Card,4.9,No
103295,2025-05-02,North America,Mexico,Office Supplies,Standing Desk,Wholesale,Consumer,Lucas Novak,5,$320.16,$151.37,0%,"$1,600.80",$0.00,"$1,600.80",$756.85,$843.95,Debit Card,4.0,No
103296,2025-05-02,Europe,Germany,Home & Kitchen,Air Fryer,Online,Consumer,Casey Garcia,2,$198.94,$112.95,5%,$397.88,$19.89,$377.99,$225.90,$152.09,Credit Card,4.1,No
103297,2025-05-03,Europe,France,Health & Beauty,Massage Gun,Marketplace,Consumer,Cameron Nakamura,4,$159.90,$92.54,10%,$639.60,$63.96,$575.64,$370.16,$205.48,Debit Card,5.0,No
103298,2025-05-03,North America,Mexico,Home & Kitchen,Air Fryer,Retail Store,Consumer,Casey Garcia,14,$184.74,$102.78,0%,"$2,586.36",$0.00,"$2,586.36","$1,438.92","$1,147.44",Credit Card,5.0,No
103299,2025-05-03,Asia Pacific,Japan,Apparel,Running Shoes,Online,Consumer,Noah Santos,3,$71.06,$43.73,0%,$213.18,$0.00,$213.18,$131.19,$81.99,Credit Card,4.6,No
103300,2025-05-03,Asia Pacific,Japan,Apparel,Backpack,Retail Store,Consumer,Jamie Johansson,4,$107.35,$53.51,5%,$429.40,$21.47,$407.93,$214.04,$193.89,Bank Transfer,3.7,No
103301,2025-05-03,North America,Mexico,Health & Beauty,Hair Dryer,Retail Store,Consumer,Lucas Novak,3,$167.82,$98.03,0%,$503.46,$0.00,$503.46,$294.09,$209.37,Credit Card,3.6,No
103302,2025-05-03,Middle East & Africa,Nigeria,Home & Kitchen,Vacuum Cleaner,Online,Small Business,Sam Silva,4,$165.59,$74.03,0%,$662.36,$0.00,$662.36,$296.12,$366.24,PayPal,4.3,No
103303,2025-05-03,Latin America,Argentina,Office Supplies,Pen Set,Online,Small Business,Sofia Kowalski,3,$306.83,$146.15,0%,$920.49,$0.00,$920.49,$438.45,$482.04,Credit Card,4.4,No
103304,2025-05-03,Europe,Netherlands,Home & Kitchen,Blender,Online,Small Business,Sofia Kowalski,12,$127.90,$64.71,0%,"$1,534.80",$0.00,"$1,534.80",$776.52,$758.28,Credit Card,3.9,No
103305,2025-05-03,North America,Canada,Electronics,Wireless Earbuds,Retail Store,Consumer,Jamie Johansson,19,$110.36,$45.02,0%,"$2,096.84",$0.00,"$2,096.84",$855.38,"$1,241.46",Bank Transfer,4.2,No
103306,2025-05-04,Middle East & Africa,UAE,Home & Kitchen,Air Fryer,Online,Small Business,Taylor Patel,7,$141.21,$76.00,0%,$988.47,$0.00,$988.47,$532.00,$456.47,Credit Card,3.6,No
103307,2025-05-04,North America,Mexico,Apparel,Running Shoes,Online,Consumer,Morgan Kim,6,$142.08,$72.61,0%,$852.48,$0.00,$852.48,$435.66,$416.82,Cash,3.4,No
103308,2025-05-04,Latin America,Chile,Home & Kitchen,Air Fryer,Marketplace,Consumer,Diego Weber,4,$53.52,$25.13,0%,$214.08,$0.00,$214.08,$100.52,$113.56,Bank Transfer,4.6,No
103309,2025-05-04,Europe,Italy,Office Supplies,Standing Desk,Online,Enterprise,Amara Costa,17,$208.52,$93.96,10%,"$3,544.84",$354.48,"$3,190.36","$1,597.32","$1,593.04",Credit Card,4.7,No
103310,2025-05-04,North America,Canada,Apparel,Denim Jacket,Online,Small Business,Cameron Nakamura,1,$100.47,$45.96,0%,$100.47,$0.00,$100.47,$45.96,$54.51,Debit Card,3.7,No
103311,2025-05-04,North America,Mexico,Office Supplies,Desk Organizer,Retail Store,Consumer,Fatima Ahmed,3,$217.27,$129.88,20%,$651.81,$130.36,$521.45,$389.64,$131.81,Debit Card,3.9,No
103312,2025-05-04,North America,Canada,Office Supplies,Pen Set,Marketplace,Small Business,Jamie Johansson,3,$118.09,$75.15,5%,$354.27,$17.71,$336.56,$225.45,$111.11,Credit Card,3.7,No
103313,2025-05-04,Latin America,Colombia,Health & Beauty,Electric Toothbrush,Retail Store,Enterprise,Fatima Ahmed,6,$70.95,$38.37,0%,$425.70,$0.00,$425.70,$230.22,$195.48,Debit Card,5.0,No
103314,2025-05-04,North America,United States,Office Supplies,Notebook Set,Retail Store,Consumer,Alex Reyes,17,$361.22,$204.38,0%,"$6,140.74",$0.00,"$6,140.74","$3,474.46","$2,666.28",Credit Card,3.5,No
103315,2025-05-05,Europe,Netherlands,Office Supplies,Notebook Set,Online,Consumer,Wei Dubois,4,$386.88,$246.15,0%,"$1,547.52",$0.00,"$1,547.52",$984.60,$562.92,Cash,4.2,No
103316,2025-05-05,North America,United States,Office Supplies,Standing Desk,Online,Consumer,Alex Reyes,13,$117.64,$72.44,0%,"$1,529.32",$0.00,"$1,529.32",$941.72,$587.60,Debit Card,3.9,No
103317,2025-05-05,Asia Pacific,Japan,Home & Kitchen,Toaster,Retail Store,Consumer,Noah Santos,5,$156.67,$76.56,0%,$783.35,$0.00,$783.35,$382.80,$400.55,Credit Card,5.0,No
103318,2025-05-05,Latin America,Colombia,Office Supplies,Monitor Arm,Marketplace,Consumer,Taylor Patel,2,$171.15,$97.49,15%,$342.30,$51.34,$290.96,$194.98,$95.98,Debit Card,5.0,No
103319,2025-05-05,Asia Pacific,Singapore,Home & Kitchen,Coffee Maker,Marketplace,Small Business,Sam Silva,1,$50.64,$30.52,0%,$50.64,$0.00,$50.64,$30.52,$20.12,PayPal,4.2,No
103320,2025-05-06,Europe,Spain,Office Supplies,Standing Desk,Wholesale,Consumer,Fatima Ahmed,5,$146.33,$85.12,0%,$731.65,$0.00,$731.65,$425.60,$306.05,PayPal,3.7,No
103321,2025-05-06,Asia Pacific,Australia,Electronics,USB-C Hub,Online,Enterprise,Jordan Chen,9,$51.05,$24.46,10%,$459.45,$45.94,$413.51,$220.14,$193.37,Bank Transfer,4.0,No
103322,2025-05-06,North America,Canada,Home & Kitchen,Air Fryer,Wholesale,Consumer,Diego Weber,5,$200.83,$129.23,0%,"$1,004.15",$0.00,"$1,004.15",$646.15,$358.00,Credit Card,3.8,Yes
103323,2025-05-06,Europe,Netherlands,Electronics,Power Bank,Retail Store,Enterprise,Sofia Kowalski,10,$203.61,$124.02,0%,"$2,036.10",$0.00,"$2,036.10","$1,240.20",$795.90,Credit Card,5.0,No
103324,2025-05-06,North America,United States,Apparel,Running Shoes,Online,Small Business,Noah Santos,1,$44.94,$25.42,0%,$44.94,$0.00,$44.94,$25.42,$19.52,Credit Card,3.6,No
103325,2025-05-06,North America,Mexico,Home & Kitchen,Blender,Retail Store,Consumer,Elena Lindqvist,8,$212.91,$96.43,0%,"$1,703.28",$0.00,"$1,703.28",$771.44,$931.84,Debit Card,4.1,No
103326,2025-05-06,Asia Pacific,China,Health & Beauty,Yoga Mat,Retail Store,Consumer,Noah Santos,10,$143.89,$87.07,0%,"$1,438.90",$0.00,"$1,438.90",$870.70,$568.20,Credit Card,5.0,No
103327,2025-05-07,North America,Canada,Office Supplies,Desk Organizer,Retail Store,Enterprise,Jamie Johansson,6,$280.42,$152.08,0%,"$1,682.52",$0.00,"$1,682.52",$912.48,$770.04,Credit Card,4.9,Yes
103328,2025-05-07,Asia Pacific,South Korea,Office Supplies,Desk Organizer,Online,Consumer,Sam Silva,4,$80.32,$38.32,10%,$321.28,$32.13,$289.15,$153.28,$135.87,Debit Card,2.9,No
103329,2025-05-07,Asia Pacific,Japan,Home & Kitchen,Coffee Maker,Online,Consumer,Wei Dubois,8,$146.10,$66.37,0%,"$1,168.80",$0.00,"$1,168.80",$530.96,$637.84,Cash,3.6,No
103330,2025-05-07,Asia Pacific,China,Health & Beauty,Fitness Tracker,Retail Store,Consumer,Fatima Ahmed,7,$31.76,$13.82,0%,$222.32,$0.00,$222.32,$96.74,$125.58,PayPal,3.7,No
103331,2025-05-07,Asia Pacific,South Korea,Health & Beauty,Massage Gun,Online,Enterprise,Elena Lindqvist,3,$31.43,$15.64,10%,$94.29,$9.43,$84.86,$46.92,$37.94,Debit Card,4.4,No
103332,2025-05-07,Europe,Spain,Office Supplies,Ergonomic Chair,Online,Small Business,Wei Dubois,10,$51.57,$28.49,0%,$515.70,$0.00,$515.70,$284.90,$230.80,Credit Card,3.7,No
103333,2025-05-07,Asia Pacific,India,Office Supplies,Monitor Arm,Online,Consumer,Elena Lindqvist,10,$255.07,$140.55,0%,"$2,550.70",$0.00,"$2,550.70","$1,405.50","$1,145.20",Credit Card,4.9,No
103334,2025-05-08,North America,Canada,Office Supplies,Pen Set,Online,Consumer,Amara Costa,10,$378.58,$200.78,0%,"$3,785.80",$0.00,"$3,785.80","$2,007.80","$1,778.00",Credit Card,3.9,No
103335,2025-05-08,Latin America,Colombia,Health & Beauty,Hair Dryer,Online,Small Business,Sofia Kowalski,7,$68.99,$40.56,5%,$482.93,$24.15,$458.78,$283.92,$174.86,Credit Card,3.8,No
103336,2025-05-08,Europe,United Kingdom,Home & Kitchen,Coffee Maker,Online,Consumer,Lucas Novak,6,$191.85,$92.76,0%,"$1,151.10",$0.00,"$1,151.10",$556.56,$594.54,Debit Card,3.0,No
103337,2025-05-08,North America,Mexico,Apparel,Denim Jacket,Marketplace,Consumer,Drew Okafor,5,$49.07,$30.79,0%,$245.35,$0.00,$245.35,$153.95,$91.40,Credit Card,4.9,No
103338,2025-05-08,Europe,Italy,Health & Beauty,Skincare Set,Marketplace,Consumer,Diego Weber,8,$118.26,$55.02,0%,$946.08,$0.00,$946.08,$440.16,$505.92,Bank Transfer,5.0,No
103339,2025-05-08,Asia Pacific,South Korea,Apparel,Running Shoes,Retail Store,Consumer,Elena Lindqvist,9,$139.25,$76.50,0%,"$1,253.25",$0.00,"$1,253.25",$688.50,$564.75,Credit Card,4.2,No
103340,2025-05-08,North America,United States,Health & Beauty,Massage Gun,Online,Consumer,Priya Rossi,6,$106.60,$50.82,15%,$639.60,$95.94,$543.66,$304.92,$238.74,Debit Card,3.5,No
103341,2025-05-08,Europe,Germany,Apparel,Sunglasses,Retail Store,Enterprise,Cameron Nakamura,16,$55.21,$34.13,15%,$883.36,$132.50,$750.86,$546.08,$204.78,Credit Card,4.5,No
103342,2025-05-08,Asia Pacific,Australia,Apparel,Wool Sweater,Retail Store,Consumer,Morgan Kim,4,$145.54,$76.85,0%,$582.16,$0.00,$582.16,$307.40,$274.76,PayPal,4.2,No
103343,2025-05-08,North America,United States,Electronics,Power Bank,Online,Consumer,Priya Rossi,12,$192.18,$113.77,10%,"$2,306.16",$230.62,"$2,075.54","$1,365.24",$710.30,Cash,4.7,No
103344,2025-05-08,Asia Pacific,India,Electronics,Bluetooth Speaker,Retail Store,Consumer,Diego Weber,10,$201.16,$84.27,5%,"$2,011.60",$100.58,"$1,911.02",$842.70,"$1,068.32",Debit Card,4.2,No
103345,2025-05-09,Asia Pacific,China,Office Supplies,Monitor Arm,Online,Enterprise,Jamie Johansson,8,$43.17,$18.47,0%,$345.36,$0.00,$345.36,$147.76,$197.60,Credit Card,5.0,Yes
103346,2025-05-09,North America,Canada,Apparel,Denim Jacket,Retail Store,Consumer,Taylor Patel,12,$93.87,$57.82,20%,"$1,126.44",$225.29,$901.15,$693.84,$207.31,Credit Card,3.7,No
103347,2025-05-09,Middle East & Africa,Saudi Arabia,Electronics,Power Bank,Retail Store,Consumer,Noah Santos,7,$216.70,$120.75,5%,"$1,516.90",$75.85,"$1,441.05",$845.25,$595.80,Debit Card,4.4,No
103348,2025-05-09,Europe,Italy,Health & Beauty,Massage Gun,Wholesale,Consumer,Amara Costa,9,$14.01,$8.16,0%,$126.09,$0.00,$126.09,$73.44,$52.65,Debit Card,5.0,No
103349,2025-05-09,Europe,Germany,Office Supplies,Pen Set,Wholesale,Consumer,Fatima Ahmed,9,$293.68,$188.17,0%,"$2,643.12",$0.00,"$2,643.12","$1,693.53",$949.59,Credit Card,3.5,No
103350,2025-05-09,Asia Pacific,South Korea,Home & Kitchen,Coffee Maker,Retail Store,Consumer,Drew Okafor,13,$198.58,$117.96,0%,"$2,581.54",$0.00,"$2,581.54","$1,533.48","$1,048.06",Credit Card,4.5,No
103351,2025-05-10,Asia Pacific,Japan,Electronics,Bluetooth Speaker,Wholesale,Consumer,Kenji Haddad,14,$50.11,$30.83,0%,$701.54,$0.00,$701.54,$431.62,$269.92,Credit Card,4.1,No
103352,2025-05-10,Asia Pacific,Japan,Electronics,Bluetooth Speaker,Marketplace,Small Business,Wei Dubois,5,$155.85,$88.52,5%,$779.25,$38.96,$740.29,$442.60,$297.69,Credit Card,3.8,No
103353,2025-05-10,North America,United States,Electronics,Power Bank,Marketplace,Small Business,Diego Weber,17,$327.87,$137.34,20%,"$5,573.79","$1,114.76","$4,459.03","$2,334.78","$2,124.25",Credit Card,4.4,No
103354,2025-05-11,Europe,France,Home & Kitchen,Coffee Maker,Wholesale,Small Business,Jamie Johansson,4,$32.78,$18.57,5%,$131.12,$6.56,$124.56,$74.28,$50.28,Credit Card,3.6,No
103355,2025-05-11,Europe,France,Apparel,Running Shoes,Retail Store,Consumer,Casey Garcia,11,$39.33,$17.34,10%,$432.63,$43.26,$389.37,$190.74,$198.63,Credit Card,2.8,No
103356,2025-05-11,Europe,Spain,Electronics,Bluetooth Speaker,Online,Consumer,Diego Weber,3,$62.50,$25.44,0%,$187.50,$0.00,$187.50,$76.32,$111.18,Debit Card,5.0,No
103357,2025-05-11,Asia Pacific,China,Electronics,Bluetooth Speaker,Marketplace,Small Business,Kenji Haddad,2,$198.73,$119.76,10%,$397.46,$39.75,$357.71,$239.52,$118.19,Bank Transfer,5.0,No
103358,2025-05-11,Latin America,Chile,Home & Kitchen,Coffee Maker,Wholesale,Small Business,Riley Muller,7,$52.46,$29.79,0%,$367.22,$0.00,$367.22,$208.53,$158.69,Credit Card,4.6,No
103359,2025-05-11,Europe,United Kingdom,Office Supplies,Standing Desk,Marketplace,Consumer,Sam Silva,5,$231.12,$122.97,0%,"$1,155.60",$0.00,"$1,155.60",$614.85,$540.75,Credit Card,4.4,No
103360,2025-05-11,North America,United States,Electronics,Bluetooth Speaker,Retail Store,Small Business,Riley Muller,9,$347.94,$194.13,0%,"$3,131.46",$0.00,"$3,131.46","$1,747.17","$1,384.29",Credit Card,3.5,No
103361,2025-05-11,Asia Pacific,China,Electronics,Smartwatch,Online,Consumer,Jamie Johansson,5,$239.77,$115.52,0%,"$1,198.85",$0.00,"$1,198.85",$577.60,$621.25,Credit Card,3.2,No
103362,2025-05-11,Asia Pacific,South Korea,Home & Kitchen,Cookware Set,Retail Store,Small Business,Kenji Haddad,5,$164.92,$94.87,0%,$824.60,$0.00,$824.60,$474.35,$350.25,Credit Card,3.9,No
103363,2025-05-11,Europe,Germany,Apparel,Wool Sweater,Retail Store,Consumer,Diego Weber,10,$137.40,$79.65,5%,"$1,374.00",$68.70,"$1,305.30",$796.50,$508.80,Debit Card,4.9,No
103364,2025-05-12,Asia Pacific,India,Apparel,Running Shoes,Retail Store,Consumer,Jamie Johansson,9,$51.48,$24.01,0%,$463.32,$0.00,$463.32,$216.09,$247.23,Bank Transfer,5.0,No
103365,2025-05-12,North America,United States,Health & Beauty,Skincare Set,Retail Store,Consumer,Morgan Kim,5,$98.44,$43.51,0%,$492.20,$0.00,$492.20,$217.55,$274.65,Debit Card,4.4,No
103366,2025-05-12,Europe,Italy,Home & Kitchen,Cookware Set,Wholesale,Consumer,Jamie Johansson,9,$123.90,$77.28,0%,"$1,115.10",$0.00,"$1,115.10",$695.52,$419.58,PayPal,5.0,No
103367,2025-05-13,Middle East & Africa,South Africa,Electronics,Laptop Stand,Retail Store,Consumer,Casey Garcia,3,$202.34,$87.53,0%,$607.02,$0.00,$607.02,$262.59,$344.43,Debit Card,4.6,No
103368,2025-05-13,Europe,Netherlands,Apparel,Yoga Pants,Marketplace,Consumer,Morgan Kim,10,$54.01,$32.95,0%,$540.10,$0.00,$540.10,$329.50,$210.60,Credit Card,4.5,No
103369,2025-05-13,Asia Pacific,Australia,Home & Kitchen,Vacuum Cleaner,Wholesale,Consumer,Alex Reyes,11,$112.77,$47.40,5%,"$1,240.47",$62.02,"$1,178.45",$521.40,$657.05,Bank Transfer,4.8,No
103370,2025-05-13,Asia Pacific,Japan,Electronics,Bluetooth Speaker,Retail Store,Small Business,Sam Silva,15,$47.03,$18.85,0%,$705.45,$0.00,$705.45,$282.75,$422.70,PayPal,4.4,No
103371,2025-05-13,Europe,Spain,Home & Kitchen,Toaster,Online,Consumer,Taylor Patel,7,$65.21,$40.83,0%,$456.47,$0.00,$456.47,$285.81,$170.66,PayPal,4.3,No
103372,2025-05-13,North America,United States,Apparel,Yoga Pants,Retail Store,Consumer,Jordan Chen,6,$76.79,$35.73,0%,$460.74,$0.00,$460.74,$214.38,$246.36,Debit Card,3.4,No
103373,2025-05-13,North America,Canada,Apparel,Yoga Pants,Wholesale,Enterprise,Drew Okafor,4,$24.98,$13.73,10%,$99.92,$9.99,$89.93,$54.92,$35.01,Credit Card,4.5,No
103374,2025-05-13,Asia Pacific,China,Office Supplies,Ergonomic Chair,Retail Store,Consumer,Taylor Patel,2,$156.44,$69.73,0%,$312.88,$0.00,$312.88,$139.46,$173.42,Debit Card,5.0,No
103375,2025-05-13,North America,Mexico,Apparel,Sunglasses,Retail Store,Consumer,Riley Muller,7,$77.91,$36.78,0%,$545.37,$0.00,$545.37,$257.46,$287.91,Bank Transfer,4.1,No
103376,2025-05-13,Latin America,Chile,Home & Kitchen,Air Fryer,Online,Consumer,Morgan Kim,12,$202.57,$96.59,0%,"$2,430.84",$0.00,"$2,430.84","$1,159.08","$1,271.76",Credit Card,3.8,No
103377,2025-05-14,Asia Pacific,India,Office Supplies,Standing Desk,Wholesale,Consumer,Drew Okafor,11,$320.77,$186.33,5%,"$3,528.47",$176.42,"$3,352.05","$2,049.63","$1,302.42",Credit Card,3.6,No
103378,2025-05-14,North America,Mexico,Electronics,Bluetooth Speaker,Online,Consumer,Casey Garcia,14,$127.23,$63.03,0%,"$1,781.22",$0.00,"$1,781.22",$882.42,$898.80,Credit Card,4.9,No
103379,2025-05-14,Middle East & Africa,Nigeria,Electronics,Bluetooth Speaker,Retail Store,Small Business,Noah Santos,5,$329.76,$203.38,0%,"$1,648.80",$0.00,"$1,648.80","$1,016.90",$631.90,PayPal,5.0,No
103380,2025-05-14,North America,Canada,Health & Beauty,Fitness Tracker,Online,Consumer,Kenji Haddad,6,$49.07,$24.57,0%,$294.42,$0.00,$294.42,$147.42,$147.00,Credit Card,4.5,No
103381,2025-05-14,Europe,Netherlands,Office Supplies,Ergonomic Chair,Marketplace,Enterprise,Diego Weber,4,$218.39,$134.87,0%,$873.56,$0.00,$873.56,$539.48,$334.08,PayPal,4.0,No
103382,2025-05-14,North America,United States,Apparel,Wool Sweater,Retail Store,Enterprise,Riley Muller,1,$22.11,$10.28,0%,$22.11,$0.00,$22.11,$10.28,$11.83,Credit Card,3.3,No
103383,2025-05-14,Asia Pacific,India,Apparel,Sunglasses,Wholesale,Small Business,Lucas Novak,15,$128.69,$63.13,0%,"$1,930.35",$0.00,"$1,930.35",$946.95,$983.40,Credit Card,4.5,No
103384,2025-05-14,Europe,Spain,Home & Kitchen,Blender,Online,Small Business,Diego Weber,9,$49.28,$31.29,0%,$443.52,$0.00,$443.52,$281.61,$161.91,Debit Card,3.7,Yes
103385,2025-05-14,Europe,Germany,Electronics,Power Bank,Online,Consumer,Taylor Patel,3,$143.19,$62.74,0%,$429.57,$0.00,$429.57,$188.22,$241.35,Debit Card,4.5,No
103386,2025-05-14,Asia Pacific,South Korea,Electronics,USB-C Hub,Online,Small Business,Elena Lindqvist,11,$259.91,$154.21,0%,"$2,859.01",$0.00,"$2,859.01","$1,696.31","$1,162.70",Credit Card,4.1,No
103387,2025-05-14,Europe,Netherlands,Office Supplies,Notebook Set,Online,Consumer,Noah Santos,10,$225.51,$101.44,0%,"$2,255.10",$0.00,"$2,255.10","$1,014.40","$1,240.70",Debit Card,5.0,No
103388,2025-05-15,Middle East & Africa,UAE,Office Supplies,Pen Set,Retail Store,Consumer,Morgan Kim,5,$289.73,$124.26,5%,"$1,448.65",$72.43,"$1,376.22",$621.30,$754.92,Debit Card,4.5,No
103389,2025-05-15,Europe,Netherlands,Home & Kitchen,Coffee Maker,Wholesale,Consumer,Fatima Ahmed,4,$134.78,$58.96,15%,$539.12,$80.87,$458.25,$235.84,$222.41,Bank Transfer,4.9,No
103390,2025-05-15,Middle East & Africa,South Africa,Apparel,Running Shoes,Marketplace,Consumer,Morgan Kim,3,$65.49,$34.58,0%,$196.47,$0.00,$196.47,$103.74,$92.73,Bank Transfer,3.8,No
103391,2025-05-15,Asia Pacific,India,Health & Beauty,Fitness Tracker,Online,Small Business,Lucas Novak,4,$108.50,$66.75,0%,$434.00,$0.00,$434.00,$267.00,$167.00,Debit Card,4.3,No
103392,2025-05-15,Europe,Italy,Electronics,Power Bank,Marketplace,Small Business,Casey Garcia,4,$294.51,$164.58,0%,"$1,178.04",$0.00,"$1,178.04",$658.32,$519.72,Credit Card,5.0,No
103393,2025-05-15,Europe,Italy,Office Supplies,Standing Desk,Retail Store,Enterprise,Amara Costa,13,$188.04,$112.36,15%,"$2,444.52",$366.68,"$2,077.84","$1,460.68",$617.16,Credit Card,4.8,No
103394,2025-05-15,Asia Pacific,South Korea,Electronics,Smartwatch,Marketplace,Consumer,Elena Lindqvist,13,$78.83,$48.57,0%,"$1,024.79",$0.00,"$1,024.79",$631.41,$393.38,PayPal,3.8,No
103395,2025-05-16,Asia Pacific,South Korea,Electronics,Wireless Earbuds,Marketplace,Consumer,Jamie Johansson,9,$246.51,$107.88,0%,"$2,218.59",$0.00,"$2,218.59",$970.92,"$1,247.67",Credit Card,3.6,No
103396,2025-05-16,North America,Mexico,Electronics,Wireless Earbuds,Online,Small Business,Lucas Novak,13,$274.20,$149.02,0%,"$3,564.60",$0.00,"$3,564.60","$1,937.26","$1,627.34",Bank Transfer,4.8,No
103397,2025-05-16,North America,United States,Health & Beauty,Hair Dryer,Marketplace,Small Business,Lucas Novak,5,$148.43,$62.28,0%,$742.15,$0.00,$742.15,$311.40,$430.75,PayPal,4.7,No
103398,2025-05-16,Middle East & Africa,Saudi Arabia,Electronics,Wireless Earbuds,Wholesale,Small Business,Diego Weber,8,$305.35,$166.89,0%,"$2,442.80",$0.00,"$2,442.80","$1,335.12","$1,107.68",Credit Card,4.7,No
103399,2025-05-16,Asia Pacific,South Korea,Electronics,USB-C Hub,Retail Store,Consumer,Drew Okafor,24,$30.29,$13.57,0%,$726.96,$0.00,$726.96,$325.68,$401.28,PayPal,5.0,No
103400,2025-05-17,North America,Mexico,Electronics,Smartwatch,Online,Consumer,Priya Rossi,6,$107.89,$49.12,0%,$647.34,$0.00,$647.34,$294.72,$352.62,Debit Card,3.6,No
103401,2025-05-17,Europe,France,Apparel,Wool Sweater,Retail Store,Consumer,Jordan Chen,7,$104.57,$63.67,0%,$731.99,$0.00,$731.99,$445.69,$286.30,Bank Transfer,4.6,No
103402,2025-05-17,North America,Canada,Electronics,Smartwatch,Retail Store,Small Business,Sam Silva,4,$273.80,$164.53,0%,"$1,095.20",$0.00,"$1,095.20",$658.12,$437.08,Debit Card,3.5,No
103403,2025-05-17,Asia Pacific,Australia,Health & Beauty,Hair Dryer,Marketplace,Consumer,Lucas Novak,1,$52.61,$22.02,0%,$52.61,$0.00,$52.61,$22.02,$30.59,Bank Transfer,3.5,No
103404,2025-05-17,Europe,France,Electronics,Smartwatch,Retail Store,Consumer,Noah Santos,3,$25.65,$12.09,0%,$76.95,$0.00,$76.95,$36.27,$40.68,Credit Card,4.7,No
103405,2025-05-18,Asia Pacific,India,Office Supplies,Ergonomic Chair,Marketplace,Enterprise,Sofia Kowalski,1,$54.72,$26.97,0%,$54.72,$0.00,$54.72,$26.97,$27.75,Credit Card,3.7,No
103406,2025-05-18,Europe,Germany,Home & Kitchen,Air Fryer,Online,Consumer,Sofia Kowalski,20,$60.54,$32.38,0%,"$1,210.80",$0.00,"$1,210.80",$647.60,$563.20,PayPal,3.6,No
103407,2025-05-18,Europe,Spain,Health & Beauty,Yoga Mat,Online,Small Business,Amara Costa,7,$91.13,$40.37,0%,$637.91,$0.00,$637.91,$282.59,$355.32,Credit Card,3.9,No
103408,2025-05-18,Asia Pacific,China,Office Supplies,Desk Organizer,Retail Store,Small Business,Fatima Ahmed,9,$23.56,$13.65,10%,$212.04,$21.20,$190.84,$122.85,$67.99,Credit Card,3.7,No
103409,2025-05-18,Latin America,Brazil,Health & Beauty,Yoga Mat,Online,Consumer,Wei Dubois,5,$38.99,$16.31,0%,$194.95,$0.00,$194.95,$81.55,$113.40,Credit Card,4.6,No
103410,2025-05-18,Asia Pacific,China,Home & Kitchen,Blender,Marketplace,Enterprise,Sofia Kowalski,12,$63.35,$30.92,0%,$760.20,$0.00,$760.20,$371.04,$389.16,Credit Card,4.4,No
103411,2025-05-18,North America,Mexico,Electronics,Wireless Earbuds,Wholesale,Consumer,Alex Reyes,2,$316.92,$173.75,0%,$633.84,$0.00,$633.84,$347.50,$286.34,Credit Card,4.4,No
103412,2025-05-18,Europe,Netherlands,Electronics,Smartwatch,Retail Store,Consumer,Diego Weber,7,$122.41,$76.05,10%,$856.87,$85.69,$771.18,$532.35,$238.83,Bank Transfer,3.8,No
103413,2025-05-18,North America,Mexico,Home & Kitchen,Blender,Wholesale,Small Business,Kenji Haddad,11,$20.14,$10.77,20%,$221.54,$44.31,$177.23,$118.47,$58.76,Bank Transfer,3.7,No
103414,2025-05-19,Europe,Italy,Home & Kitchen,Vacuum Cleaner,Online,Consumer,Elena Lindqvist,10,$99.68,$42.40,0%,$996.80,$0.00,$996.80,$424.00,$572.80,Credit Card,3.7,No
103415,2025-05-19,Asia Pacific,Australia,Health & Beauty,Skincare Set,Retail Store,Consumer,Sofia Kowalski,3,$165.76,$67.06,0%,$497.28,$0.00,$497.28,$201.18,$296.10,PayPal,3.8,No
103416,2025-05-19,North America,United States,Home & Kitchen,Blender,Online,Small Business,Elena Lindqvist,6,$213.56,$127.20,0%,"$1,281.36",$0.00,"$1,281.36",$763.20,$518.16,Credit Card,4.2,No
103417,2025-05-19,North America,Mexico,Office Supplies,Desk Organizer,Marketplace,Consumer,Elena Lindqvist,1,$60.89,$27.03,15%,$60.89,$9.13,$51.76,$27.03,$24.73,Credit Card,5.0,No
103418,2025-05-19,Europe,Spain,Office Supplies,Pen Set,Retail Store,Small Business,Elena Lindqvist,3,$110.83,$67.36,5%,$332.49,$16.62,$315.87,$202.08,$113.79,Debit Card,3.5,No
103419,2025-05-19,North America,Mexico,Apparel,Backpack,Online,Consumer,Cameron Nakamura,10,$71.45,$45.85,0%,$714.50,$0.00,$714.50,$458.50,$256.00,Bank Transfer,4.7,No
103420,2025-05-19,Asia Pacific,China,Office Supplies,Ergonomic Chair,Online,Consumer,Sam Silva,2,$156.65,$69.71,10%,$313.30,$31.33,$281.97,$139.42,$142.55,Credit Card,3.7,No
103421,2025-05-19,Europe,Germany,Office Supplies,Desk Organizer,Online,Consumer,Kenji Haddad,7,$63.82,$27.80,0%,$446.74,$0.00,$446.74,$194.60,$252.14,Credit Card,4.8,No
103422,2025-05-19,North America,Mexico,Apparel,Wool Sweater,Retail Store,Small Business,Riley Muller,10,$92.80,$37.61,15%,$928.00,$139.20,$788.80,$376.10,$412.70,Credit Card,4.1,No
103423,2025-05-19,North America,Mexico,Home & Kitchen,Coffee Maker,Retail Store,Consumer,Riley Muller,13,$213.96,$94.68,10%,"$2,781.48",$278.15,"$2,503.33","$1,230.84","$1,272.49",Debit Card,3.8,No
103424,2025-05-20,Europe,Netherlands,Electronics,Power Bank,Retail Store,Consumer,Wei Dubois,4,$334.95,$196.67,0%,"$1,339.80",$0.00,"$1,339.80",$786.68,$553.12,Credit Card,4.9,No
103425,2025-05-20,Europe,Germany,Home & Kitchen,Vacuum Cleaner,Marketplace,Consumer,Wei Dubois,11,$46.99,$25.81,10%,$516.89,$51.69,$465.20,$283.91,$181.29,PayPal,4.8,No
103426,2025-05-20,Asia Pacific,China,Health & Beauty,Yoga Mat,Online,Enterprise,Elena Lindqvist,8,$90.63,$56.65,5%,$725.04,$36.25,$688.79,$453.20,$235.59,PayPal,4.6,No
103427,2025-05-20,North America,United States,Home & Kitchen,Toaster,Retail Store,Small Business,Alex Reyes,8,$177.07,$78.66,10%,"$1,416.56",$141.66,"$1,274.90",$629.28,$645.62,Debit Card,4.4,No
103428,2025-05-20,Latin America,Brazil,Home & Kitchen,Air Fryer,Online,Consumer,Noah Santos,10,$120.56,$77.50,5%,"$1,205.60",$60.28,"$1,145.32",$775.00,$370.32,Debit Card,4.6,No
103429,2025-05-20,Asia Pacific,Singapore,Health & Beauty,Yoga Mat,Online,Consumer,Fatima Ahmed,10,$156.34,$88.98,0%,"$1,563.40",$0.00,"$1,563.40",$889.80,$673.60,Credit Card,4.1,Yes
103430,2025-05-20,Europe,Germany,Electronics,Smartwatch,Wholesale,Consumer,Alex Reyes,3,$136.19,$59.09,0%,$408.57,$0.00,$408.57,$177.27,$231.30,Bank Transfer,4.9,No
103431,2025-05-21,Europe,Spain,Health & Beauty,Skincare Set,Online,Consumer,Wei Dubois,3,$148.86,$90.41,10%,$446.58,$44.66,$401.92,$271.23,$130.69,Debit Card,4.2,No
103432,2025-05-21,Europe,Netherlands,Electronics,Bluetooth Speaker,Retail Store,Consumer,Noah Santos,5,$236.15,$138.99,5%,"$1,180.75",$59.04,"$1,121.71",$694.95,$426.76,PayPal,4.3,No
103433,2025-05-21,Europe,Italy,Health & Beauty,Skincare Set,Wholesale,Consumer,Sam Silva,3,$138.02,$60.70,10%,$414.06,$41.41,$372.65,$182.10,$190.55,Credit Card,4.4,No
103434,2025-05-21,North America,United States,Health & Beauty,Electric Toothbrush,Online,Consumer,Riley Muller,9,$141.58,$73.06,0%,"$1,274.22",$0.00,"$1,274.22",$657.54,$616.68,Credit Card,4.7,No
103435,2025-05-21,Middle East & Africa,Saudi Arabia,Home & Kitchen,Air Fryer,Online,Small Business,Riley Muller,5,$95.49,$40.71,0%,$477.45,$0.00,$477.45,$203.55,$273.90,Debit Card,5.0,No
103436,2025-05-21,Europe,France,Electronics,Laptop Stand,Online,Consumer,Sofia Kowalski,6,$223.40,$118.26,0%,"$1,340.40",$0.00,"$1,340.40",$709.56,$630.84,Credit Card,4.6,No
103437,2025-05-22,North America,Canada,Health & Beauty,Skincare Set,Marketplace,Enterprise,Priya Rossi,12,$90.68,$42.59,5%,"$1,088.16",$54.41,"$1,033.75",$511.08,$522.67,Cash,4.0,No
103438,2025-05-22,North America,Canada,Office Supplies,Desk Organizer,Marketplace,Consumer,Priya Rossi,7,$237.56,$144.94,0%,"$1,662.92",$0.00,"$1,662.92","$1,014.58",$648.34,PayPal,4.0,No
103439,2025-05-22,Europe,Italy,Home & Kitchen,Air Fryer,Online,Small Business,Sam Silva,4,$109.84,$61.22,0%,$439.36,$0.00,$439.36,$244.88,$194.48,Debit Card,3.6,No
103440,2025-05-22,North America,Canada,Health & Beauty,Skincare Set,Retail Store,Consumer,Jamie Johansson,10,$109.78,$62.10,10%,"$1,097.80",$109.78,$988.02,$621.00,$367.02,PayPal,3.6,No
103441,2025-05-22,Europe,United Kingdom,Home & Kitchen,Air Fryer,Online,Consumer,Jordan Chen,8,$133.28,$56.28,0%,"$1,066.24",$0.00,"$1,066.24",$450.24,$616.00,Debit Card,4.1,No
103442,2025-05-22,Latin America,Chile,Home & Kitchen,Toaster,Online,Consumer,Lucas Novak,8,$114.67,$47.41,20%,$917.36,$183.47,$733.89,$379.28,$354.61,Credit Card,4.5,No
103443,2025-05-22,Latin America,Argentina,Electronics,Smartwatch,Online,Consumer,Jordan Chen,4,$190.05,$110.67,0%,$760.20,$0.00,$760.20,$442.68,$317.52,Credit Card,3.8,Yes
103444,2025-05-22,Asia Pacific,South Korea,Apparel,Sunglasses,Retail Store,Small Business,Sofia Kowalski,6,$82.95,$53.21,5%,$497.70,$24.88,$472.82,$319.26,$153.56,PayPal,4.0,No
103445,2025-05-23,Latin America,Chile,Health & Beauty,Fitness Tracker,Retail Store,Small Business,Diego Weber,5,$47.02,$29.02,0%,$235.10,$0.00,$235.10,$145.10,$90.00,PayPal,4.1,No
103446,2025-05-23,Asia Pacific,India,Apparel,Backpack,Retail Store,Small Business,Wei Dubois,4,$115.50,$58.48,0%,$462.00,$0.00,$462.00,$233.92,$228.08,Credit Card,3.3,No
103447,2025-05-23,North America,Mexico,Home & Kitchen,Coffee Maker,Online,Consumer,Sam Silva,3,$106.06,$53.34,0%,$318.18,$0.00,$318.18,$160.02,$158.16,Bank Transfer,4.5,No
103448,2025-05-23,Europe,Italy,Office Supplies,Monitor Arm,Marketplace,Consumer,Priya Rossi,9,$392.73,$225.61,5%,"$3,534.57",$176.73,"$3,357.84","$2,030.49","$1,327.35",PayPal,3.1,No
103449,2025-05-23,North America,United States,Office Supplies,Pen Set,Online,Consumer,Fatima Ahmed,14,$265.34,$169.40,15%,"$3,714.76",$557.21,"$3,157.55","$2,371.60",$785.95,Cash,3.5,No
103450,2025-05-23,Europe,Italy,Health & Beauty,Yoga Mat,Online,Consumer,Drew Okafor,4,$166.15,$103.84,0%,$664.60,$0.00,$664.60,$415.36,$249.24,Credit Card,3.3,No
103451,2025-05-23,Europe,Netherlands,Home & Kitchen,Toaster,Online,Consumer,Jordan Chen,11,$152.71,$93.60,0%,"$1,679.81",$0.00,"$1,679.81","$1,029.60",$650.21,Credit Card,4.4,No
103452,2025-05-23,Asia Pacific,Australia,Office Supplies,Standing Desk,Retail Store,Consumer,Alex Reyes,22,$388.07,$221.44,5%,"$8,537.54",$426.88,"$8,110.66","$4,871.68","$3,238.98",Credit Card,4.4,No
103453,2025-05-24,Europe,Netherlands,Health & Beauty,Fitness Tracker,Online,Consumer,Drew Okafor,6,$143.83,$81.61,0%,$862.98,$0.00,$862.98,$489.66,$373.32,Credit Card,4.9,No
103454,2025-05-24,North America,United States,Home & Kitchen,Coffee Maker,Retail Store,Consumer,Elena Lindqvist,1,$188.65,$77.86,5%,$188.65,$9.43,$179.22,$77.86,$101.36,PayPal,4.1,No
103455,2025-05-24,Asia Pacific,South Korea,Electronics,Laptop Stand,Online,Consumer,Wei Dubois,7,$153.41,$80.30,0%,"$1,073.87",$0.00,"$1,073.87",$562.10,$511.77,Credit Card,5.0,No
103456,2025-05-24,Asia Pacific,Singapore,Health & Beauty,Electric Toothbrush,Online,Enterprise,Morgan Kim,10,$62.45,$32.51,0%,$624.50,$0.00,$624.50,$325.10,$299.40,Credit Card,4.2,No
103457,2025-05-25,Middle East & Africa,UAE,Home & Kitchen,Vacuum Cleaner,Online,Enterprise,Diego Weber,8,$212.76,$107.96,0%,"$1,702.08",$0.00,"$1,702.08",$863.68,$838.40,Credit Card,4.2,No
103458,2025-05-25,Latin America,Argentina,Office Supplies,Pen Set,Wholesale,Small Business,Morgan Kim,12,$390.46,$200.10,0%,"$4,685.52",$0.00,"$4,685.52","$2,401.20","$2,284.32",PayPal,3.0,No
103459,2025-05-25,North America,Mexico,Electronics,USB-C Hub,Marketplace,Small Business,Elena Lindqvist,2,$59.69,$29.61,0%,$119.38,$0.00,$119.38,$59.22,$60.16,Credit Card,3.4,No
103460,2025-05-25,North America,United States,Home & Kitchen,Vacuum Cleaner,Online,Consumer,Noah Santos,6,$45.59,$28.15,0%,$273.54,$0.00,$273.54,$168.90,$104.64,Credit Card,3.0,No
103461,2025-05-25,Asia Pacific,India,Electronics,USB-C Hub,Online,Small Business,Lucas Novak,14,$247.79,$124.68,10%,"$3,469.06",$346.91,"$3,122.15","$1,745.52","$1,376.63",Debit Card,3.6,No
103462,2025-05-25,North America,Mexico,Home & Kitchen,Coffee Maker,Retail Store,Consumer,Morgan Kim,1,$111.74,$61.49,15%,$111.74,$16.76,$94.98,$61.49,$33.49,Credit Card,4.2,No
103463,2025-05-25,Middle East & Africa,Saudi Arabia,Apparel,Yoga Pants,Retail Store,Consumer,Casey Garcia,10,$142.85,$78.16,15%,"$1,428.50",$214.28,"$1,214.22",$781.60,$432.62,Debit Card,4.2,No
103464,2025-05-25,Asia Pacific,Australia,Office Supplies,Monitor Arm,Online,Enterprise,Noah Santos,4,$362.34,$184.86,5%,"$1,449.36",$72.47,"$1,376.89",$739.44,$637.45,Credit Card,3.9,No
103465,2025-05-25,North America,Canada,Office Supplies,Notebook Set,Marketplace,Consumer,Lucas Novak,4,$372.95,$210.54,0%,"$1,491.80",$0.00,"$1,491.80",$842.16,$649.64,Credit Card,5.0,No
103466,2025-05-25,Asia Pacific,China,Electronics,Laptop Stand,Marketplace,Consumer,Jordan Chen,7,$210.23,$116.89,0%,"$1,471.61",$0.00,"$1,471.61",$818.23,$653.38,Bank Transfer,5.0,No
103467,2025-05-25,North America,United States,Home & Kitchen,Coffee Maker,Online,Consumer,Fatima Ahmed,9,$149.65,$97.00,0%,"$1,346.85",$0.00,"$1,346.85",$873.00,$473.85,Bank Transfer,4.7,No
103468,2025-05-26,Europe,United Kingdom,Electronics,Laptop Stand,Marketplace,Small Business,Sofia Kowalski,2,$171.26,$103.72,0%,$342.52,$0.00,$342.52,$207.44,$135.08,PayPal,4.6,No
103469,2025-05-26,Asia Pacific,South Korea,Electronics,Bluetooth Speaker,Retail Store,Consumer,Sofia Kowalski,8,$292.36,$124.94,0%,"$2,338.88",$0.00,"$2,338.88",$999.52,"$1,339.36",PayPal,3.8,No
103470,2025-05-26,Asia Pacific,South Korea,Health & Beauty,Skincare Set,Wholesale,Consumer,Drew Okafor,18,$55.23,$27.79,5%,$994.14,$49.71,$944.43,$500.22,$444.21,Cash,5.0,No
103471,2025-05-26,Asia Pacific,Australia,Home & Kitchen,Blender,Retail Store,Consumer,Wei Dubois,10,$107.71,$69.32,5%,"$1,077.10",$53.86,"$1,023.24",$693.20,$330.04,Credit Card,3.4,No
103472,2025-05-26,Asia Pacific,Australia,Home & Kitchen,Vacuum Cleaner,Retail Store,Small Business,Priya Rossi,3,$91.94,$40.01,0%,$275.82,$0.00,$275.82,$120.03,$155.79,Credit Card,4.5,No
103473,2025-05-26,Europe,Italy,Electronics,Smartwatch,Marketplace,Consumer,Elena Lindqvist,9,$79.32,$49.05,5%,$713.88,$35.69,$678.19,$441.45,$236.74,Bank Transfer,4.7,No
103474,2025-05-27,North America,United States,Health & Beauty,Massage Gun,Wholesale,Consumer,Amara Costa,20,$98.97,$54.88,0%,"$1,979.40",$0.00,"$1,979.40","$1,097.60",$881.80,Debit Card,3.9,No
103475,2025-05-27,North America,Mexico,Health & Beauty,Fitness Tracker,Wholesale,Consumer,Sam Silva,17,$62.38,$26.46,0%,"$1,060.46",$0.00,"$1,060.46",$449.82,$610.64,Credit Card,5.0,No
103476,2025-05-27,North America,United States,Home & Kitchen,Coffee Maker,Retail Store,Small Business,Cameron Nakamura,4,$143.82,$60.91,0%,$575.28,$0.00,$575.28,$243.64,$331.64,Credit Card,4.2,No
103477,2025-05-27,North America,United States,Electronics,USB-C Hub,Marketplace,Consumer,Jamie Johansson,6,$211.91,$87.52,0%,"$1,271.46",$0.00,"$1,271.46",$525.12,$746.34,PayPal,5.0,No
103478,2025-05-27,Europe,Spain,Health & Beauty,Yoga Mat,Online,Enterprise,Kenji Haddad,11,$61.88,$29.08,15%,$680.68,$102.10,$578.58,$319.88,$258.70,PayPal,3.5,No
103479,2025-05-28,North America,United States,Health & Beauty,Hair Dryer,Wholesale,Consumer,Sofia Kowalski,12,$155.11,$89.69,10%,"$1,861.32",$186.13,"$1,675.19","$1,076.28",$598.91,Credit Card,5.0,No
103480,2025-05-28,Europe,United Kingdom,Office Supplies,Ergonomic Chair,Retail Store,Consumer,Lucas Novak,4,$390.82,$173.30,10%,"$1,563.28",$156.33,"$1,406.95",$693.20,$713.75,Credit Card,3.0,No
103481,2025-05-28,Europe,United Kingdom,Home & Kitchen,Air Fryer,Marketplace,Consumer,Jamie Johansson,15,$211.02,$135.32,0%,"$3,165.30",$0.00,"$3,165.30","$2,029.80","$1,135.50",PayPal,3.9,No
103482,2025-05-28,Europe,Germany,Electronics,Power Bank,Wholesale,Enterprise,Noah Santos,25,$73.49,$38.22,0%,"$1,837.25",$0.00,"$1,837.25",$955.50,$881.75,PayPal,3.7,No
103483,2025-05-28,Europe,Netherlands,Home & Kitchen,Toaster,Online,Consumer,Sofia Kowalski,11,$219.70,$110.74,0%,"$2,416.70",$0.00,"$2,416.70","$1,218.14","$1,198.56",Credit Card,4.4,No
103484,2025-05-28,North America,United States,Electronics,Bluetooth Speaker,Wholesale,Small Business,Wei Dubois,8,$322.13,$175.07,5%,"$2,577.04",$128.85,"$2,448.19","$1,400.56","$1,047.63",Credit Card,3.8,No
103485,2025-05-28,Asia Pacific,Japan,Office Supplies,Ergonomic Chair,Marketplace,Consumer,Morgan Kim,2,$253.18,$142.43,0%,$506.36,$0.00,$506.36,$284.86,$221.50,Credit Card,4.7,No
103486,2025-05-29,North America,Mexico,Electronics,Power Bank,Retail Store,Consumer,Sofia Kowalski,8,$98.31,$44.01,0%,$786.48,$0.00,$786.48,$352.08,$434.40,Credit Card,4.8,No
103487,2025-05-29,Europe,United Kingdom,Office Supplies,Desk Organizer,Online,Enterprise,Morgan Kim,4,$14.94,$6.80,0%,$59.76,$0.00,$59.76,$27.20,$32.56,Credit Card,3.9,No
103488,2025-05-29,Europe,Netherlands,Office Supplies,Ergonomic Chair,Marketplace,Consumer,Noah Santos,12,$201.40,$111.78,0%,"$2,416.80",$0.00,"$2,416.80","$1,341.36","$1,075.44",Credit Card,3.5,No
103489,2025-05-29,Asia Pacific,South Korea,Apparel,Sunglasses,Retail Store,Enterprise,Alex Reyes,6,$46.18,$27.36,0%,$277.08,$0.00,$277.08,$164.16,$112.92,Credit Card,4.4,No
103490,2025-05-29,Europe,United Kingdom,Home & Kitchen,Vacuum Cleaner,Retail Store,Consumer,Priya Rossi,4,$100.83,$50.61,0%,$403.32,$0.00,$403.32,$202.44,$200.88,Credit Card,4.1,No
103491,2025-05-29,Asia Pacific,China,Health & Beauty,Massage Gun,Retail Store,Enterprise,Jamie Johansson,4,$40.93,$18.68,0%,$163.72,$0.00,$163.72,$74.72,$89.00,Cash,4.1,No
103492,2025-05-29,Europe,France,Apparel,Sunglasses,Online,Small Business,Riley Muller,8,$64.92,$31.44,0%,$519.36,$0.00,$519.36,$251.52,$267.84,PayPal,3.1,No
103493,2025-05-29,Asia Pacific,South Korea,Home & Kitchen,Blender,Online,Consumer,Jordan Chen,9,$130.57,$53.79,0%,"$1,175.13",$0.00,"$1,175.13",$484.11,$691.02,Bank Transfer,4.5,No
103494,2025-05-30,Asia Pacific,China,Health & Beauty,Yoga Mat,Marketplace,Consumer,Fatima Ahmed,2,$41.01,$24.83,5%,$82.02,$4.10,$77.92,$49.66,$28.26,PayPal,3.9,No
103495,2025-05-30,Asia Pacific,China,Health & Beauty,Fitness Tracker,Wholesale,Small Business,Riley Muller,6,$65.31,$31.25,5%,$391.86,$19.59,$372.27,$187.50,$184.77,Credit Card,4.2,No
103496,2025-05-30,Europe,France,Apparel,Yoga Pants,Online,Consumer,Kenji Haddad,5,$86.11,$43.17,0%,$430.55,$0.00,$430.55,$215.85,$214.70,PayPal,4.4,No
103497,2025-05-30,Latin America,Argentina,Office Supplies,Ergonomic Chair,Online,Consumer,Fatima Ahmed,1,$169.56,$89.01,5%,$169.56,$8.48,$161.08,$89.01,$72.07,Credit Card,3.2,No
103498,2025-05-30,North America,Canada,Apparel,Yoga Pants,Online,Small Business,Noah Santos,5,$26.86,$16.53,10%,$134.30,$13.43,$120.87,$82.65,$38.22,PayPal,4.3,No
103499,2025-05-30,North America,Canada,Electronics,Bluetooth Speaker,Online,Consumer,Lucas Novak,1,$112.35,$63.18,5%,$112.35,$5.62,$106.73,$63.18,$43.55,Credit Card,3.2,No
103500,2025-05-30,Asia Pacific,India,Home & Kitchen,Vacuum Cleaner,Online,Consumer,Casey Garcia,7,$60.91,$38.66,0%,$426.37,$0.00,$426.37,$270.62,$155.75,Credit Card,3.9,No
103501,2025-05-30,North America,United States,Office Supplies,Notebook Set,Marketplace,Enterprise,Sam Silva,6,$337.08,$191.89,0%,"$2,022.48",$0.00,"$2,022.48","$1,151.34",$871.14,Credit Card,5.0,No
103502,2025-05-30,Latin America,Colombia,Home & Kitchen,Coffee Maker,Wholesale,Consumer,Drew Okafor,9,$107.84,$49.51,0%,$970.56,$0.00,$970.56,$445.59,$524.97,Bank Transfer,4.8,No
103503,2025-05-30,North America,Canada,Electronics,USB-C Hub,Marketplace,Small Business,Wei Dubois,4,$90.94,$56.48,20%,$363.76,$72.75,$291.01,$225.92,$65.09,PayPal,2.3,No
103504,2025-05-31,Asia Pacific,South Korea,Apparel,Running Shoes,Retail Store,Consumer,Casey Garcia,7,$89.94,$43.56,0%,$629.58,$0.00,$629.58,$304.92,$324.66,Bank Transfer,3.3,No
103505,2025-05-31,Europe,Germany,Home & Kitchen,Air Fryer,Online,Consumer,Sam Silva,6,$43.74,$20.98,0%,$262.44,$0.00,$262.44,$125.88,$136.56,Debit Card,4.3,No
103506,2025-05-31,Latin America,Colombia,Electronics,USB-C Hub,Online,Consumer,Morgan Kim,6,$294.17,$138.28,0%,"$1,765.02",$0.00,"$1,765.02",$829.68,$935.34,PayPal,3.5,No
103507,2025-05-31,Latin America,Brazil,Office Supplies,Monitor Arm,Online,Consumer,Priya Rossi,7,$272.11,$132.12,0%,"$1,904.77",$0.00,"$1,904.77",$924.84,$979.93,Credit Card,4.3,No
103508,2025-05-31,North America,United States,Home & Kitchen,Blender,Marketplace,Consumer,Riley Muller,6,$164.76,$85.66,0%,$988.56,$0.00,$988.56,$513.96,$474.60,Debit Card,3.5,No
103509,2025-05-31,North America,Mexico,Apparel,Wool Sweater,Wholesale,Small Business,Kenji Haddad,4,$145.23,$81.53,10%,$580.92,$58.09,$522.83,$326.12,$196.71,PayPal,3.7,No
103510,2025-05-31,North America,United States,Office Supplies,Standing Desk,Online,Small Business,Diego Weber,8,$141.55,$64.18,0%,"$1,132.40",$0.00,"$1,132.40",$513.44,$618.96,Credit Card,5.0,No
103511,2025-05-31,North America,Mexico,Apparel,Denim Jacket,Marketplace,Small Business,Lucas Novak,15,$48.04,$28.36,5%,$720.60,$36.03,$684.57,$425.40,$259.17,Cash,3.4,No
103512,2025-05-31,Middle East & Africa,South Africa,Office Supplies,Pen Set,Online,Enterprise,Amara Costa,13,$113.28,$50.44,20%,"$1,472.64",$294.53,"$1,178.11",$655.72,$522.39,Credit Card,4.1,No
103513,2025-05-31,Europe,Netherlands,Apparel,Sunglasses,Online,Consumer,Lucas Novak,11,$114.78,$73.38,0%,"$1,262.58",$0.00,"$1,262.58",$807.18,$455.40,Credit Card,4.6,No
103514,2025-05-31,Middle East & Africa,Nigeria,Apparel,Running Shoes,Wholesale,Small Business,Noah Santos,9,$107.11,$51.25,0%,$963.99,$0.00,$963.99,$461.25,$502.74,Credit Card,3.6,No
103515,2025-05-31,North America,Mexico,Office Supplies,Notebook Set,Marketplace,Consumer,Priya Rossi,2,$208.19,$89.24,0%,$416.38,$0.00,$416.38,$178.48,$237.90,Bank Transfer,4.2,No
103516,2025-06-01,Asia Pacific,China,Electronics,Smartwatch,Online,Small Business,Lucas Novak,8,$123.77,$69.03,0%,$990.16,$0.00,$990.16,$552.24,$437.92,Credit Card,3.4,No
103517,2025-06-01,North America,Canada,Apparel,Denim Jacket,Marketplace,Consumer,Amara Costa,2,$63.66,$36.32,20%,$127.32,$25.46,$101.86,$72.64,$29.22,Debit Card,3.8,No
103518,2025-06-01,Latin America,Colombia,Office Supplies,Desk Organizer,Marketplace,Consumer,Morgan Kim,7,$300.38,$147.62,0%,"$2,102.66",$0.00,"$2,102.66","$1,033.34","$1,069.32",Credit Card,4.1,No
103519,2025-06-01,Europe,Spain,Health & Beauty,Electric Toothbrush,Wholesale,Consumer,Elena Lindqvist,11,$135.00,$54.53,0%,"$1,485.00",$0.00,"$1,485.00",$599.83,$885.17,PayPal,4.4,No
103520,2025-06-01,Europe,France,Apparel,Sunglasses,Retail Store,Consumer,Amara Costa,4,$85.84,$54.66,20%,$343.36,$68.67,$274.69,$218.64,$56.05,PayPal,4.9,No
103521,2025-06-01,Asia Pacific,China,Health & Beauty,Fitness Tracker,Retail Store,Enterprise,Cameron Nakamura,5,$57.78,$34.52,5%,$288.90,$14.44,$274.46,$172.60,$101.86,Credit Card,4.4,No
103522,2025-06-02,Europe,Germany,Electronics,Power Bank,Online,Consumer,Alex Reyes,7,$46.03,$26.17,10%,$322.21,$32.22,$289.99,$183.19,$106.80,Bank Transfer,4.9,No
103523,2025-06-02,North America,Canada,Home & Kitchen,Blender,Online,Consumer,Cameron Nakamura,11,$93.11,$60.23,0%,"$1,024.21",$0.00,"$1,024.21",$662.53,$361.68,PayPal,5.0,No
103524,2025-06-02,North America,United States,Office Supplies,Desk Organizer,Online,Consumer,Jordan Chen,8,$128.99,$65.41,0%,"$1,031.92",$0.00,"$1,031.92",$523.28,$508.64,Debit Card,4.6,No
103525,2025-06-02,Asia Pacific,Japan,Home & Kitchen,Air Fryer,Marketplace,Enterprise,Morgan Kim,8,$157.18,$88.21,0%,"$1,257.44",$0.00,"$1,257.44",$705.68,$551.76,Credit Card,4.8,No
103526,2025-06-02,North America,Canada,Apparel,Sunglasses,Retail Store,Small Business,Wei Dubois,8,$73.62,$46.57,0%,$588.96,$0.00,$588.96,$372.56,$216.40,Credit Card,4.7,No
103527,2025-06-02,Latin America,Brazil,Office Supplies,Monitor Arm,Online,Consumer,Kenji Haddad,14,$188.09,$75.72,15%,"$2,633.26",$394.99,"$2,238.27","$1,060.08","$1,178.19",Credit Card,3.1,No
103528,2025-06-02,Middle East & Africa,Saudi Arabia,Office Supplies,Monitor Arm,Marketplace,Consumer,Fatima Ahmed,10,$317.98,$153.18,0%,"$3,179.80",$0.00,"$3,179.80","$1,531.80","$1,648.00",Bank Transfer,3.9,No
103529,2025-06-03,North America,Mexico,Apparel,Wool Sweater,Online,Enterprise,Alex Reyes,11,$51.55,$28.46,20%,$567.05,$113.41,$453.64,$313.06,$140.58,PayPal,3.9,No
103530,2025-06-03,Europe,Germany,Health & Beauty,Yoga Mat,Online,Consumer,Amara Costa,3,$100.67,$59.49,15%,$302.01,$45.30,$256.71,$178.47,$78.24,Credit Card,3.8,No
103531,2025-06-03,Asia Pacific,South Korea,Office Supplies,Monitor Arm,Retail Store,Consumer,Cameron Nakamura,16,$286.78,$132.05,0%,"$4,588.48",$0.00,"$4,588.48","$2,112.80","$2,475.68",PayPal,4.3,No
103532,2025-06-03,Europe,United Kingdom,Home & Kitchen,Blender,Retail Store,Consumer,Riley Muller,4,$193.55,$98.35,20%,$774.20,$154.84,$619.36,$393.40,$225.96,Debit Card,4.6,No
103533,2025-06-03,North America,United States,Electronics,Wireless Earbuds,Marketplace,Consumer,Cameron Nakamura,8,$260.19,$159.65,0%,"$2,081.52",$0.00,"$2,081.52","$1,277.20",$804.32,Bank Transfer,4.5,No
103534,2025-06-03,Asia Pacific,China,Apparel,Wool Sweater,Retail Store,Enterprise,Priya Rossi,6,$123.01,$67.48,0%,$738.06,$0.00,$738.06,$404.88,$333.18,Debit Card,3.5,No
103535,2025-06-03,North America,United States,Apparel,Backpack,Wholesale,Small Business,Alex Reyes,7,$30.19,$15.34,5%,$211.33,$10.57,$200.76,$107.38,$93.38,Debit Card,3.9,No
103536,2025-06-03,Latin America,Brazil,Electronics,Smartwatch,Online,Enterprise,Alex Reyes,7,$173.12,$106.19,20%,"$1,211.84",$242.37,$969.47,$743.33,$226.14,Bank Transfer,4.3,No
103537,2025-06-03,North America,Canada,Home & Kitchen,Vacuum Cleaner,Online,Consumer,Elena Lindqvist,11,$187.12,$111.59,15%,"$2,058.32",$308.75,"$1,749.57","$1,227.49",$522.08,Credit Card,4.2,No
103538,2025-06-03,North America,Canada,Apparel,Yoga Pants,Retail Store,Consumer,Priya Rossi,12,$74.83,$48.46,0%,$897.96,$0.00,$897.96,$581.52,$316.44,Credit Card,3.8,No
103539,2025-06-04,Europe,Netherlands,Health & Beauty,Electric Toothbrush,Online,Small Business,Amara Costa,8,$84.46,$37.46,0%,$675.68,$0.00,$675.68,$299.68,$376.00,Debit Card,3.7,No
103540,2025-06-04,Europe,France,Apparel,Yoga Pants,Retail Store,Small Business,Wei Dubois,1,$140.19,$72.25,5%,$140.19,$7.01,$133.18,$72.25,$60.93,Debit Card,4.0,No
103541,2025-06-04,Europe,Netherlands,Home & Kitchen,Coffee Maker,Marketplace,Enterprise,Jordan Chen,3,$119.31,$56.79,0%,$357.93,$0.00,$357.93,$170.37,$187.56,Credit Card,4.6,No
103542,2025-06-04,Asia Pacific,South Korea,Health & Beauty,Electric Toothbrush,Retail Store,Consumer,Casey Garcia,10,$100.79,$63.84,0%,"$1,007.90",$0.00,"$1,007.90",$638.40,$369.50,Credit Card,4.4,No
103543,2025-06-04,North America,Mexico,Home & Kitchen,Toaster,Retail Store,Small Business,Jamie Johansson,4,$141.58,$56.80,5%,$566.32,$28.32,$538.00,$227.20,$310.80,Credit Card,4.3,No
103544,2025-06-04,Asia Pacific,China,Apparel,Yoga Pants,Retail Store,Enterprise,Wei Dubois,4,$102.78,$65.05,0%,$411.12,$0.00,$411.12,$260.20,$150.92,Debit Card,4.1,No
103545,2025-06-04,North America,Canada,Electronics,Wireless Earbuds,Retail Store,Consumer,Priya Rossi,7,$334.20,$205.82,0%,"$2,339.40",$0.00,"$2,339.40","$1,440.74",$898.66,Cash,3.5,No
103546,2025-06-05,North America,United States,Electronics,Wireless Earbuds,Marketplace,Consumer,Wei Dubois,7,$91.81,$42.75,5%,$642.67,$32.13,$610.54,$299.25,$311.29,PayPal,3.7,No
103547,2025-06-05,Asia Pacific,Australia,Electronics,Smartwatch,Retail Store,Small Business,Priya Rossi,14,$90.20,$44.34,0%,"$1,262.80",$0.00,"$1,262.80",$620.76,$642.04,Credit Card,4.4,No
103548,2025-06-05,Europe,Germany,Health & Beauty,Fitness Tracker,Wholesale,Small Business,Sam Silva,8,$126.72,$61.14,0%,"$1,013.76",$0.00,"$1,013.76",$489.12,$524.64,Debit Card,5.0,No
103549,2025-06-06,Europe,Spain,Office Supplies,Pen Set,Online,Small Business,Priya Rossi,15,$32.45,$19.00,0%,$486.75,$0.00,$486.75,$285.00,$201.75,Bank Transfer,4.0,No
103550,2025-06-06,North America,Canada,Health & Beauty,Yoga Mat,Online,Small Business,Riley Muller,6,$177.98,$94.98,0%,"$1,067.88",$0.00,"$1,067.88",$569.88,$498.00,PayPal,3.4,No
103551,2025-06-06,Europe,France,Electronics,USB-C Hub,Retail Store,Consumer,Alex Reyes,6,$168.60,$87.83,5%,"$1,011.60",$50.58,$961.02,$526.98,$434.04,PayPal,3.6,No
103552,2025-06-06,North America,United States,Health & Beauty,Hair Dryer,Marketplace,Consumer,Drew Okafor,7,$78.22,$32.85,0%,$547.54,$0.00,$547.54,$229.95,$317.59,Credit Card,4.2,No
103553,2025-06-06,Europe,Germany,Health & Beauty,Fitness Tracker,Retail Store,Enterprise,Kenji Haddad,4,$109.24,$60.69,0%,$436.96,$0.00,$436.96,$242.76,$194.20,PayPal,4.8,No
103554,2025-06-06,North America,Canada,Office Supplies,Desk Organizer,Retail Store,Small Business,Jamie Johansson,5,$333.52,$133.57,0%,"$1,667.60",$0.00,"$1,667.60",$667.85,$999.75,PayPal,4.2,No
103555,2025-06-07,Asia Pacific,Australia,Home & Kitchen,Vacuum Cleaner,Online,Small Business,Jordan Chen,9,$110.07,$55.91,20%,$990.63,$198.13,$792.50,$503.19,$289.31,PayPal,3.9,No
103556,2025-06-07,Asia Pacific,Australia,Home & Kitchen,Air Fryer,Retail Store,Consumer,Fatima Ahmed,3,$186.51,$97.63,20%,$559.53,$111.91,$447.62,$292.89,$154.73,Credit Card,4.7,No
103557,2025-06-07,Asia Pacific,Australia,Home & Kitchen,Cookware Set,Marketplace,Consumer,Priya Rossi,3,$116.16,$65.82,0%,$348.48,$0.00,$348.48,$197.46,$151.02,Debit Card,5.0,No
103558,2025-06-07,North America,United States,Health & Beauty,Massage Gun,Marketplace,Consumer,Taylor Patel,9,$161.43,$96.22,0%,"$1,452.87",$0.00,"$1,452.87",$865.98,$586.89,Bank Transfer,4.3,No
103559,2025-06-07,Europe,Netherlands,Health & Beauty,Fitness Tracker,Online,Consumer,Wei Dubois,10,$163.37,$81.30,5%,"$1,633.70",$81.68,"$1,552.02",$813.00,$739.02,Cash,4.7,No
103560,2025-06-07,Asia Pacific,South Korea,Electronics,Smartwatch,Online,Consumer,Riley Muller,13,$223.44,$92.97,15%,"$2,904.72",$435.71,"$2,469.01","$1,208.61","$1,260.40",PayPal,5.0,Yes
103561,2025-06-07,North America,Canada,Home & Kitchen,Vacuum Cleaner,Online,Consumer,Lucas Novak,4,$146.08,$92.58,0%,$584.32,$0.00,$584.32,$370.32,$214.00,Credit Card,5.0,Yes
103562,2025-06-07,Europe,Spain,Electronics,Laptop Stand,Online,Enterprise,Sofia Kowalski,9,$115.68,$59.39,0%,"$1,041.12",$0.00,"$1,041.12",$534.51,$506.61,Credit Card,3.9,No
103563,2025-06-08,Asia Pacific,Singapore,Home & Kitchen,Blender,Online,Consumer,Priya Rossi,1,$71.14,$35.82,0%,$71.14,$0.00,$71.14,$35.82,$35.32,PayPal,3.3,No
103564,2025-06-08,North America,Canada,Electronics,Smartwatch,Online,Small Business,Morgan Kim,1,$326.81,$169.29,0%,$326.81,$0.00,$326.81,$169.29,$157.52,Debit Card,4.4,No
103565,2025-06-08,Latin America,Brazil,Health & Beauty,Electric Toothbrush,Marketplace,Consumer,Elena Lindqvist,4,$85.75,$39.24,0%,$343.00,$0.00,$343.00,$156.96,$186.04,Credit Card,5.0,No
103566,2025-06-08,North America,Mexico,Office Supplies,Standing Desk,Retail Store,Enterprise,Morgan Kim,5,$246.19,$141.90,20%,"$1,230.95",$246.19,$984.76,$709.50,$275.26,Debit Card,2.5,No
103567,2025-06-08,Asia Pacific,China,Home & Kitchen,Vacuum Cleaner,Wholesale,Consumer,Elena Lindqvist,16,$177.39,$95.06,0%,"$2,838.24",$0.00,"$2,838.24","$1,520.96","$1,317.28",Bank Transfer,5.0,No
103568,2025-06-08,Latin America,Colombia,Home & Kitchen,Cookware Set,Online,Consumer,Sam Silva,9,$36.86,$16.58,10%,$331.74,$33.17,$298.57,$149.22,$149.35,Credit Card,3.1,No
103569,2025-06-08,Europe,United Kingdom,Health & Beauty,Hair Dryer,Online,Small Business,Jamie Johansson,9,$160.76,$73.26,5%,"$1,446.84",$72.34,"$1,374.50",$659.34,$715.16,PayPal,4.4,No
103570,2025-06-08,North America,United States,Apparel,Running Shoes,Online,Consumer,Casey Garcia,4,$92.26,$56.06,0%,$369.04,$0.00,$369.04,$224.24,$144.80,PayPal,3.7,No
103571,2025-06-09,North America,Mexico,Health & Beauty,Massage Gun,Online,Consumer,Amara Costa,6,$56.47,$31.61,0%,$338.82,$0.00,$338.82,$189.66,$149.16,Bank Transfer,4.1,No
103572,2025-06-09,North America,United States,Home & Kitchen,Toaster,Retail Store,Small Business,Alex Reyes,5,$119.75,$66.68,0%,$598.75,$0.00,$598.75,$333.40,$265.35,Credit Card,3.1,No
103573,2025-06-09,Asia Pacific,China,Electronics,Bluetooth Speaker,Marketplace,Small Business,Amara Costa,10,$349.20,$202.91,0%,"$3,492.00",$0.00,"$3,492.00","$2,029.10","$1,462.90",Debit Card,4.6,No
103574,2025-06-09,North America,Mexico,Electronics,USB-C Hub,Online,Enterprise,Wei Dubois,6,$171.27,$88.82,0%,"$1,027.62",$0.00,"$1,027.62",$532.92,$494.70,Credit Card,4.3,No
103575,2025-06-09,Europe,Netherlands,Health & Beauty,Massage Gun,Marketplace,Small Business,Alex Reyes,2,$37.59,$21.79,15%,$75.18,$11.28,$63.90,$43.58,$20.32,PayPal,5.0,Yes
103576,2025-06-09,Europe,United Kingdom,Apparel,Sunglasses,Online,Consumer,Taylor Patel,3,$21.45,$13.61,15%,$64.35,$9.65,$54.70,$40.83,$13.87,Bank Transfer,3.7,No
103577,2025-06-09,Asia Pacific,Australia,Apparel,Yoga Pants,Retail Store,Consumer,Taylor Patel,9,$22.39,$12.34,0%,$201.51,$0.00,$201.51,$111.06,$90.45,PayPal,3.8,No
103578,2025-06-09,North America,Mexico,Office Supplies,Ergonomic Chair,Wholesale,Consumer,Priya Rossi,2,$244.14,$131.02,0%,$488.28,$0.00,$488.28,$262.04,$226.24,Credit Card,4.1,No
103579,2025-06-09,Latin America,Chile,Apparel,Running Shoes,Wholesale,Consumer,Sofia Kowalski,4,$46.46,$19.10,0%,$185.84,$0.00,$185.84,$76.40,$109.44,Credit Card,3.6,No
103580,2025-06-09,Latin America,Brazil,Office Supplies,Desk Organizer,Retail Store,Enterprise,Jordan Chen,1,$67.99,$40.36,5%,$67.99,$3.40,$64.59,$40.36,$24.23,Credit Card,4.2,No
103581,2025-06-09,Asia Pacific,Australia,Home & Kitchen,Vacuum Cleaner,Marketplace,Enterprise,Wei Dubois,5,$56.37,$23.48,0%,$281.85,$0.00,$281.85,$117.40,$164.45,Credit Card,4.1,No
103582,2025-06-10,Middle East & Africa,UAE,Home & Kitchen,Toaster,Retail Store,Consumer,Diego Weber,10,$21.04,$11.91,10%,$210.40,$21.04,$189.36,$119.10,$70.26,Debit Card,3.4,No
103583,2025-06-10,Middle East & Africa,UAE,Health & Beauty,Fitness Tracker,Retail Store,Consumer,Elena Lindqvist,5,$111.43,$68.12,10%,$557.15,$55.72,$501.43,$340.60,$160.83,Credit Card,3.0,No
103584,2025-06-10,Europe,Spain,Home & Kitchen,Vacuum Cleaner,Retail Store,Enterprise,Amara Costa,9,$82.89,$33.80,20%,$746.01,$149.20,$596.81,$304.20,$292.61,Debit Card,3.9,No
103585,2025-06-10,North America,Canada,Office Supplies,Notebook Set,Retail Store,Consumer,Diego Weber,12,$65.81,$38.25,0%,$789.72,$0.00,$789.72,$459.00,$330.72,PayPal,3.5,No
103586,2025-06-11,Latin America,Chile,Health & Beauty,Yoga Mat,Wholesale,Small Business,Cameron Nakamura,7,$95.44,$58.72,5%,$668.08,$33.40,$634.68,$411.04,$223.64,PayPal,3.4,No
103587,2025-06-11,North America,United States,Apparel,Sunglasses,Marketplace,Consumer,Priya Rossi,5,$45.64,$24.35,0%,$228.20,$0.00,$228.20,$121.75,$106.45,Credit Card,3.5,No
103588,2025-06-11,Asia Pacific,Australia,Home & Kitchen,Vacuum Cleaner,Retail Store,Small Business,Sofia Kowalski,1,$31.84,$16.36,0%,$31.84,$0.00,$31.84,$16.36,$15.48,Credit Card,4.3,No
103589,2025-06-11,Asia Pacific,Singapore,Office Supplies,Standing Desk,Wholesale,Small Business,Elena Lindqvist,10,$384.78,$186.09,0%,"$3,847.80",$0.00,"$3,847.80","$1,860.90","$1,986.90",Debit Card,4.1,No
103590,2025-06-11,Europe,Netherlands,Electronics,Bluetooth Speaker,Retail Store,Small Business,Jordan Chen,9,$46.54,$29.01,0%,$418.86,$0.00,$418.86,$261.09,$157.77,Credit Card,4.2,No
103591,2025-06-11,Latin America,Chile,Office Supplies,Pen Set,Retail Store,Consumer,Kenji Haddad,9,$353.85,$198.19,5%,"$3,184.65",$159.23,"$3,025.42","$1,783.71","$1,241.71",Bank Transfer,4.6,No
103592,2025-06-12,North America,Mexico,Health & Beauty,Fitness Tracker,Online,Small Business,Kenji Haddad,1,$126.63,$56.86,0%,$126.63,$0.00,$126.63,$56.86,$69.77,Debit Card,3.5,No
103593,2025-06-12,Europe,France,Electronics,Power Bank,Retail Store,Small Business,Amara Costa,2,$251.97,$145.25,0%,$503.94,$0.00,$503.94,$290.50,$213.44,PayPal,3.9,No
103594,2025-06-12,North America,Canada,Home & Kitchen,Toaster,Online,Consumer,Riley Muller,10,$148.80,$80.12,0%,"$1,488.00",$0.00,"$1,488.00",$801.20,$686.80,PayPal,5.0,No
103595,2025-06-12,Europe,United Kingdom,Electronics,USB-C Hub,Online,Small Business,Elena Lindqvist,8,$187.82,$93.82,5%,"$1,502.56",$75.13,"$1,427.43",$750.56,$676.87,Debit Card,4.1,No
103596,2025-06-12,Asia Pacific,Australia,Health & Beauty,Yoga Mat,Online,Small Business,Diego Weber,3,$56.73,$31.83,5%,$170.19,$8.51,$161.68,$95.49,$66.19,Credit Card,4.7,No
103597,2025-06-12,Latin America,Colombia,Home & Kitchen,Blender,Marketplace,Consumer,Priya Rossi,4,$27.70,$14.28,0%,$110.80,$0.00,$110.80,$57.12,$53.68,Debit Card,4.6,No
103598,2025-06-13,Latin America,Argentina,Health & Beauty,Fitness Tracker,Online,Small Business,Fatima Ahmed,1,$94.42,$44.55,0%,$94.42,$0.00,$94.42,$44.55,$49.87,PayPal,3.9,No
103599,2025-06-13,Latin America,Argentina,Office Supplies,Desk Organizer,Online,Consumer,Lucas Novak,5,$162.98,$82.99,0%,$814.90,$0.00,$814.90,$414.95,$399.95,Debit Card,5.0,No
103600,2025-06-13,Latin America,Brazil,Health & Beauty,Hair Dryer,Wholesale,Enterprise,Casey Garcia,10,$34.24,$15.07,0%,$342.40,$0.00,$342.40,$150.70,$191.70,Credit Card,4.0,No
103601,2025-06-14,Europe,Germany,Electronics,Bluetooth Speaker,Wholesale,Enterprise,Jamie Johansson,15,$75.55,$37.69,0%,"$1,133.25",$0.00,"$1,133.25",$565.35,$567.90,Debit Card,3.2,No
103602,2025-06-14,North America,United States,Electronics,Power Bank,Retail Store,Consumer,Taylor Patel,11,$311.17,$175.15,5%,"$3,422.87",$171.14,"$3,251.73","$1,926.65","$1,325.08",Debit Card,3.2,No
103603,2025-06-14,North America,United States,Office Supplies,Desk Organizer,Retail Store,Small Business,Wei Dubois,8,$220.25,$137.61,5%,"$1,762.00",$88.10,"$1,673.90","$1,100.88",$573.02,Bank Transfer,4.3,No
103604,2025-06-15,Europe,Italy,Office Supplies,Standing Desk,Online,Enterprise,Sam Silva,9,$12.92,$6.17,0%,$116.28,$0.00,$116.28,$55.53,$60.75,PayPal,4.5,No
103605,2025-06-15,Middle East & Africa,Saudi Arabia,Office Supplies,Notebook Set,Wholesale,Consumer,Alex Reyes,8,$51.59,$27.39,0%,$412.72,$0.00,$412.72,$219.12,$193.60,Credit Card,3.0,No
103606,2025-06-15,Europe,Germany,Home & Kitchen,Cookware Set,Marketplace,Consumer,Taylor Patel,6,$65.48,$41.05,0%,$392.88,$0.00,$392.88,$246.30,$146.58,Debit Card,3.6,No
103607,2025-06-15,Asia Pacific,Japan,Home & Kitchen,Cookware Set,Retail Store,Consumer,Wei Dubois,12,$132.21,$62.65,0%,"$1,586.52",$0.00,"$1,586.52",$751.80,$834.72,Credit Card,4.4,Yes
103608,2025-06-15,North America,Mexico,Apparel,Backpack,Retail Store,Small Business,Elena Lindqvist,7,$63.18,$36.84,15%,$442.26,$66.34,$375.92,$257.88,$118.04,Debit Card,5.0,No
103609,2025-06-15,Latin America,Colombia,Home & Kitchen,Vacuum Cleaner,Online,Small Business,Diego Weber,8,$96.76,$44.03,5%,$774.08,$38.70,$735.38,$352.24,$383.14,Credit Card,3.9,No
103610,2025-06-15,North America,Mexico,Health & Beauty,Hair Dryer,Retail Store,Consumer,Sam Silva,14,$99.15,$50.23,20%,"$1,388.10",$277.62,"$1,110.48",$703.22,$407.26,PayPal,4.2,No
103611,2025-06-15,North America,Mexico,Apparel,Backpack,Retail Store,Consumer,Kenji Haddad,20,$144.95,$65.18,0%,"$2,899.00",$0.00,"$2,899.00","$1,303.60","$1,595.40",PayPal,5.0,No
103612,2025-06-16,Asia Pacific,India,Home & Kitchen,Coffee Maker,Online,Consumer,Amara Costa,5,$81.60,$41.90,0%,$408.00,$0.00,$408.00,$209.50,$198.50,PayPal,4.7,No
103613,2025-06-16,Asia Pacific,China,Home & Kitchen,Coffee Maker,Wholesale,Small Business,Casey Garcia,4,$189.04,$108.33,15%,$756.16,$113.42,$642.74,$433.32,$209.42,Bank Transfer,4.0,No
103614,2025-06-16,Latin America,Argentina,Electronics,Laptop Stand,Online,Enterprise,Drew Okafor,4,$325.02,$175.32,15%,"$1,300.08",$195.01,"$1,105.07",$701.28,$403.79,Credit Card,4.6,No
103615,2025-06-16,North America,United States,Home & Kitchen,Toaster,Online,Consumer,Casey Garcia,9,$49.03,$21.67,0%,$441.27,$0.00,$441.27,$195.03,$246.24,PayPal,3.0,No
103616,2025-06-16,North America,Mexico,Home & Kitchen,Blender,Retail Store,Consumer,Morgan Kim,7,$130.53,$56.64,15%,$913.71,$137.06,$776.65,$396.48,$380.17,Credit Card,3.9,No
103617,2025-06-16,Latin America,Chile,Apparel,Backpack,Online,Consumer,Jamie Johansson,10,$29.35,$17.50,0%,$293.50,$0.00,$293.50,$175.00,$118.50,Credit Card,4.7,No
103618,2025-06-16,North America,Canada,Electronics,Bluetooth Speaker,Online,Consumer,Elena Lindqvist,4,$72.30,$35.49,0%,$289.20,$0.00,$289.20,$141.96,$147.24,Bank Transfer,4.3,No
103619,2025-06-16,Europe,Italy,Electronics,Laptop Stand,Wholesale,Consumer,Amara Costa,9,$109.38,$61.49,5%,$984.42,$49.22,$935.20,$553.41,$381.79,Debit Card,3.9,No
103620,2025-06-17,Europe,Italy,Apparel,Yoga Pants,Retail Store,Small Business,Jordan Chen,4,$29.25,$16.23,5%,$117.00,$5.85,$111.15,$64.92,$46.23,PayPal,4.4,No
103621,2025-06-17,North America,Mexico,Apparel,Sunglasses,Online,Consumer,Noah Santos,3,$98.74,$47.15,0%,$296.22,$0.00,$296.22,$141.45,$154.77,PayPal,5.0,No
103622,2025-06-17,Europe,Netherlands,Office Supplies,Notebook Set,Online,Consumer,Casey Garcia,13,$387.50,$215.51,5%,"$5,037.50",$251.88,"$4,785.62","$2,801.63","$1,983.99",Debit Card,4.2,No
103623,2025-06-17,North America,Mexico,Health & Beauty,Hair Dryer,Online,Enterprise,Morgan Kim,4,$31.67,$16.45,20%,$126.68,$25.34,$101.34,$65.80,$35.54,Credit Card,4.2,No
103624,2025-06-18,Latin America,Chile,Electronics,USB-C Hub,Online,Consumer,Jordan Chen,4,$40.15,$19.93,20%,$160.60,$32.12,$128.48,$79.72,$48.76,PayPal,3.9,No
103625,2025-06-18,Latin America,Brazil,Electronics,Smartwatch,Marketplace,Small Business,Jamie Johansson,4,$98.66,$41.83,0%,$394.64,$0.00,$394.64,$167.32,$227.32,Debit Card,3.2,No
103626,2025-06-18,North America,Canada,Electronics,Wireless Earbuds,Wholesale,Enterprise,Jordan Chen,13,$348.97,$219.65,10%,"$4,536.61",$453.66,"$4,082.95","$2,855.45","$1,227.50",Credit Card,4.3,No
103627,2025-06-19,Middle East & Africa,South Africa,Electronics,Laptop Stand,Retail Store,Small Business,Wei Dubois,5,$280.61,$119.31,0%,"$1,403.05",$0.00,"$1,403.05",$596.55,$806.50,Credit Card,3.5,No
103628,2025-06-19,Europe,France,Office Supplies,Standing Desk,Marketplace,Small Business,Priya Rossi,6,$242.17,$134.00,0%,"$1,453.02",$0.00,"$1,453.02",$804.00,$649.02,Bank Transfer,4.8,No
103629,2025-06-19,Asia Pacific,South Korea,Home & Kitchen,Blender,Online,Consumer,Morgan Kim,6,$182.56,$85.37,5%,"$1,095.36",$54.77,"$1,040.59",$512.22,$528.37,PayPal,4.9,No
103630,2025-06-19,North America,Mexico,Apparel,Yoga Pants,Wholesale,Enterprise,Jamie Johansson,15,$137.30,$77.54,0%,"$2,059.50",$0.00,"$2,059.50","$1,163.10",$896.40,Credit Card,3.8,No
103631,2025-06-19,North America,United States,Apparel,Denim Jacket,Online,Consumer,Sam Silva,2,$65.84,$36.22,0%,$131.68,$0.00,$131.68,$72.44,$59.24,Credit Card,3.4,No
103632,2025-06-19,North America,Canada,Electronics,USB-C Hub,Retail Store,Small Business,Kenji Haddad,13,$297.79,$167.64,0%,"$3,871.27",$0.00,"$3,871.27","$2,179.32","$1,691.95",Credit Card,4.5,No
103633,2025-06-19,North America,Canada,Apparel,Sunglasses,Online,Consumer,Sam Silva,9,$18.48,$10.34,0%,$166.32,$0.00,$166.32,$93.06,$73.26,Credit Card,5.0,No
103634,2025-06-20,North America,Mexico,Office Supplies,Ergonomic Chair,Online,Consumer,Casey Garcia,13,$274.13,$174.46,20%,"$3,563.69",$712.74,"$2,850.95","$2,267.98",$582.97,Debit Card,4.7,No
103635,2025-06-20,Asia Pacific,India,Apparel,Denim Jacket,Online,Consumer,Wei Dubois,12,$101.04,$55.67,0%,"$1,212.48",$0.00,"$1,212.48",$668.04,$544.44,Credit Card,4.8,No
103636,2025-06-20,Asia Pacific,Japan,Electronics,Wireless Earbuds,Online,Consumer,Elena Lindqvist,9,$240.49,$96.53,0%,"$2,164.41",$0.00,"$2,164.41",$868.77,"$1,295.64",PayPal,5.0,No
103637,2025-06-20,North America,United States,Apparel,Denim Jacket,Retail Store,Consumer,Noah Santos,5,$78.51,$41.39,15%,$392.55,$58.88,$333.67,$206.95,$126.72,Credit Card,5.0,No
103638,2025-06-20,Europe,Germany,Electronics,Bluetooth Speaker,Marketplace,Small Business,Alex Reyes,8,$33.25,$14.37,0%,$266.00,$0.00,$266.00,$114.96,$151.04,Debit Card,3.7,No
103639,2025-06-20,Europe,Netherlands,Electronics,Wireless Earbuds,Wholesale,Consumer,Jordan Chen,12,$303.45,$182.59,0%,"$3,641.40",$0.00,"$3,641.40","$2,191.08","$1,450.32",Credit Card,4.3,No
103640,2025-06-20,Europe,Netherlands,Apparel,Running Shoes,Online,Consumer,Wei Dubois,2,$94.23,$38.86,0%,$188.46,$0.00,$188.46,$77.72,$110.74,Credit Card,3.6,No
103641,2025-06-20,Asia Pacific,Japan,Office Supplies,Ergonomic Chair,Online,Consumer,Priya Rossi,1,$32.08,$19.21,0%,$32.08,$0.00,$32.08,$19.21,$12.87,Credit Card,5.0,No
103642,2025-06-20,Asia Pacific,Singapore,Home & Kitchen,Cookware Set,Retail Store,Small Business,Riley Muller,5,$133.44,$73.14,5%,$667.20,$33.36,$633.84,$365.70,$268.14,Credit Card,5.0,Yes
103643,2025-06-20,Middle East & Africa,UAE,Apparel,Backpack,Online,Consumer,Cameron Nakamura,11,$107.27,$63.89,0%,"$1,179.97",$0.00,"$1,179.97",$702.79,$477.18,PayPal,4.2,No
103644,2025-06-20,Asia Pacific,Japan,Office Supplies,Standing Desk,Online,Consumer,Elena Lindqvist,19,$247.90,$141.53,0%,"$4,710.10",$0.00,"$4,710.10","$2,689.07","$2,021.03",Debit Card,3.1,No
103645,2025-06-21,Asia Pacific,Singapore,Apparel,Running Shoes,Online,Small Business,Riley Muller,5,$43.06,$27.86,0%,$215.30,$0.00,$215.30,$139.30,$76.00,Credit Card,3.3,No
103646,2025-06-21,Asia Pacific,Singapore,Electronics,Bluetooth Speaker,Retail Store,Consumer,Drew Okafor,5,$152.80,$96.70,0%,$764.00,$0.00,$764.00,$483.50,$280.50,Debit Card,4.7,No
103647,2025-06-21,North America,Canada,Home & Kitchen,Vacuum Cleaner,Retail Store,Consumer,Kenji Haddad,2,$194.88,$108.30,0%,$389.76,$0.00,$389.76,$216.60,$173.16,Credit Card,3.6,No
103648,2025-06-21,Middle East & Africa,Nigeria,Health & Beauty,Electric Toothbrush,Retail Store,Consumer,Taylor Patel,4,$142.07,$57.93,20%,$568.28,$113.66,$454.62,$231.72,$222.90,Debit Card,3.7,No
103649,2025-06-21,North America,Mexico,Home & Kitchen,Air Fryer,Online,Consumer,Taylor Patel,23,$109.09,$52.75,0%,"$2,509.07",$0.00,"$2,509.07","$1,213.25","$1,295.82",PayPal,3.6,No
103650,2025-06-22,Europe,Italy,Home & Kitchen,Toaster,Retail Store,Consumer,Priya Rossi,11,$194.37,$126.34,0%,"$2,138.07",$0.00,"$2,138.07","$1,389.74",$748.33,Cash,3.7,No
103651,2025-06-22,North America,United States,Home & Kitchen,Toaster,Online,Consumer,Amara Costa,15,$44.19,$25.60,0%,$662.85,$0.00,$662.85,$384.00,$278.85,Credit Card,4.1,No
103652,2025-06-22,Europe,United Kingdom,Home & Kitchen,Blender,Retail Store,Consumer,Cameron Nakamura,5,$30.47,$16.08,0%,$152.35,$0.00,$152.35,$80.40,$71.95,Debit Card,3.5,No
103653,2025-06-22,Asia Pacific,Australia,Office Supplies,Desk Organizer,Retail Store,Consumer,Drew Okafor,14,$294.80,$145.72,20%,"$4,127.20",$825.44,"$3,301.76","$2,040.08","$1,261.68",Cash,4.2,No
103654,2025-06-23,Latin America,Brazil,Apparel,Wool Sweater,Retail Store,Enterprise,Wei Dubois,4,$120.61,$48.36,15%,$482.44,$72.37,$410.07,$193.44,$216.63,PayPal,4.7,No
103655,2025-06-23,Latin America,Colombia,Apparel,Yoga Pants,Retail Store,Consumer,Jordan Chen,9,$75.60,$40.77,10%,$680.40,$68.04,$612.36,$366.93,$245.43,Credit Card,4.8,No
103656,2025-06-23,Asia Pacific,Australia,Home & Kitchen,Toaster,Retail Store,Consumer,Lucas Novak,16,$20.92,$12.38,0%,$334.72,$0.00,$334.72,$198.08,$136.64,Debit Card,4.2,No
103657,2025-06-23,Europe,Netherlands,Electronics,Power Bank,Retail Store,Consumer,Elena Lindqvist,10,$149.91,$62.72,20%,"$1,499.10",$299.82,"$1,199.28",$627.20,$572.08,PayPal,3.2,No
103658,2025-06-23,Middle East & Africa,South Africa,Home & Kitchen,Coffee Maker,Marketplace,Enterprise,Morgan Kim,20,$164.45,$98.32,0%,"$3,289.00",$0.00,"$3,289.00","$1,966.40","$1,322.60",Credit Card,3.2,No
103659,2025-06-23,Europe,Italy,Apparel,Sunglasses,Online,Small Business,Fatima Ahmed,12,$31.06,$13.99,0%,$372.72,$0.00,$372.72,$167.88,$204.84,PayPal,4.2,No
103660,2025-06-23,Middle East & Africa,Nigeria,Apparel,Denim Jacket,Marketplace,Consumer,Wei Dubois,7,$29.64,$13.16,15%,$207.48,$31.12,$176.36,$92.12,$84.24,Debit Card,3.8,No
103661,2025-06-23,Middle East & Africa,South Africa,Office Supplies,Ergonomic Chair,Retail Store,Consumer,Jordan Chen,6,$329.38,$150.26,10%,"$1,976.28",$197.63,"$1,778.65",$901.56,$877.09,Credit Card,4.1,No
103662,2025-06-23,Europe,Spain,Home & Kitchen,Coffee Maker,Marketplace,Consumer,Morgan Kim,8,$149.22,$74.92,0%,"$1,193.76",$0.00,"$1,193.76",$599.36,$594.40,PayPal,4.9,No
103663,2025-06-23,Middle East & Africa,Saudi Arabia,Home & Kitchen,Blender,Online,Consumer,Diego Weber,7,$219.66,$110.89,0%,"$1,537.62",$0.00,"$1,537.62",$776.23,$761.39,Debit Card,3.6,No
103664,2025-06-23,Asia Pacific,Japan,Apparel,Backpack,Retail Store,Consumer,Lucas Novak,10,$21.49,$12.99,0%,$214.90,$0.00,$214.90,$129.90,$85.00,Credit Card,4.9,No
103665,2025-06-24,Europe,United Kingdom,Apparel,Wool Sweater,Retail Store,Small Business,Taylor Patel,10,$82.10,$37.23,5%,$821.00,$41.05,$779.95,$372.30,$407.65,Credit Card,4.3,No
103666,2025-06-24,Asia Pacific,Singapore,Apparel,Sunglasses,Retail Store,Consumer,Riley Muller,12,$112.09,$60.28,0%,"$1,345.08",$0.00,"$1,345.08",$723.36,$621.72,PayPal,4.0,No
103667,2025-06-24,Middle East & Africa,UAE,Health & Beauty,Yoga Mat,Online,Consumer,Jamie Johansson,4,$56.82,$34.34,0%,$227.28,$0.00,$227.28,$137.36,$89.92,Credit Card,3.4,No
103668,2025-06-24,Europe,Spain,Office Supplies,Pen Set,Retail Store,Consumer,Priya Rossi,5,$130.42,$69.16,0%,$652.10,$0.00,$652.10,$345.80,$306.30,PayPal,5.0,No
103669,2025-06-24,North America,United States,Health & Beauty,Massage Gun,Marketplace,Small Business,Sam Silva,8,$14.25,$8.61,0%,$114.00,$0.00,$114.00,$68.88,$45.12,Debit Card,3.8,No
103670,2025-06-24,Europe,Italy,Home & Kitchen,Cookware Set,Online,Consumer,Cameron Nakamura,4,$160.41,$95.24,0%,$641.64,$0.00,$641.64,$380.96,$260.68,Bank Transfer,4.6,No
103671,2025-06-24,Europe,United Kingdom,Office Supplies,Desk Organizer,Retail Store,Small Business,Riley Muller,4,$204.79,$102.32,10%,$819.16,$81.92,$737.24,$409.28,$327.96,Bank Transfer,3.1,No
103672,2025-06-25,Asia Pacific,Japan,Health & Beauty,Hair Dryer,Marketplace,Small Business,Taylor Patel,17,$114.23,$64.25,10%,"$1,941.91",$194.19,"$1,747.72","$1,092.25",$655.47,Credit Card,4.9,No
103673,2025-06-25,Europe,Italy,Office Supplies,Desk Organizer,Marketplace,Consumer,Jordan Chen,5,$381.05,$184.23,10%,"$1,905.25",$190.52,"$1,714.73",$921.15,$793.58,PayPal,4.3,No
103674,2025-06-25,Europe,Spain,Electronics,Wireless Earbuds,Marketplace,Consumer,Wei Dubois,12,$332.47,$138.78,0%,"$3,989.64",$0.00,"$3,989.64","$1,665.36","$2,324.28",Credit Card,4.3,No
103675,2025-06-25,North America,United States,Electronics,USB-C Hub,Marketplace,Consumer,Jamie Johansson,6,$196.00,$119.63,5%,"$1,176.00",$58.80,"$1,117.20",$717.78,$399.42,Bank Transfer,5.0,No
103676,2025-06-25,Asia Pacific,South Korea,Health & Beauty,Skincare Set,Marketplace,Small Business,Sam Silva,4,$154.21,$78.97,10%,$616.84,$61.68,$555.16,$315.88,$239.28,Debit Card,3.7,No
103677,2025-06-25,Asia Pacific,Australia,Apparel,Denim Jacket,Marketplace,Consumer,Drew Okafor,8,$70.32,$30.97,0%,$562.56,$0.00,$562.56,$247.76,$314.80,Bank Transfer,4.9,No
103678,2025-06-25,Europe,Italy,Electronics,Wireless Earbuds,Wholesale,Consumer,Cameron Nakamura,2,$131.87,$81.62,10%,$263.74,$26.37,$237.37,$163.24,$74.13,PayPal,4.5,No
103679,2025-06-25,North America,United States,Apparel,Backpack,Retail Store,Consumer,Priya Rossi,9,$125.00,$67.43,0%,"$1,125.00",$0.00,"$1,125.00",$606.87,$518.13,Credit Card,4.3,No
103680,2025-06-26,Europe,Germany,Apparel,Backpack,Marketplace,Consumer,Riley Muller,7,$52.84,$30.03,5%,$369.88,$18.49,$351.39,$210.21,$141.18,Debit Card,4.2,No
103681,2025-06-26,North America,United States,Electronics,Smartwatch,Retail Store,Consumer,Elena Lindqvist,9,$85.79,$43.07,0%,$772.11,$0.00,$772.11,$387.63,$384.48,PayPal,2.8,No
103682,2025-06-26,Latin America,Chile,Office Supplies,Pen Set,Marketplace,Consumer,Wei Dubois,1,$208.89,$97.97,0%,$208.89,$0.00,$208.89,$97.97,$110.92,Credit Card,3.2,No
103683,2025-06-27,North America,United States,Office Supplies,Ergonomic Chair,Retail Store,Consumer,Riley Muller,10,$283.22,$176.52,10%,"$2,832.20",$283.22,"$2,548.98","$1,765.20",$783.78,Credit Card,3.3,No
103684,2025-06-27,Europe,Netherlands,Health & Beauty,Skincare Set,Wholesale,Small Business,Drew Okafor,5,$145.88,$86.78,5%,$729.40,$36.47,$692.93,$433.90,$259.03,PayPal,3.6,No
103685,2025-06-27,North America,United States,Apparel,Yoga Pants,Marketplace,Small Business,Riley Muller,9,$34.75,$14.75,0%,$312.75,$0.00,$312.75,$132.75,$180.00,Debit Card,3.0,No
103686,2025-06-27,Latin America,Argentina,Electronics,USB-C Hub,Retail Store,Consumer,Amara Costa,15,$192.55,$122.17,0%,"$2,888.25",$0.00,"$2,888.25","$1,832.55","$1,055.70",PayPal,3.7,No
103687,2025-06-27,Europe,Italy,Home & Kitchen,Coffee Maker,Retail Store,Consumer,Wei Dubois,5,$75.10,$47.82,0%,$375.50,$0.00,$375.50,$239.10,$136.40,Credit Card,3.7,No
103688,2025-06-27,Asia Pacific,China,Apparel,Yoga Pants,Online,Small Business,Sam Silva,10,$71.41,$40.71,15%,$714.10,$107.12,$606.98,$407.10,$199.88,Debit Card,5.0,No
103689,2025-06-28,Europe,Italy,Electronics,Power Bank,Wholesale,Consumer,Drew Okafor,5,$36.91,$17.11,0%,$184.55,$0.00,$184.55,$85.55,$99.00,Credit Card,4.1,No
103690,2025-06-29,North America,United States,Apparel,Denim Jacket,Retail Store,Consumer,Sofia Kowalski,6,$17.09,$8.27,0%,$102.54,$0.00,$102.54,$49.62,$52.92,Credit Card,3.9,No
103691,2025-06-29,Asia Pacific,South Korea,Apparel,Denim Jacket,Online,Consumer,Jamie Johansson,13,$111.85,$50.43,0%,"$1,454.05",$0.00,"$1,454.05",$655.59,$798.46,Credit Card,5.0,No
103692,2025-06-29,North America,Mexico,Apparel,Wool Sweater,Online,Small Business,Fatima Ahmed,2,$106.00,$46.36,20%,$212.00,$42.40,$169.60,$92.72,$76.88,Credit Card,5.0,No
103693,2025-06-29,North America,Canada,Health & Beauty,Massage Gun,Retail Store,Enterprise,Cameron Nakamura,5,$134.13,$67.14,0%,$670.65,$0.00,$670.65,$335.70,$334.95,Bank Transfer,4.1,No
103694,2025-06-29,North America,United States,Apparel,Running Shoes,Online,Consumer,Elena Lindqvist,1,$109.03,$69.34,0%,$109.03,$0.00,$109.03,$69.34,$39.69,Debit Card,4.2,No
103695,2025-06-29,Latin America,Chile,Health & Beauty,Skincare Set,Online,Consumer,Riley Muller,5,$139.34,$58.87,15%,$696.70,$104.51,$592.19,$294.35,$297.84,Credit Card,4.6,No
103696,2025-06-30,North America,United States,Home & Kitchen,Coffee Maker,Marketplace,Consumer,Amara Costa,6,$23.70,$13.79,5%,$142.20,$7.11,$135.09,$82.74,$52.35,PayPal,4.8,No
103697,2025-06-30,Middle East & Africa,South Africa,Office Supplies,Notebook Set,Retail Store,Consumer,Drew Okafor,1,$335.64,$177.91,0%,$335.64,$0.00,$335.64,$177.91,$157.73,Debit Card,4.0,No
103698,2025-06-30,North America,Mexico,Apparel,Backpack,Marketplace,Consumer,Cameron Nakamura,9,$42.10,$26.80,0%,$378.90,$0.00,$378.90,$241.20,$137.70,Credit Card,4.4,No
103699,2025-06-30,Latin America,Brazil,Health & Beauty,Skincare Set,Online,Enterprise,Fatima Ahmed,11,$31.68,$15.27,5%,$348.48,$17.42,$331.06,$167.97,$163.09,Bank Transfer,3.8,No
103700,2025-06-30,North America,Canada,Electronics,Laptop Stand,Online,Enterprise,Elena Lindqvist,10,$73.73,$46.63,0%,$737.30,$0.00,$737.30,$466.30,$271.00,Bank Transfer,3.2,No
103701,2025-06-30,Asia Pacific,China,Health & Beauty,Hair Dryer,Retail Store,Small Business,Cameron Nakamura,6,$131.17,$63.41,0%,$787.02,$0.00,$787.02,$380.46,$406.56,Credit Card,3.7,No
103702,2025-06-30,Middle East & Africa,South Africa,Health & Beauty,Skincare Set,Retail Store,Consumer,Wei Dubois,7,$63.69,$33.78,20%,$445.83,$89.17,$356.66,$236.46,$120.20,Credit Card,4.1,No
103703,2025-06-30,North America,United States,Office Supplies,Notebook Set,Online,Consumer,Jordan Chen,3,$106.88,$56.95,0%,$320.64,$0.00,$320.64,$170.85,$149.79,Credit Card,4.3,No
103704,2025-06-30,Asia Pacific,India,Home & Kitchen,Vacuum Cleaner,Marketplace,Small Business,Taylor Patel,5,$109.77,$71.11,0%,$548.85,$0.00,$548.85,$355.55,$193.30,PayPal,4.4,No
103705,2025-07-01,Europe,United Kingdom,Electronics,Power Bank,Wholesale,Enterprise,Drew Okafor,4,$87.64,$49.75,0%,$350.56,$0.00,$350.56,$199.00,$151.56,Credit Card,3.8,No
103706,2025-07-01,Asia Pacific,Australia,Office Supplies,Standing Desk,Retail Store,Consumer,Noah Santos,12,$126.80,$77.43,5%,"$1,521.60",$76.08,"$1,445.52",$929.16,$516.36,Credit Card,4.1,No
103707,2025-07-01,North America,Canada,Office Supplies,Desk Organizer,Marketplace,Consumer,Priya Rossi,7,$172.60,$98.73,0%,"$1,208.20",$0.00,"$1,208.20",$691.11,$517.09,Credit Card,5.0,No
103708,2025-07-01,Middle East & Africa,Nigeria,Health & Beauty,Yoga Mat,Retail Store,Consumer,Fatima Ahmed,5,$77.64,$45.91,0%,$388.20,$0.00,$388.20,$229.55,$158.65,Bank Transfer,4.9,No
103709,2025-07-01,Asia Pacific,South Korea,Apparel,Denim Jacket,Marketplace,Consumer,Fatima Ahmed,5,$51.53,$32.98,0%,$257.65,$0.00,$257.65,$164.90,$92.75,Bank Transfer,4.1,No
103710,2025-07-01,Asia Pacific,India,Home & Kitchen,Vacuum Cleaner,Marketplace,Consumer,Jordan Chen,14,$173.67,$83.04,15%,"$2,431.38",$364.71,"$2,066.67","$1,162.56",$904.11,PayPal,4.2,No
103711,2025-07-01,Asia Pacific,South Korea,Home & Kitchen,Coffee Maker,Retail Store,Enterprise,Kenji Haddad,11,$169.60,$94.85,20%,"$1,865.60",$373.12,"$1,492.48","$1,043.35",$449.13,Credit Card,3.7,No
103712,2025-07-01,Latin America,Chile,Home & Kitchen,Blender,Online,Consumer,Noah Santos,14,$179.28,$105.95,15%,"$2,509.92",$376.49,"$2,133.43","$1,483.30",$650.13,Credit Card,3.9,No
103713,2025-07-02,North America,Mexico,Electronics,Wireless Earbuds,Retail Store,Consumer,Jordan Chen,8,$222.29,$140.60,10%,"$1,778.32",$177.83,"$1,600.49","$1,124.80",$475.69,Cash,4.8,No
103714,2025-07-02,Europe,Italy,Electronics,Laptop Stand,Retail Store,Consumer,Alex Reyes,11,$90.78,$53.76,0%,$998.58,$0.00,$998.58,$591.36,$407.22,Credit Card,3.9,No
103715,2025-07-02,North America,Mexico,Office Supplies,Pen Set,Retail Store,Enterprise,Cameron Nakamura,2,$194.64,$89.33,0%,$389.28,$0.00,$389.28,$178.66,$210.62,Credit Card,4.1,No
103716,2025-07-02,North America,United States,Apparel,Wool Sweater,Wholesale,Consumer,Diego Weber,4,$105.77,$52.16,0%,$423.08,$0.00,$423.08,$208.64,$214.44,Credit Card,3.5,No
103717,2025-07-02,North America,Mexico,Electronics,Bluetooth Speaker,Online,Consumer,Lucas Novak,3,$69.84,$33.03,10%,$209.52,$20.95,$188.57,$99.09,$89.48,Credit Card,4.3,No
103718,2025-07-02,Latin America,Argentina,Electronics,Wireless Earbuds,Retail Store,Consumer,Casey Garcia,29,$154.19,$99.90,0%,"$4,471.51",$0.00,"$4,471.51","$2,897.10","$1,574.41",PayPal,2.9,No
103719,2025-07-02,North America,United States,Health & Beauty,Skincare Set,Online,Small Business,Taylor Patel,9,$10.08,$4.38,10%,$90.72,$9.07,$81.65,$39.42,$42.23,Debit Card,5.0,No
103720,2025-07-03,North America,Mexico,Electronics,Bluetooth Speaker,Online,Enterprise,Kenji Haddad,11,$270.97,$152.53,0%,"$2,980.67",$0.00,"$2,980.67","$1,677.83","$1,302.84",Credit Card,4.6,No
103721,2025-07-03,Middle East & Africa,South Africa,Home & Kitchen,Vacuum Cleaner,Online,Consumer,Taylor Patel,9,$182.03,$96.81,10%,"$1,638.27",$163.83,"$1,474.44",$871.29,$603.15,Debit Card,2.9,No
103722,2025-07-03,North America,United States,Office Supplies,Standing Desk,Online,Consumer,Fatima Ahmed,7,$29.39,$16.73,0%,$205.73,$0.00,$205.73,$117.11,$88.62,Credit Card,4.4,No
103723,2025-07-03,Asia Pacific,South Korea,Health & Beauty,Hair Dryer,Wholesale,Enterprise,Wei Dubois,7,$96.90,$57.19,5%,$678.30,$33.92,$644.38,$400.33,$244.05,Debit Card,5.0,No
103724,2025-07-03,Asia Pacific,Singapore,Office Supplies,Monitor Arm,Marketplace,Consumer,Kenji Haddad,24,$282.59,$168.90,0%,"$6,782.16",$0.00,"$6,782.16","$4,053.60","$2,728.56",Credit Card,4.2,No
103725,2025-07-03,North America,Mexico,Home & Kitchen,Vacuum Cleaner,Online,Enterprise,Casey Garcia,1,$210.59,$126.15,10%,$210.59,$21.06,$189.53,$126.15,$63.38,Credit Card,4.3,No
103726,2025-07-03,Europe,United Kingdom,Health & Beauty,Fitness Tracker,Online,Small Business,Riley Muller,6,$128.22,$81.02,15%,$769.32,$115.40,$653.92,$486.12,$167.80,PayPal,4.6,No
103727,2025-07-03,Middle East & Africa,South Africa,Electronics,USB-C Hub,Retail Store,Small Business,Jordan Chen,3,$308.67,$156.87,5%,$926.01,$46.30,$879.71,$470.61,$409.10,PayPal,4.5,No
103728,2025-07-03,Europe,Spain,Electronics,Power Bank,Marketplace,Consumer,Riley Muller,3,$207.71,$120.60,10%,$623.13,$62.31,$560.82,$361.80,$199.02,Credit Card,3.8,No
103729,2025-07-03,North America,United States,Home & Kitchen,Cookware Set,Wholesale,Consumer,Morgan Kim,5,$82.67,$38.28,0%,$413.35,$0.00,$413.35,$191.40,$221.95,Debit Card,4.8,No
103730,2025-07-04,Latin America,Chile,Office Supplies,Pen Set,Online,Enterprise,Fatima Ahmed,6,$18.57,$12.03,0%,$111.42,$0.00,$111.42,$72.18,$39.24,Debit Card,4.2,No
103731,2025-07-04,Europe,United Kingdom,Apparel,Yoga Pants,Retail Store,Consumer,Lucas Novak,3,$87.83,$35.62,5%,$263.49,$13.17,$250.32,$106.86,$143.46,Debit Card,5.0,No
103732,2025-07-04,Asia Pacific,Japan,Office Supplies,Notebook Set,Retail Store,Consumer,Diego Weber,14,$25.21,$15.61,0%,$352.94,$0.00,$352.94,$218.54,$134.40,Debit Card,4.4,No
103733,2025-07-04,North America,United States,Electronics,Laptop Stand,Wholesale,Consumer,Sam Silva,15,$179.85,$114.39,0%,"$2,697.75",$0.00,"$2,697.75","$1,715.85",$981.90,PayPal,4.0,No
103734,2025-07-04,Asia Pacific,South Korea,Office Supplies,Notebook Set,Retail Store,Consumer,Diego Weber,5,$139.00,$78.48,0%,$695.00,$0.00,$695.00,$392.40,$302.60,Bank Transfer,2.8,Yes
103735,2025-07-04,Asia Pacific,China,Apparel,Yoga Pants,Online,Consumer,Priya Rossi,8,$133.78,$63.95,0%,"$1,070.24",$0.00,"$1,070.24",$511.60,$558.64,Credit Card,5.0,Yes
103736,2025-07-04,Europe,United Kingdom,Health & Beauty,Hair Dryer,Marketplace,Small Business,Taylor Patel,16,$13.29,$6.40,0%,$212.64,$0.00,$212.64,$102.40,$110.24,Credit Card,4.6,No
103737,2025-07-04,North America,Canada,Apparel,Wool Sweater,Wholesale,Small Business,Noah Santos,5,$65.44,$38.96,15%,$327.20,$49.08,$278.12,$194.80,$83.32,Credit Card,4.5,No
103738,2025-07-05,Europe,Spain,Health & Beauty,Massage Gun,Marketplace,Consumer,Noah Santos,9,$154.17,$83.72,0%,"$1,387.53",$0.00,"$1,387.53",$753.48,$634.05,Credit Card,3.1,No
103739,2025-07-05,Asia Pacific,India,Health & Beauty,Yoga Mat,Marketplace,Consumer,Jordan Chen,2,$167.18,$77.19,5%,$334.36,$16.72,$317.64,$154.38,$163.26,Credit Card,4.6,No
103740,2025-07-05,Europe,Netherlands,Electronics,Smartwatch,Online,Consumer,Fatima Ahmed,7,$181.49,$100.54,0%,"$1,270.43",$0.00,"$1,270.43",$703.78,$566.65,PayPal,4.1,No
103741,2025-07-05,Latin America,Argentina,Office Supplies,Ergonomic Chair,Online,Enterprise,Taylor Patel,6,$42.37,$22.29,20%,$254.22,$50.84,$203.38,$133.74,$69.64,Debit Card,4.3,No
103742,2025-07-06,North America,Canada,Home & Kitchen,Blender,Online,Consumer,Kenji Haddad,3,$56.62,$35.39,5%,$169.86,$8.49,$161.37,$106.17,$55.20,Credit Card,3.6,No
103743,2025-07-06,Europe,United Kingdom,Office Supplies,Ergonomic Chair,Online,Small Business,Diego Weber,3,$354.16,$201.67,0%,"$1,062.48",$0.00,"$1,062.48",$605.01,$457.47,Credit Card,4.0,No
103744,2025-07-06,Asia Pacific,South Korea,Electronics,Smartwatch,Online,Consumer,Morgan Kim,6,$276.45,$174.46,0%,"$1,658.70",$0.00,"$1,658.70","$1,046.76",$611.94,PayPal,5.0,No
103745,2025-07-06,North America,Canada,Apparel,Yoga Pants,Retail Store,Consumer,Kenji Haddad,2,$32.96,$17.43,0%,$65.92,$0.00,$65.92,$34.86,$31.06,Debit Card,4.1,No
103746,2025-07-06,Asia Pacific,South Korea,Home & Kitchen,Vacuum Cleaner,Online,Enterprise,Amara Costa,6,$72.63,$40.90,5%,$435.78,$21.79,$413.99,$245.40,$168.59,Credit Card,4.7,No
103747,2025-07-06,Asia Pacific,Japan,Office Supplies,Ergonomic Chair,Retail Store,Consumer,Casey Garcia,9,$283.79,$139.12,0%,"$2,554.11",$0.00,"$2,554.11","$1,252.08","$1,302.03",Credit Card,3.9,No
103748,2025-07-06,Asia Pacific,Australia,Home & Kitchen,Air Fryer,Retail Store,Consumer,Jamie Johansson,5,$110.75,$66.24,0%,$553.75,$0.00,$553.75,$331.20,$222.55,Credit Card,3.8,No
103749,2025-07-07,North America,Canada,Office Supplies,Desk Organizer,Online,Consumer,Sofia Kowalski,9,$113.99,$66.06,5%,"$1,025.91",$51.30,$974.61,$594.54,$380.07,Credit Card,5.0,No
103750,2025-07-07,Latin America,Colombia,Home & Kitchen,Air Fryer,Marketplace,Small Business,Jamie Johansson,7,$111.64,$63.56,0%,$781.48,$0.00,$781.48,$444.92,$336.56,Credit Card,4.5,No
103751,2025-07-07,North America,Mexico,Apparel,Wool Sweater,Marketplace,Consumer,Sofia Kowalski,1,$62.53,$27.09,15%,$62.53,$9.38,$53.15,$27.09,$26.06,Credit Card,2.6,No
103752,2025-07-07,North America,Mexico,Apparel,Yoga Pants,Online,Consumer,Wei Dubois,2,$89.64,$39.57,0%,$179.28,$0.00,$179.28,$79.14,$100.14,Credit Card,2.4,No
103753,2025-07-07,Asia Pacific,Singapore,Home & Kitchen,Vacuum Cleaner,Marketplace,Enterprise,Morgan Kim,8,$48.11,$19.33,0%,$384.88,$0.00,$384.88,$154.64,$230.24,PayPal,4.3,Yes
103754,2025-07-07,Europe,France,Apparel,Backpack,Marketplace,Enterprise,Drew Okafor,12,$45.62,$24.30,0%,$547.44,$0.00,$547.44,$291.60,$255.84,Debit Card,4.4,No
103755,2025-07-07,North America,Mexico,Health & Beauty,Fitness Tracker,Online,Small Business,Taylor Patel,1,$50.50,$21.85,5%,$50.50,$2.53,$47.97,$21.85,$26.12,Credit Card,3.1,No
103756,2025-07-07,North America,United States,Home & Kitchen,Air Fryer,Wholesale,Small Business,Lucas Novak,17,$45.09,$21.98,0%,$766.53,$0.00,$766.53,$373.66,$392.87,PayPal,5.0,No
103757,2025-07-07,Europe,United Kingdom,Office Supplies,Monitor Arm,Retail Store,Small Business,Taylor Patel,9,$357.77,$146.41,0%,"$3,219.93",$0.00,"$3,219.93","$1,317.69","$1,902.24",Cash,3.6,No
103758,2025-07-07,North America,United States,Office Supplies,Ergonomic Chair,Marketplace,Small Business,Riley Muller,6,$198.87,$97.82,0%,"$1,193.22",$0.00,"$1,193.22",$586.92,$606.30,Bank Transfer,4.0,No
103759,2025-07-08,Asia Pacific,China,Electronics,Power Bank,Online,Consumer,Drew Okafor,7,$54.81,$29.18,0%,$383.67,$0.00,$383.67,$204.26,$179.41,Credit Card,4.1,No
103760,2025-07-08,Asia Pacific,Singapore,Electronics,Power Bank,Online,Consumer,Riley Muller,3,$236.53,$129.27,15%,$709.59,$106.44,$603.15,$387.81,$215.34,Credit Card,3.8,No
103761,2025-07-08,Asia Pacific,China,Apparel,Backpack,Marketplace,Consumer,Sam Silva,3,$46.48,$24.80,0%,$139.44,$0.00,$139.44,$74.40,$65.04,Debit Card,4.6,No
103762,2025-07-09,North America,Canada,Electronics,Power Bank,Marketplace,Consumer,Lucas Novak,7,$91.23,$36.50,0%,$638.61,$0.00,$638.61,$255.50,$383.11,Debit Card,3.8,No
103763,2025-07-09,Asia Pacific,Singapore,Electronics,Wireless Earbuds,Wholesale,Enterprise,Jordan Chen,5,$91.91,$39.33,0%,$459.55,$0.00,$459.55,$196.65,$262.90,Credit Card,2.8,No
103764,2025-07-09,North America,United States,Office Supplies,Standing Desk,Retail Store,Enterprise,Fatima Ahmed,3,$256.00,$116.50,0%,$768.00,$0.00,$768.00,$349.50,$418.50,Debit Card,2.2,No
103765,2025-07-09,Asia Pacific,South Korea,Electronics,USB-C Hub,Online,Consumer,Kenji Haddad,9,$211.92,$105.90,0%,"$1,907.28",$0.00,"$1,907.28",$953.10,$954.18,Credit Card,4.1,No
103766,2025-07-09,North America,Mexico,Apparel,Wool Sweater,Online,Consumer,Riley Muller,13,$147.73,$63.08,10%,"$1,920.49",$192.05,"$1,728.44",$820.04,$908.40,PayPal,4.5,No
103767,2025-07-09,North America,Mexico,Office Supplies,Standing Desk,Wholesale,Consumer,Wei Dubois,8,$25.06,$14.22,0%,$200.48,$0.00,$200.48,$113.76,$86.72,Credit Card,3.8,No
103768,2025-07-10,Europe,Italy,Health & Beauty,Massage Gun,Retail Store,Enterprise,Jamie Johansson,15,$67.77,$36.62,0%,"$1,016.55",$0.00,"$1,016.55",$549.30,$467.25,Debit Card,3.5,No
103769,2025-07-10,Europe,United Kingdom,Home & Kitchen,Coffee Maker,Marketplace,Enterprise,Alex Reyes,11,$47.66,$28.90,0%,$524.26,$0.00,$524.26,$317.90,$206.36,Bank Transfer,2.7,No
103770,2025-07-10,Europe,Spain,Electronics,Laptop Stand,Online,Consumer,Lucas Novak,6,$347.28,$182.35,0%,"$2,083.68",$0.00,"$2,083.68","$1,094.10",$989.58,Credit Card,5.0,No
103771,2025-07-10,Europe,Spain,Electronics,Bluetooth Speaker,Retail Store,Consumer,Morgan Kim,3,$322.36,$139.38,0%,$967.08,$0.00,$967.08,$418.14,$548.94,PayPal,2.7,No
103772,2025-07-10,Latin America,Brazil,Apparel,Denim Jacket,Marketplace,Small Business,Amara Costa,6,$64.67,$37.35,5%,$388.02,$19.40,$368.62,$224.10,$144.52,Debit Card,3.4,No
103773,2025-07-10,North America,Canada,Apparel,Yoga Pants,Online,Consumer,Alex Reyes,2,$137.79,$79.65,0%,$275.58,$0.00,$275.58,$159.30,$116.28,Bank Transfer,4.1,No
103774,2025-07-11,Europe,France,Health & Beauty,Yoga Mat,Marketplace,Consumer,Alex Reyes,6,$165.93,$98.06,15%,$995.58,$149.34,$846.24,$588.36,$257.88,Cash,5.0,No
103775,2025-07-11,North America,Mexico,Health & Beauty,Yoga Mat,Marketplace,Consumer,Cameron Nakamura,3,$155.93,$86.87,20%,$467.79,$93.56,$374.23,$260.61,$113.62,Bank Transfer,4.8,No
103776,2025-07-11,Asia Pacific,China,Health & Beauty,Hair Dryer,Online,Consumer,Fatima Ahmed,4,$133.27,$68.40,20%,$533.08,$106.62,$426.46,$273.60,$152.86,Debit Card,5.0,No
103777,2025-07-11,Latin America,Argentina,Home & Kitchen,Blender,Marketplace,Consumer,Amara Costa,5,$176.80,$97.35,5%,$884.00,$44.20,$839.80,$486.75,$353.05,Debit Card,3.9,No
103778,2025-07-11,Europe,Spain,Health & Beauty,Yoga Mat,Wholesale,Consumer,Noah Santos,7,$121.91,$52.76,5%,$853.37,$42.67,$810.70,$369.32,$441.38,PayPal,4.3,No
103779,2025-07-11,North America,Canada,Health & Beauty,Electric Toothbrush,Online,Consumer,Taylor Patel,9,$124.71,$61.17,15%,"$1,122.39",$168.36,$954.03,$550.53,$403.50,Credit Card,4.3,No
103780,2025-07-11,Asia Pacific,India,Electronics,Bluetooth Speaker,Wholesale,Small Business,Sam Silva,12,$332.65,$139.59,5%,"$3,991.80",$199.59,"$3,792.21","$1,675.08","$2,117.13",Credit Card,3.3,No
103781,2025-07-11,North America,Mexico,Health & Beauty,Massage Gun,Online,Consumer,Sam Silva,1,$45.50,$29.18,0%,$45.50,$0.00,$45.50,$29.18,$16.32,Credit Card,5.0,No
103782,2025-07-11,Asia Pacific,South Korea,Apparel,Denim Jacket,Online,Small Business,Amara Costa,7,$92.71,$56.94,0%,$648.97,$0.00,$648.97,$398.58,$250.39,Credit Card,3.0,No
103783,2025-07-11,Europe,Germany,Home & Kitchen,Coffee Maker,Wholesale,Consumer,Fatima Ahmed,14,$73.90,$34.41,0%,"$1,034.60",$0.00,"$1,034.60",$481.74,$552.86,Credit Card,4.4,No
103784,2025-07-12,North America,Mexico,Home & Kitchen,Blender,Retail Store,Consumer,Riley Muller,11,$65.93,$31.11,0%,$725.23,$0.00,$725.23,$342.21,$383.02,Debit Card,5.0,No
103785,2025-07-12,Europe,Spain,Office Supplies,Desk Organizer,Online,Small Business,Wei Dubois,7,$311.39,$169.61,0%,"$2,179.73",$0.00,"$2,179.73","$1,187.27",$992.46,Bank Transfer,4.7,No
103786,2025-07-12,Europe,Italy,Health & Beauty,Skincare Set,Online,Consumer,Jamie Johansson,9,$156.75,$91.76,0%,"$1,410.75",$0.00,"$1,410.75",$825.84,$584.91,PayPal,4.8,No
103787,2025-07-12,Asia Pacific,India,Home & Kitchen,Cookware Set,Wholesale,Small Business,Alex Reyes,11,$21.76,$10.49,0%,$239.36,$0.00,$239.36,$115.39,$123.97,Credit Card,4.1,No
103788,2025-07-12,Europe,Germany,Home & Kitchen,Air Fryer,Retail Store,Small Business,Jordan Chen,9,$79.48,$39.78,0%,$715.32,$0.00,$715.32,$358.02,$357.30,PayPal,3.6,No
103789,2025-07-12,North America,Mexico,Home & Kitchen,Toaster,Marketplace,Consumer,Amara Costa,11,$192.13,$82.74,0%,"$2,113.43",$0.00,"$2,113.43",$910.14,"$1,203.29",Credit Card,3.8,No
103790,2025-07-12,Asia Pacific,South Korea,Home & Kitchen,Blender,Marketplace,Consumer,Fatima Ahmed,6,$173.80,$103.53,0%,"$1,042.80",$0.00,"$1,042.80",$621.18,$421.62,Credit Card,3.6,No
103791,2025-07-12,Asia Pacific,China,Home & Kitchen,Vacuum Cleaner,Retail Store,Enterprise,Noah Santos,7,$20.98,$10.70,0%,$146.86,$0.00,$146.86,$74.90,$71.96,Credit Card,4.4,No
103792,2025-07-12,North America,Canada,Home & Kitchen,Vacuum Cleaner,Wholesale,Consumer,Drew Okafor,10,$125.05,$79.18,15%,"$1,250.50",$187.58,"$1,062.92",$791.80,$271.12,Bank Transfer,4.8,No
103793,2025-07-12,Europe,Netherlands,Office Supplies,Desk Organizer,Wholesale,Consumer,Sofia Kowalski,1,$11.00,$6.66,15%,$11.00,$1.65,$9.35,$6.66,$2.69,Credit Card,3.1,No
103794,2025-07-13,North America,United States,Home & Kitchen,Toaster,Marketplace,Consumer,Wei Dubois,11,$74.44,$38.43,0%,$818.84,$0.00,$818.84,$422.73,$396.11,Credit Card,4.0,No
103795,2025-07-13,Latin America,Brazil,Health & Beauty,Massage Gun,Wholesale,Consumer,Jamie Johansson,8,$58.92,$35.04,5%,$471.36,$23.57,$447.79,$280.32,$167.47,Bank Transfer,4.0,No
103796,2025-07-13,Europe,Netherlands,Office Supplies,Notebook Set,Retail Store,Consumer,Riley Muller,5,$241.29,$117.04,0%,"$1,206.45",$0.00,"$1,206.45",$585.20,$621.25,Credit Card,3.1,No
103797,2025-07-13,North America,United States,Office Supplies,Ergonomic Chair,Retail Store,Consumer,Elena Lindqvist,7,$215.98,$98.19,10%,"$1,511.86",$151.19,"$1,360.67",$687.33,$673.34,Credit Card,5.0,No
103798,2025-07-13,Europe,France,Apparel,Wool Sweater,Marketplace,Small Business,Drew Okafor,3,$59.32,$24.04,0%,$177.96,$0.00,$177.96,$72.12,$105.84,Credit Card,4.0,Yes
103799,2025-07-13,North America,Mexico,Apparel,Wool Sweater,Online,Consumer,Morgan Kim,3,$107.68,$56.69,0%,$323.04,$0.00,$323.04,$170.07,$152.97,Debit Card,2.5,No
103800,2025-07-13,Europe,Netherlands,Office Supplies,Standing Desk,Retail Store,Small Business,Sam Silva,4,$127.49,$57.12,0%,$509.96,$0.00,$509.96,$228.48,$281.48,Credit Card,5.0,No
103801,2025-07-13,Latin America,Brazil,Health & Beauty,Electric Toothbrush,Retail Store,Consumer,Fatima Ahmed,14,$152.40,$72.16,0%,"$2,133.60",$0.00,"$2,133.60","$1,010.24","$1,123.36",Debit Card,3.3,No
103802,2025-07-13,Europe,Netherlands,Health & Beauty,Skincare Set,Retail Store,Consumer,Priya Rossi,2,$76.63,$44.10,0%,$153.26,$0.00,$153.26,$88.20,$65.06,Debit Card,5.0,No
103803,2025-07-14,Asia Pacific,China,Home & Kitchen,Vacuum Cleaner,Online,Consumer,Riley Muller,14,$114.03,$51.23,0%,"$1,596.42",$0.00,"$1,596.42",$717.22,$879.20,Credit Card,5.0,No
103804,2025-07-14,Europe,Italy,Office Supplies,Pen Set,Marketplace,Consumer,Fatima Ahmed,3,$241.00,$136.99,5%,$723.00,$36.15,$686.85,$410.97,$275.88,Cash,5.0,No
103805,2025-07-14,Europe,Germany,Electronics,Bluetooth Speaker,Retail Store,Consumer,Wei Dubois,7,$193.49,$123.38,10%,"$1,354.43",$135.44,"$1,218.99",$863.66,$355.33,Debit Card,3.6,No
103806,2025-07-14,Europe,Germany,Home & Kitchen,Vacuum Cleaner,Marketplace,Consumer,Fatima Ahmed,1,$31.78,$13.09,0%,$31.78,$0.00,$31.78,$13.09,$18.69,Credit Card,4.3,No
103807,2025-07-14,North America,Canada,Health & Beauty,Hair Dryer,Online,Small Business,Alex Reyes,1,$75.65,$47.55,15%,$75.65,$11.35,$64.30,$47.55,$16.75,Cash,4.4,No
103808,2025-07-14,Latin America,Brazil,Home & Kitchen,Air Fryer,Retail Store,Consumer,Riley Muller,3,$190.04,$91.87,10%,$570.12,$57.01,$513.11,$275.61,$237.50,Bank Transfer,3.1,No
103809,2025-07-14,Europe,Italy,Office Supplies,Pen Set,Retail Store,Consumer,Morgan Kim,12,$391.08,$223.57,5%,"$4,692.96",$234.65,"$4,458.31","$2,682.84","$1,775.47",Cash,4.6,No
103810,2025-07-14,Europe,United Kingdom,Apparel,Running Shoes,Online,Small Business,Kenji Haddad,10,$53.65,$29.51,0%,$536.50,$0.00,$536.50,$295.10,$241.40,Bank Transfer,4.0,No
103811,2025-07-14,Europe,United Kingdom,Office Supplies,Pen Set,Online,Consumer,Jordan Chen,8,$387.13,$247.58,0%,"$3,097.04",$0.00,"$3,097.04","$1,980.64","$1,116.40",Credit Card,3.5,No
103812,2025-07-14,Europe,United Kingdom,Apparel,Sunglasses,Online,Consumer,Sam Silva,4,$90.88,$52.39,0%,$363.52,$0.00,$363.52,$209.56,$153.96,Credit Card,4.6,No
103813,2025-07-15,North America,Mexico,Electronics,Wireless Earbuds,Online,Small Business,Morgan Kim,2,$306.49,$154.03,0%,$612.98,$0.00,$612.98,$308.06,$304.92,Debit Card,4.3,No
103814,2025-07-15,North America,Mexico,Home & Kitchen,Blender,Retail Store,Consumer,Cameron Nakamura,6,$48.51,$30.40,0%,$291.06,$0.00,$291.06,$182.40,$108.66,Credit Card,4.9,No
103815,2025-07-15,North America,Canada,Home & Kitchen,Blender,Marketplace,Consumer,Elena Lindqvist,6,$151.22,$92.16,0%,$907.32,$0.00,$907.32,$552.96,$354.36,Bank Transfer,3.3,No
103816,2025-07-15,North America,United States,Health & Beauty,Electric Toothbrush,Online,Small Business,Amara Costa,6,$130.14,$76.32,5%,$780.84,$39.04,$741.80,$457.92,$283.88,PayPal,3.6,Yes
103817,2025-07-15,Asia Pacific,Japan,Office Supplies,Standing Desk,Online,Enterprise,Lucas Novak,12,$160.76,$98.60,0%,"$1,929.12",$0.00,"$1,929.12","$1,183.20",$745.92,Debit Card,5.0,No
103818,2025-07-15,Europe,Netherlands,Electronics,Wireless Earbuds,Retail Store,Consumer,Sofia Kowalski,6,$100.27,$44.27,0%,$601.62,$0.00,$601.62,$265.62,$336.00,Credit Card,5.0,No
103819,2025-07-15,North America,Mexico,Health & Beauty,Yoga Mat,Online,Small Business,Drew Okafor,3,$74.72,$31.94,0%,$224.16,$0.00,$224.16,$95.82,$128.34,Credit Card,3.6,No
103820,2025-07-16,Asia Pacific,South Korea,Office Supplies,Desk Organizer,Marketplace,Consumer,Wei Dubois,16,$376.84,$203.80,0%,"$6,029.44",$0.00,"$6,029.44","$3,260.80","$2,768.64",Bank Transfer,3.0,No
103821,2025-07-16,North America,United States,Apparel,Backpack,Online,Consumer,Kenji Haddad,1,$17.29,$9.38,0%,$17.29,$0.00,$17.29,$9.38,$7.91,Credit Card,4.0,No
103822,2025-07-16,Asia Pacific,South Korea,Electronics,Smartwatch,Retail Store,Consumer,Alex Reyes,2,$155.68,$75.84,0%,$311.36,$0.00,$311.36,$151.68,$159.68,Credit Card,4.1,No
103823,2025-07-16,North America,Canada,Health & Beauty,Fitness Tracker,Wholesale,Consumer,Riley Muller,2,$66.02,$41.31,0%,$132.04,$0.00,$132.04,$82.62,$49.42,Credit Card,4.4,No
103824,2025-07-16,Europe,Spain,Electronics,Laptop Stand,Retail Store,Small Business,Kenji Haddad,5,$233.87,$115.77,0%,"$1,169.35",$0.00,"$1,169.35",$578.85,$590.50,Credit Card,4.9,No
103825,2025-07-16,North America,Mexico,Home & Kitchen,Coffee Maker,Online,Consumer,Jordan Chen,9,$84.17,$46.15,0%,$757.53,$0.00,$757.53,$415.35,$342.18,Debit Card,4.5,No
103826,2025-07-16,North America,Canada,Electronics,Wireless Earbuds,Online,Small Business,Morgan Kim,7,$278.48,$151.27,0%,"$1,949.36",$0.00,"$1,949.36","$1,058.89",$890.47,Debit Card,3.7,No
103827,2025-07-16,North America,Mexico,Office Supplies,Notebook Set,Wholesale,Small Business,Wei Dubois,10,$204.28,$106.07,0%,"$2,042.80",$0.00,"$2,042.80","$1,060.70",$982.10,Debit Card,3.6,No
103828,2025-07-16,Europe,Netherlands,Apparel,Backpack,Online,Consumer,Fatima Ahmed,6,$88.19,$41.92,0%,$529.14,$0.00,$529.14,$251.52,$277.62,Credit Card,5.0,Yes
103829,2025-07-16,North America,United States,Electronics,Smartwatch,Online,Consumer,Riley Muller,5,$85.07,$52.21,0%,$425.35,$0.00,$425.35,$261.05,$164.30,Credit Card,3.8,No
103830,2025-07-17,Europe,Italy,Electronics,USB-C Hub,Online,Small Business,Sam Silva,3,$53.99,$31.65,0%,$161.97,$0.00,$161.97,$94.95,$67.02,Debit Card,4.2,No
103831,2025-07-17,Europe,Spain,Apparel,Sunglasses,Online,Consumer,Morgan Kim,9,$15.07,$9.66,0%,$135.63,$0.00,$135.63,$86.94,$48.69,Credit Card,4.1,No
103832,2025-07-17,Asia Pacific,Australia,Health & Beauty,Skincare Set,Retail Store,Consumer,Drew Okafor,16,$123.48,$66.25,0%,"$1,975.68",$0.00,"$1,975.68","$1,060.00",$915.68,PayPal,3.4,No
103833,2025-07-17,Asia Pacific,South Korea,Electronics,Bluetooth Speaker,Retail Store,Consumer,Kenji Haddad,8,$112.12,$56.22,0%,$896.96,$0.00,$896.96,$449.76,$447.20,Debit Card,4.2,No
103834,2025-07-17,Europe,United Kingdom,Office Supplies,Standing Desk,Retail Store,Enterprise,Elena Lindqvist,9,$343.76,$170.76,0%,"$3,093.84",$0.00,"$3,093.84","$1,536.84","$1,557.00",Bank Transfer,4.2,No
103835,2025-07-17,North America,United States,Health & Beauty,Skincare Set,Online,Consumer,Priya Rossi,4,$133.02,$58.67,0%,$532.08,$0.00,$532.08,$234.68,$297.40,Credit Card,5.0,No
103836,2025-07-17,North America,Mexico,Electronics,Power Bank,Retail Store,Small Business,Drew Okafor,9,$185.03,$79.96,0%,"$1,665.27",$0.00,"$1,665.27",$719.64,$945.63,Credit Card,4.7,No
103837,2025-07-17,Europe,Spain,Health & Beauty,Fitness Tracker,Wholesale,Small Business,Kenji Haddad,11,$136.04,$56.33,0%,"$1,496.44",$0.00,"$1,496.44",$619.63,$876.81,Credit Card,4.5,Yes
103838,2025-07-17,North America,Mexico,Home & Kitchen,Cookware Set,Online,Consumer,Sofia Kowalski,3,$131.01,$69.31,0%,$393.03,$0.00,$393.03,$207.93,$185.10,Debit Card,2.7,No
103839,2025-07-18,Europe,France,Health & Beauty,Yoga Mat,Online,Consumer,Priya Rossi,12,$97.96,$52.91,10%,"$1,175.52",$117.55,"$1,057.97",$634.92,$423.05,Bank Transfer,3.4,No
103840,2025-07-18,Asia Pacific,Australia,Apparel,Wool Sweater,Marketplace,Consumer,Fatima Ahmed,4,$50.74,$30.04,0%,$202.96,$0.00,$202.96,$120.16,$82.80,PayPal,4.9,No
103841,2025-07-18,Europe,Netherlands,Health & Beauty,Hair Dryer,Wholesale,Small Business,Drew Okafor,14,$154.73,$75.35,5%,"$2,166.22",$108.31,"$2,057.91","$1,054.90","$1,003.01",Credit Card,4.0,No
103842,2025-07-18,Europe,Italy,Health & Beauty,Electric Toothbrush,Online,Consumer,Casey Garcia,10,$31.80,$12.73,0%,$318.00,$0.00,$318.00,$127.30,$190.70,Cash,3.8,No
103843,2025-07-18,Middle East & Africa,Nigeria,Office Supplies,Standing Desk,Online,Small Business,Elena Lindqvist,4,$354.47,$219.07,0%,"$1,417.88",$0.00,"$1,417.88",$876.28,$541.60,Credit Card,3.6,No
103844,2025-07-18,Latin America,Argentina,Electronics,Wireless Earbuds,Retail Store,Consumer,Amara Costa,12,$99.14,$53.20,5%,"$1,189.68",$59.48,"$1,130.20",$638.40,$491.80,Credit Card,3.3,No
103845,2025-07-19,Asia Pacific,South Korea,Electronics,Bluetooth Speaker,Online,Enterprise,Amara Costa,5,$136.33,$64.69,0%,$681.65,$0.00,$681.65,$323.45,$358.20,Cash,4.5,No
103846,2025-07-19,North America,Canada,Electronics,Wireless Earbuds,Online,Consumer,Alex Reyes,1,$53.81,$27.97,0%,$53.81,$0.00,$53.81,$27.97,$25.84,PayPal,4.1,No
103847,2025-07-19,North America,United States,Office Supplies,Standing Desk,Retail Store,Small Business,Priya Rossi,11,$69.73,$34.10,0%,$767.03,$0.00,$767.03,$375.10,$391.93,Credit Card,5.0,No
103848,2025-07-19,Asia Pacific,India,Office Supplies,Standing Desk,Online,Consumer,Alex Reyes,3,$25.72,$12.95,0%,$77.16,$0.00,$77.16,$38.85,$38.31,Bank Transfer,4.5,No
103849,2025-07-19,North America,Canada,Office Supplies,Standing Desk,Retail Store,Enterprise,Lucas Novak,8,$169.21,$87.59,0%,"$1,353.68",$0.00,"$1,353.68",$700.72,$652.96,PayPal,3.9,No
103850,2025-07-19,Middle East & Africa,Nigeria,Office Supplies,Ergonomic Chair,Retail Store,Small Business,Lucas Novak,6,$368.46,$225.34,0%,"$2,210.76",$0.00,"$2,210.76","$1,352.04",$858.72,Credit Card,3.9,No
103851,2025-07-19,Europe,Spain,Health & Beauty,Yoga Mat,Wholesale,Small Business,Jordan Chen,8,$112.64,$63.49,5%,$901.12,$45.06,$856.06,$507.92,$348.14,Debit Card,4.4,No
103852,2025-07-19,Europe,Germany,Apparel,Denim Jacket,Online,Small Business,Jordan Chen,7,$66.07,$34.82,0%,$462.49,$0.00,$462.49,$243.74,$218.75,PayPal,3.6,No
103853,2025-07-19,North America,United States,Electronics,Laptop Stand,Online,Consumer,Lucas Novak,9,$292.09,$165.29,5%,"$2,628.81",$131.44,"$2,497.37","$1,487.61","$1,009.76",Debit Card,5.0,No
103854,2025-07-20,North America,Mexico,Apparel,Running Shoes,Retail Store,Small Business,Drew Okafor,4,$145.01,$74.83,0%,$580.04,$0.00,$580.04,$299.32,$280.72,Credit Card,4.0,No
103855,2025-07-20,North America,United States,Electronics,Smartwatch,Marketplace,Consumer,Elena Lindqvist,4,$342.27,$216.06,0%,"$1,369.08",$0.00,"$1,369.08",$864.24,$504.84,Debit Card,4.7,No
103856,2025-07-20,Asia Pacific,Japan,Apparel,Wool Sweater,Marketplace,Consumer,Kenji Haddad,3,$37.78,$18.93,0%,$113.34,$0.00,$113.34,$56.79,$56.55,Credit Card,3.3,No
103857,2025-07-20,Asia Pacific,Australia,Home & Kitchen,Blender,Retail Store,Enterprise,Morgan Kim,7,$86.68,$48.08,0%,$606.76,$0.00,$606.76,$336.56,$270.20,Credit Card,4.7,No
103858,2025-07-20,Asia Pacific,South Korea,Apparel,Denim Jacket,Marketplace,Consumer,Cameron Nakamura,14,$99.44,$41.56,5%,"$1,392.16",$69.61,"$1,322.55",$581.84,$740.71,Debit Card,4.7,No
103859,2025-07-20,Latin America,Colombia,Home & Kitchen,Cookware Set,Online,Enterprise,Jordan Chen,8,$114.89,$61.50,0%,$919.12,$0.00,$919.12,$492.00,$427.12,PayPal,5.0,No
103860,2025-07-20,Asia Pacific,China,Office Supplies,Pen Set,Marketplace,Consumer,Jamie Johansson,14,$230.60,$124.27,0%,"$3,228.40",$0.00,"$3,228.40","$1,739.78","$1,488.62",Debit Card,4.4,No
103861,2025-07-20,Middle East & Africa,UAE,Electronics,Power Bank,Wholesale,Enterprise,Fatima Ahmed,15,$207.52,$90.45,0%,"$3,112.80",$0.00,"$3,112.80","$1,356.75","$1,756.05",Bank Transfer,4.2,No
103862,2025-07-21,Middle East & Africa,UAE,Apparel,Wool Sweater,Online,Enterprise,Alex Reyes,2,$99.67,$58.00,0%,$199.34,$0.00,$199.34,$116.00,$83.34,Debit Card,3.9,No
103863,2025-07-21,North America,Canada,Health & Beauty,Massage Gun,Online,Consumer,Sam Silva,3,$121.24,$56.68,0%,$363.72,$0.00,$363.72,$170.04,$193.68,Debit Card,3.4,No
103864,2025-07-21,Europe,Spain,Apparel,Yoga Pants,Marketplace,Consumer,Amara Costa,4,$29.68,$13.17,0%,$118.72,$0.00,$118.72,$52.68,$66.04,Credit Card,4.7,No
103865,2025-07-21,Latin America,Chile,Health & Beauty,Electric Toothbrush,Online,Consumer,Diego Weber,4,$111.60,$58.66,0%,$446.40,$0.00,$446.40,$234.64,$211.76,Debit Card,3.8,No
103866,2025-07-21,Europe,Italy,Health & Beauty,Electric Toothbrush,Online,Consumer,Elena Lindqvist,13,$62.92,$35.29,10%,$817.96,$81.80,$736.16,$458.77,$277.39,Bank Transfer,5.0,No
103867,2025-07-22,Latin America,Colombia,Home & Kitchen,Vacuum Cleaner,Online,Small Business,Riley Muller,8,$172.71,$72.55,10%,"$1,381.68",$138.17,"$1,243.51",$580.40,$663.11,PayPal,4.4,No
103868,2025-07-22,Asia Pacific,India,Office Supplies,Pen Set,Online,Consumer,Casey Garcia,15,$343.14,$183.14,5%,"$5,147.10",$257.36,"$4,889.74","$2,747.10","$2,142.64",Credit Card,3.1,No
103869,2025-07-22,North America,Mexico,Electronics,Laptop Stand,Retail Store,Consumer,Jamie Johansson,7,$260.47,$158.73,5%,"$1,823.29",$91.16,"$1,732.13","$1,111.11",$621.02,Credit Card,4.8,No
103870,2025-07-22,Europe,Italy,Office Supplies,Monitor Arm,Wholesale,Consumer,Morgan Kim,5,$195.01,$87.84,0%,$975.05,$0.00,$975.05,$439.20,$535.85,Credit Card,4.8,No
103871,2025-07-22,Middle East & Africa,Nigeria,Office Supplies,Monitor Arm,Retail Store,Consumer,Amara Costa,8,$56.81,$35.08,10%,$454.48,$45.45,$409.03,$280.64,$128.39,Credit Card,3.2,Yes
103872,2025-07-22,Asia Pacific,Japan,Apparel,Running Shoes,Online,Small Business,Drew Okafor,11,$127.38,$51.80,0%,"$1,401.18",$0.00,"$1,401.18",$569.80,$831.38,Bank Transfer,4.1,No
103873,2025-07-23,Asia Pacific,Singapore,Apparel,Wool Sweater,Retail Store,Consumer,Wei Dubois,8,$51.79,$32.83,0%,$414.32,$0.00,$414.32,$262.64,$151.68,Bank Transfer,4.5,No
103874,2025-07-23,North America,United States,Apparel,Denim Jacket,Retail Store,Consumer,Diego Weber,3,$123.03,$56.62,10%,$369.09,$36.91,$332.18,$169.86,$162.32,Bank Transfer,4.9,No
103875,2025-07-23,Latin America,Argentina,Home & Kitchen,Coffee Maker,Retail Store,Consumer,Casey Garcia,15,$103.80,$59.86,0%,"$1,557.00",$0.00,"$1,557.00",$897.90,$659.10,Bank Transfer,4.2,No
103876,2025-07-23,Europe,France,Apparel,Sunglasses,Wholesale,Enterprise,Elena Lindqvist,2,$21.77,$10.81,20%,$43.54,$8.71,$34.83,$21.62,$13.21,Cash,4.4,No
103877,2025-07-23,Asia Pacific,Australia,Health & Beauty,Skincare Set,Online,Consumer,Wei Dubois,14,$172.09,$79.92,0%,"$2,409.26",$0.00,"$2,409.26","$1,118.88","$1,290.38",Debit Card,4.2,No
103878,2025-07-23,Asia Pacific,Japan,Health & Beauty,Electric Toothbrush,Marketplace,Consumer,Jordan Chen,8,$9.84,$4.84,0%,$78.72,$0.00,$78.72,$38.72,$40.00,Bank Transfer,4.9,No
103879,2025-07-23,Middle East & Africa,Nigeria,Office Supplies,Standing Desk,Retail Store,Consumer,Taylor Patel,1,$176.15,$103.53,0%,$176.15,$0.00,$176.15,$103.53,$72.62,Credit Card,2.3,No
103880,2025-07-24,Europe,Netherlands,Home & Kitchen,Coffee Maker,Online,Small Business,Jamie Johansson,1,$124.34,$60.73,5%,$124.34,$6.22,$118.12,$60.73,$57.39,Bank Transfer,4.6,No
103881,2025-07-24,North America,Canada,Apparel,Denim Jacket,Wholesale,Consumer,Drew Okafor,5,$89.92,$47.09,0%,$449.60,$0.00,$449.60,$235.45,$214.15,PayPal,3.8,No
103882,2025-07-24,Asia Pacific,Singapore,Home & Kitchen,Vacuum Cleaner,Retail Store,Enterprise,Cameron Nakamura,7,$41.78,$19.38,10%,$292.46,$29.25,$263.21,$135.66,$127.55,Bank Transfer,2.7,No
103883,2025-07-24,North America,Canada,Electronics,Smartwatch,Online,Enterprise,Drew Okafor,11,$134.85,$63.87,0%,"$1,483.35",$0.00,"$1,483.35",$702.57,$780.78,Bank Transfer,3.7,No
103884,2025-07-24,North America,United States,Apparel,Denim Jacket,Online,Enterprise,Sam Silva,12,$35.89,$20.43,0%,$430.68,$0.00,$430.68,$245.16,$185.52,PayPal,3.3,No
103885,2025-07-24,Asia Pacific,Australia,Apparel,Yoga Pants,Retail Store,Consumer,Jordan Chen,4,$122.25,$53.50,0%,$489.00,$0.00,$489.00,$214.00,$275.00,Debit Card,4.2,No
103886,2025-07-24,Europe,Italy,Health & Beauty,Skincare Set,Marketplace,Small Business,Diego Weber,20,$123.86,$79.38,0%,"$2,477.20",$0.00,"$2,477.20","$1,587.60",$889.60,Credit Card,3.7,No
103887,2025-07-24,Middle East & Africa,Nigeria,Health & Beauty,Yoga Mat,Wholesale,Consumer,Riley Muller,3,$165.36,$78.80,10%,$496.08,$49.61,$446.47,$236.40,$210.07,Debit Card,4.0,No
103888,2025-07-24,Europe,Spain,Home & Kitchen,Blender,Retail Store,Consumer,Taylor Patel,3,$137.81,$66.45,0%,$413.43,$0.00,$413.43,$199.35,$214.08,Credit Card,3.6,No
103889,2025-07-24,Asia Pacific,Japan,Electronics,Laptop Stand,Marketplace,Enterprise,Kenji Haddad,12,$320.04,$138.58,0%,"$3,840.48",$0.00,"$3,840.48","$1,662.96","$2,177.52",Debit Card,5.0,No
103890,2025-07-24,Europe,Netherlands,Office Supplies,Monitor Arm,Marketplace,Consumer,Amara Costa,17,$147.37,$71.72,0%,"$2,505.29",$0.00,"$2,505.29","$1,219.24","$1,286.05",Debit Card,5.0,No
103891,2025-07-24,Asia Pacific,India,Home & Kitchen,Vacuum Cleaner,Wholesale,Consumer,Fatima Ahmed,4,$212.13,$123.20,0%,$848.52,$0.00,$848.52,$492.80,$355.72,Debit Card,4.1,No
103892,2025-07-25,Asia Pacific,Australia,Health & Beauty,Hair Dryer,Wholesale,Small Business,Diego Weber,10,$138.67,$87.14,15%,"$1,386.70",$208.00,"$1,178.70",$871.40,$307.30,Credit Card,5.0,No
103893,2025-07-25,North America,Mexico,Electronics,USB-C Hub,Wholesale,Small Business,Riley Muller,13,$215.89,$112.66,0%,"$2,806.57",$0.00,"$2,806.57","$1,464.58","$1,341.99",PayPal,4.0,No
103894,2025-07-25,North America,Canada,Office Supplies,Desk Organizer,Online,Consumer,Sam Silva,6,$267.09,$120.47,0%,"$1,602.54",$0.00,"$1,602.54",$722.82,$879.72,Debit Card,3.5,No
103895,2025-07-25,North America,Canada,Electronics,Wireless Earbuds,Marketplace,Enterprise,Priya Rossi,4,$338.96,$186.49,10%,"$1,355.84",$135.58,"$1,220.26",$745.96,$474.30,Credit Card,3.9,No
103896,2025-07-25,Europe,France,Office Supplies,Monitor Arm,Wholesale,Consumer,Wei Dubois,2,$379.25,$170.39,0%,$758.50,$0.00,$758.50,$340.78,$417.72,Debit Card,4.5,No
103897,2025-07-25,Europe,Spain,Office Supplies,Desk Organizer,Retail Store,Consumer,Wei Dubois,8,$312.07,$149.26,10%,"$2,496.56",$249.66,"$2,246.90","$1,194.08","$1,052.82",Credit Card,3.7,No
103898,2025-07-25,North America,Canada,Apparel,Sunglasses,Online,Small Business,Drew Okafor,5,$132.60,$54.37,0%,$663.00,$0.00,$663.00,$271.85,$391.15,PayPal,3.9,No
103899,2025-07-26,Asia Pacific,Australia,Health & Beauty,Massage Gun,Marketplace,Consumer,Elena Lindqvist,13,$66.57,$39.60,20%,$865.41,$173.08,$692.33,$514.80,$177.53,Credit Card,4.1,No
103900,2025-07-26,Asia Pacific,South Korea,Home & Kitchen,Coffee Maker,Wholesale,Consumer,Diego Weber,5,$145.27,$68.34,10%,$726.35,$72.64,$653.71,$341.70,$312.01,Credit Card,4.6,No
103901,2025-07-26,Asia Pacific,Japan,Health & Beauty,Skincare Set,Wholesale,Consumer,Amara Costa,12,$79.71,$49.97,0%,$956.52,$0.00,$956.52,$599.64,$356.88,Cash,5.0,No
103902,2025-07-26,Europe,Germany,Electronics,USB-C Hub,Online,Small Business,Taylor Patel,6,$210.80,$128.72,0%,"$1,264.80",$0.00,"$1,264.80",$772.32,$492.48,Credit Card,4.2,No
103903,2025-07-26,North America,United States,Office Supplies,Desk Organizer,Retail Store,Small Business,Riley Muller,7,$14.96,$6.56,0%,$104.72,$0.00,$104.72,$45.92,$58.80,Debit Card,4.4,No
103904,2025-07-26,Europe,Spain,Office Supplies,Notebook Set,Online,Consumer,Lucas Novak,2,$199.33,$114.82,0%,$398.66,$0.00,$398.66,$229.64,$169.02,Credit Card,3.9,No
103905,2025-07-26,North America,Canada,Health & Beauty,Massage Gun,Retail Store,Consumer,Wei Dubois,5,$30.41,$17.65,0%,$152.05,$0.00,$152.05,$88.25,$63.80,Bank Transfer,4.4,No
103906,2025-07-26,Asia Pacific,China,Apparel,Backpack,Online,Small Business,Riley Muller,3,$137.68,$85.57,0%,$413.04,$0.00,$413.04,$256.71,$156.33,Credit Card,5.0,No
103907,2025-07-26,Europe,Germany,Electronics,Smartwatch,Wholesale,Consumer,Priya Rossi,6,$193.82,$113.02,0%,"$1,162.92",$0.00,"$1,162.92",$678.12,$484.80,PayPal,4.2,No
103908,2025-07-26,Latin America,Colombia,Home & Kitchen,Air Fryer,Marketplace,Consumer,Drew Okafor,3,$146.65,$72.03,0%,$439.95,$0.00,$439.95,$216.09,$223.86,Credit Card,3.2,No
103909,2025-07-26,Asia Pacific,South Korea,Health & Beauty,Electric Toothbrush,Online,Consumer,Priya Rossi,5,$78.37,$50.04,0%,$391.85,$0.00,$391.85,$250.20,$141.65,Credit Card,5.0,No
103910,2025-07-26,Middle East & Africa,Saudi Arabia,Health & Beauty,Electric Toothbrush,Marketplace,Small Business,Kenji Haddad,8,$71.76,$44.12,0%,$574.08,$0.00,$574.08,$352.96,$221.12,Debit Card,2.9,No
103911,2025-07-27,Asia Pacific,South Korea,Health & Beauty,Fitness Tracker,Retail Store,Small Business,Jamie Johansson,4,$154.20,$73.77,0%,$616.80,$0.00,$616.80,$295.08,$321.72,Credit Card,4.2,No
103912,2025-07-27,North America,United States,Health & Beauty,Skincare Set,Marketplace,Small Business,Lucas Novak,4,$23.60,$14.38,15%,$94.40,$14.16,$80.24,$57.52,$22.72,Credit Card,4.2,No
103913,2025-07-27,North America,United States,Office Supplies,Notebook Set,Online,Consumer,Lucas Novak,5,$362.12,$151.99,0%,"$1,810.60",$0.00,"$1,810.60",$759.95,"$1,050.65",Credit Card,4.4,No
103914,2025-07-27,Asia Pacific,China,Apparel,Wool Sweater,Marketplace,Enterprise,Sam Silva,12,$22.21,$12.35,0%,$266.52,$0.00,$266.52,$148.20,$118.32,Credit Card,4.7,No
103915,2025-07-27,Europe,Spain,Apparel,Yoga Pants,Online,Consumer,Amara Costa,7,$86.93,$53.99,0%,$608.51,$0.00,$608.51,$377.93,$230.58,Debit Card,4.6,No
103916,2025-07-27,Europe,Germany,Office Supplies,Notebook Set,Online,Consumer,Drew Okafor,3,$394.27,$244.40,0%,"$1,182.81",$0.00,"$1,182.81",$733.20,$449.61,Debit Card,3.7,No
103917,2025-07-27,Asia Pacific,Australia,Apparel,Sunglasses,Retail Store,Small Business,Priya Rossi,16,$144.46,$81.06,0%,"$2,311.36",$0.00,"$2,311.36","$1,296.96","$1,014.40",PayPal,4.7,No
103918,2025-07-27,Latin America,Colombia,Home & Kitchen,Air Fryer,Wholesale,Consumer,Priya Rossi,7,$161.93,$76.70,0%,"$1,133.51",$0.00,"$1,133.51",$536.90,$596.61,PayPal,5.0,No
103919,2025-07-27,Europe,United Kingdom,Office Supplies,Ergonomic Chair,Online,Small Business,Cameron Nakamura,5,$142.49,$77.36,0%,$712.45,$0.00,$712.45,$386.80,$325.65,Credit Card,3.8,No
103920,2025-07-27,Europe,United Kingdom,Apparel,Denim Jacket,Marketplace,Consumer,Kenji Haddad,3,$64.32,$38.56,0%,$192.96,$0.00,$192.96,$115.68,$77.28,Credit Card,3.4,No
103921,2025-07-27,Europe,Germany,Health & Beauty,Electric Toothbrush,Marketplace,Enterprise,Fatima Ahmed,16,$51.80,$30.74,0%,$828.80,$0.00,$828.80,$491.84,$336.96,PayPal,5.0,Yes
103922,2025-07-27,Asia Pacific,Australia,Apparel,Sunglasses,Retail Store,Enterprise,Lucas Novak,4,$118.54,$66.26,5%,$474.16,$23.71,$450.45,$265.04,$185.41,Credit Card,4.4,No
103923,2025-07-28,North America,Canada,Electronics,USB-C Hub,Marketplace,Enterprise,Morgan Kim,4,$271.24,$157.77,5%,"$1,084.96",$54.25,"$1,030.71",$631.08,$399.63,PayPal,4.3,No
103924,2025-07-28,Latin America,Argentina,Apparel,Backpack,Online,Small Business,Casey Garcia,6,$43.37,$25.10,0%,$260.22,$0.00,$260.22,$150.60,$109.62,Credit Card,3.7,No
103925,2025-07-28,Europe,United Kingdom,Apparel,Running Shoes,Online,Consumer,Wei Dubois,5,$147.10,$81.32,0%,$735.50,$0.00,$735.50,$406.60,$328.90,Credit Card,3.3,No
103926,2025-07-28,North America,Mexico,Office Supplies,Ergonomic Chair,Retail Store,Small Business,Wei Dubois,1,$231.26,$98.17,0%,$231.26,$0.00,$231.26,$98.17,$133.09,Credit Card,3.9,No
103927,2025-07-28,Asia Pacific,Japan,Home & Kitchen,Toaster,Retail Store,Enterprise,Wei Dubois,4,$67.47,$39.32,0%,$269.88,$0.00,$269.88,$157.28,$112.60,Cash,4.0,No
103928,2025-07-28,Asia Pacific,Japan,Apparel,Sunglasses,Online,Consumer,Elena Lindqvist,8,$57.85,$24.92,5%,$462.80,$23.14,$439.66,$199.36,$240.30,Credit Card,4.4,No
103929,2025-07-28,Europe,France,Home & Kitchen,Toaster,Retail Store,Consumer,Noah Santos,7,$137.35,$79.45,5%,$961.45,$48.07,$913.38,$556.15,$357.23,Cash,3.8,No
103930,2025-07-28,North America,Mexico,Office Supplies,Pen Set,Online,Consumer,Sofia Kowalski,12,$175.42,$91.50,0%,"$2,105.04",$0.00,"$2,105.04","$1,098.00","$1,007.04",Credit Card,4.1,No
103931,2025-07-28,North America,Canada,Electronics,Smartwatch,Online,Consumer,Noah Santos,10,$279.51,$112.73,0%,"$2,795.10",$0.00,"$2,795.10","$1,127.30","$1,667.80",Debit Card,4.6,No
103932,2025-07-28,Europe,Germany,Electronics,Laptop Stand,Retail Store,Consumer,Diego Weber,12,$256.80,$107.74,0%,"$3,081.60",$0.00,"$3,081.60","$1,292.88","$1,788.72",Cash,2.7,No
103933,2025-07-28,North America,Canada,Office Supplies,Pen Set,Online,Consumer,Elena Lindqvist,9,$146.13,$58.67,0%,"$1,315.17",$0.00,"$1,315.17",$528.03,$787.14,PayPal,4.6,No
103934,2025-07-29,North America,Canada,Home & Kitchen,Toaster,Online,Consumer,Amara Costa,13,$150.14,$64.04,15%,"$1,951.82",$292.77,"$1,659.05",$832.52,$826.53,Credit Card,3.7,No
103935,2025-07-29,Latin America,Colombia,Office Supplies,Monitor Arm,Online,Small Business,Wei Dubois,6,$45.44,$21.17,0%,$272.64,$0.00,$272.64,$127.02,$145.62,Cash,2.6,No
103936,2025-07-29,North America,Mexico,Home & Kitchen,Cookware Set,Marketplace,Small Business,Drew Okafor,5,$167.98,$69.93,0%,$839.90,$0.00,$839.90,$349.65,$490.25,Credit Card,4.2,No
103937,2025-07-29,North America,United States,Health & Beauty,Fitness Tracker,Online,Consumer,Noah Santos,1,$31.40,$19.28,0%,$31.40,$0.00,$31.40,$19.28,$12.12,PayPal,4.6,No
103938,2025-07-29,Europe,Italy,Health & Beauty,Fitness Tracker,Retail Store,Consumer,Sam Silva,2,$170.86,$69.36,0%,$341.72,$0.00,$341.72,$138.72,$203.00,PayPal,4.8,No
103939,2025-07-30,North America,United States,Apparel,Sunglasses,Retail Store,Consumer,Priya Rossi,8,$94.74,$42.21,0%,$757.92,$0.00,$757.92,$337.68,$420.24,Credit Card,4.1,No
103940,2025-07-30,North America,Canada,Health & Beauty,Fitness Tracker,Marketplace,Consumer,Sofia Kowalski,10,$136.43,$71.46,0%,"$1,364.30",$0.00,"$1,364.30",$714.60,$649.70,Credit Card,4.9,No
103941,2025-07-30,Asia Pacific,South Korea,Home & Kitchen,Blender,Marketplace,Consumer,Noah Santos,13,$31.81,$15.89,10%,$413.53,$41.35,$372.18,$206.57,$165.61,Debit Card,2.5,No
103942,2025-07-30,Europe,Germany,Office Supplies,Monitor Arm,Online,Small Business,Diego Weber,5,$327.31,$173.86,0%,"$1,636.55",$0.00,"$1,636.55",$869.30,$767.25,Credit Card,3.7,No
103943,2025-07-31,Asia Pacific,Japan,Health & Beauty,Electric Toothbrush,Retail Store,Small Business,Drew Okafor,1,$20.74,$9.75,0%,$20.74,$0.00,$20.74,$9.75,$10.99,Debit Card,3.0,No
103944,2025-07-31,Asia Pacific,Singapore,Office Supplies,Desk Organizer,Wholesale,Small Business,Wei Dubois,5,$277.93,$159.81,0%,"$1,389.65",$0.00,"$1,389.65",$799.05,$590.60,Debit Card,5.0,No
103945,2025-07-31,Latin America,Chile,Office Supplies,Notebook Set,Online,Small Business,Diego Weber,11,$226.71,$104.03,0%,"$2,493.81",$0.00,"$2,493.81","$1,144.33","$1,349.48",Credit Card,4.9,No
103946,2025-07-31,Asia Pacific,South Korea,Apparel,Backpack,Marketplace,Consumer,Diego Weber,16,$83.52,$42.44,5%,"$1,336.32",$66.82,"$1,269.50",$679.04,$590.46,PayPal,3.9,No
103947,2025-07-31,North America,United States,Health & Beauty,Hair Dryer,Online,Enterprise,Taylor Patel,4,$143.96,$61.70,0%,$575.84,$0.00,$575.84,$246.80,$329.04,Debit Card,3.4,No
103948,2025-08-01,Europe,Italy,Home & Kitchen,Air Fryer,Retail Store,Consumer,Amara Costa,9,$31.53,$20.14,10%,$283.77,$28.38,$255.39,$181.26,$74.13,Debit Card,3.8,No
103949,2025-08-01,Middle East & Africa,Nigeria,Electronics,Smartwatch,Marketplace,Small Business,Lucas Novak,9,$35.60,$17.14,0%,$320.40,$0.00,$320.40,$154.26,$166.14,PayPal,4.2,Yes
103950,2025-08-01,Asia Pacific,Japan,Home & Kitchen,Cookware Set,Retail Store,Small Business,Kenji Haddad,2,$93.01,$45.43,0%,$186.02,$0.00,$186.02,$90.86,$95.16,Credit Card,2.8,No
103951,2025-08-01,Asia Pacific,Australia,Apparel,Yoga Pants,Marketplace,Consumer,Wei Dubois,11,$116.94,$73.16,0%,"$1,286.34",$0.00,"$1,286.34",$804.76,$481.58,Credit Card,3.9,No
103952,2025-08-01,North America,Mexico,Office Supplies,Desk Organizer,Retail Store,Consumer,Fatima Ahmed,8,$394.41,$248.68,20%,"$3,155.28",$631.06,"$2,524.22","$1,989.44",$534.78,Bank Transfer,3.3,No
103953,2025-08-01,Asia Pacific,Australia,Office Supplies,Pen Set,Retail Store,Small Business,Diego Weber,9,$223.56,$90.35,0%,"$2,012.04",$0.00,"$2,012.04",$813.15,"$1,198.89",Cash,5.0,No
103954,2025-08-02,North America,Mexico,Apparel,Denim Jacket,Online,Consumer,Riley Muller,1,$149.29,$67.79,0%,$149.29,$0.00,$149.29,$67.79,$81.50,Debit Card,3.9,No
103955,2025-08-02,Asia Pacific,South Korea,Home & Kitchen,Air Fryer,Wholesale,Enterprise,Riley Muller,7,$57.68,$25.01,0%,$403.76,$0.00,$403.76,$175.07,$228.69,Credit Card,3.5,No
103956,2025-08-02,Europe,Italy,Home & Kitchen,Vacuum Cleaner,Retail Store,Consumer,Drew Okafor,14,$147.31,$62.89,5%,"$2,062.34",$103.12,"$1,959.22",$880.46,"$1,078.76",Debit Card,4.8,Yes
103957,2025-08-02,Europe,Italy,Office Supplies,Ergonomic Chair,Wholesale,Small Business,Priya Rossi,5,$190.65,$107.67,15%,$953.25,$142.99,$810.26,$538.35,$271.91,Credit Card,3.1,No
103958,2025-08-02,North America,Mexico,Electronics,Wireless Earbuds,Online,Consumer,Kenji Haddad,11,$50.62,$21.68,0%,$556.82,$0.00,$556.82,$238.48,$318.34,Debit Card,5.0,No
103959,2025-08-02,North America,United States,Home & Kitchen,Coffee Maker,Marketplace,Consumer,Lucas Novak,4,$74.98,$41.65,10%,$299.92,$29.99,$269.93,$166.60,$103.33,Credit Card,4.5,No
103960,2025-08-02,Asia Pacific,Japan,Home & Kitchen,Cookware Set,Marketplace,Consumer,Alex Reyes,7,$64.19,$27.84,0%,$449.33,$0.00,$449.33,$194.88,$254.45,Bank Transfer,4.6,No
103961,2025-08-02,Asia Pacific,Japan,Apparel,Yoga Pants,Retail Store,Consumer,Kenji Haddad,4,$68.57,$35.73,0%,$274.28,$0.00,$274.28,$142.92,$131.36,Debit Card,4.2,No
103962,2025-08-03,Europe,Spain,Apparel,Sunglasses,Marketplace,Consumer,Wei Dubois,4,$37.90,$21.20,5%,$151.60,$7.58,$144.02,$84.80,$59.22,Credit Card,3.4,No
103963,2025-08-03,Latin America,Brazil,Apparel,Sunglasses,Retail Store,Consumer,Casey Garcia,12,$97.17,$47.36,20%,"$1,166.04",$233.21,$932.83,$568.32,$364.51,Credit Card,3.2,No
103964,2025-08-03,Europe,France,Health & Beauty,Yoga Mat,Retail Store,Consumer,Taylor Patel,13,$37.50,$18.42,0%,$487.50,$0.00,$487.50,$239.46,$248.04,PayPal,3.3,Yes
103965,2025-08-03,North America,Mexico,Office Supplies,Desk Organizer,Marketplace,Consumer,Priya Rossi,3,$244.37,$110.89,0%,$733.11,$0.00,$733.11,$332.67,$400.44,PayPal,3.7,No
103966,2025-08-03,Europe,Spain,Office Supplies,Ergonomic Chair,Online,Enterprise,Kenji Haddad,9,$223.14,$137.89,0%,"$2,008.26",$0.00,"$2,008.26","$1,241.01",$767.25,Credit Card,3.7,No
103967,2025-08-03,Asia Pacific,Australia,Office Supplies,Ergonomic Chair,Online,Consumer,Jamie Johansson,8,$125.53,$60.54,0%,"$1,004.24",$0.00,"$1,004.24",$484.32,$519.92,Cash,4.3,No
103968,2025-08-03,North America,United States,Home & Kitchen,Blender,Retail Store,Consumer,Jamie Johansson,11,$134.81,$65.89,15%,"$1,482.91",$222.44,"$1,260.47",$724.79,$535.68,Credit Card,4.5,No
103969,2025-08-04,North America,Canada,Apparel,Wool Sweater,Retail Store,Consumer,Diego Weber,12,$84.58,$33.94,0%,"$1,014.96",$0.00,"$1,014.96",$407.28,$607.68,Credit Card,3.4,No
103970,2025-08-04,North America,Canada,Health & Beauty,Massage Gun,Marketplace,Small Business,Amara Costa,4,$118.45,$71.66,5%,$473.80,$23.69,$450.11,$286.64,$163.47,Bank Transfer,3.6,No
103971,2025-08-04,Asia Pacific,Japan,Apparel,Wool Sweater,Retail Store,Small Business,Amara Costa,10,$102.00,$56.16,0%,"$1,020.00",$0.00,"$1,020.00",$561.60,$458.40,Debit Card,3.1,No
103972,2025-08-04,Europe,Italy,Home & Kitchen,Blender,Retail Store,Consumer,Noah Santos,14,$99.28,$62.20,0%,"$1,389.92",$0.00,"$1,389.92",$870.80,$519.12,Credit Card,4.8,No
103973,2025-08-04,North America,Mexico,Health & Beauty,Yoga Mat,Wholesale,Consumer,Kenji Haddad,8,$14.90,$9.32,10%,$119.20,$11.92,$107.28,$74.56,$32.72,Debit Card,4.6,No
103974,2025-08-04,Latin America,Colombia,Electronics,Power Bank,Marketplace,Enterprise,Drew Okafor,6,$162.73,$85.11,10%,$976.38,$97.64,$878.74,$510.66,$368.08,Credit Card,3.8,No
103975,2025-08-04,Europe,France,Health & Beauty,Skincare Set,Online,Consumer,Wei Dubois,3,$112.75,$68.76,15%,$338.25,$50.74,$287.51,$206.28,$81.23,Credit Card,5.0,No
103976,2025-08-05,Middle East & Africa,Saudi Arabia,Office Supplies,Pen Set,Marketplace,Consumer,Jordan Chen,7,$210.18,$133.95,0%,"$1,471.26",$0.00,"$1,471.26",$937.65,$533.61,PayPal,5.0,No
103977,2025-08-05,Middle East & Africa,Nigeria,Apparel,Backpack,Retail Store,Consumer,Drew Okafor,10,$88.18,$53.03,0%,$881.80,$0.00,$881.80,$530.30,$351.50,PayPal,4.5,No
103978,2025-08-05,Asia Pacific,India,Health & Beauty,Massage Gun,Retail Store,Consumer,Casey Garcia,6,$37.53,$15.03,0%,$225.18,$0.00,$225.18,$90.18,$135.00,Credit Card,3.4,No
103979,2025-08-05,North America,United States,Home & Kitchen,Cookware Set,Online,Consumer,Noah Santos,7,$60.91,$36.11,0%,$426.37,$0.00,$426.37,$252.77,$173.60,Bank Transfer,4.4,No
103980,2025-08-06,North America,United States,Home & Kitchen,Cookware Set,Online,Consumer,Lucas Novak,5,$85.73,$51.45,0%,$428.65,$0.00,$428.65,$257.25,$171.40,Debit Card,3.9,No
103981,2025-08-06,Europe,Germany,Electronics,Laptop Stand,Online,Consumer,Wei Dubois,14,$338.33,$210.21,0%,"$4,736.62",$0.00,"$4,736.62","$2,942.94","$1,793.68",Credit Card,4.0,No
103982,2025-08-06,Middle East & Africa,Nigeria,Apparel,Backpack,Retail Store,Consumer,Alex Reyes,4,$100.79,$65.31,0%,$403.16,$0.00,$403.16,$261.24,$141.92,PayPal,4.2,No
103983,2025-08-06,North America,Mexico,Electronics,Smartwatch,Retail Store,Consumer,Wei Dubois,9,$210.56,$107.40,0%,"$1,895.04",$0.00,"$1,895.04",$966.60,$928.44,Credit Card,4.8,No
103984,2025-08-06,North America,United States,Home & Kitchen,Coffee Maker,Wholesale,Consumer,Jordan Chen,4,$171.39,$102.69,5%,$685.56,$34.28,$651.28,$410.76,$240.52,Bank Transfer,3.9,No
103985,2025-08-06,Asia Pacific,China,Apparel,Wool Sweater,Retail Store,Enterprise,Sam Silva,3,$72.68,$31.52,15%,$218.04,$32.71,$185.33,$94.56,$90.77,Credit Card,4.9,No
103986,2025-08-06,North America,Mexico,Health & Beauty,Hair Dryer,Wholesale,Consumer,Lucas Novak,10,$42.51,$26.74,0%,$425.10,$0.00,$425.10,$267.40,$157.70,Credit Card,5.0,No
103987,2025-08-06,Asia Pacific,South Korea,Apparel,Wool Sweater,Online,Enterprise,Casey Garcia,9,$109.22,$64.01,15%,$982.98,$147.45,$835.53,$576.09,$259.44,PayPal,4.8,No
103988,2025-08-06,North America,Canada,Electronics,Smartwatch,Wholesale,Consumer,Sam Silva,5,$213.96,$102.19,0%,"$1,069.80",$0.00,"$1,069.80",$510.95,$558.85,Credit Card,4.8,No
103989,2025-08-06,North America,United States,Office Supplies,Standing Desk,Online,Small Business,Riley Muller,12,$319.61,$158.05,0%,"$3,835.32",$0.00,"$3,835.32","$1,896.60","$1,938.72",Credit Card,3.6,No
103990,2025-08-07,North America,United States,Home & Kitchen,Vacuum Cleaner,Online,Small Business,Priya Rossi,6,$72.56,$44.42,0%,$435.36,$0.00,$435.36,$266.52,$168.84,Bank Transfer,3.6,No
103991,2025-08-07,North America,Mexico,Office Supplies,Pen Set,Online,Small Business,Lucas Novak,5,$369.84,$181.65,0%,"$1,849.20",$0.00,"$1,849.20",$908.25,$940.95,PayPal,5.0,No
103992,2025-08-07,North America,Mexico,Electronics,Smartwatch,Retail Store,Consumer,Sofia Kowalski,5,$203.27,$89.94,0%,"$1,016.35",$0.00,"$1,016.35",$449.70,$566.65,Credit Card,5.0,No
103993,2025-08-08,North America,United States,Home & Kitchen,Vacuum Cleaner,Online,Enterprise,Riley Muller,6,$143.38,$80.55,0%,$860.28,$0.00,$860.28,$483.30,$376.98,PayPal,5.0,No
103994,2025-08-08,Asia Pacific,South Korea,Home & Kitchen,Blender,Online,Consumer,Casey Garcia,3,$46.62,$25.58,0%,$139.86,$0.00,$139.86,$76.74,$63.12,Cash,3.3,No
103995,2025-08-08,Asia Pacific,China,Electronics,Laptop Stand,Marketplace,Consumer,Wei Dubois,5,$48.22,$23.21,5%,$241.10,$12.06,$229.04,$116.05,$112.99,Credit Card,3.6,No
103996,2025-08-08,North America,Mexico,Electronics,Bluetooth Speaker,Marketplace,Consumer,Lucas Novak,14,$93.47,$56.07,0%,"$1,308.58",$0.00,"$1,308.58",$784.98,$523.60,Credit Card,5.0,Yes
103997,2025-08-08,North America,Canada,Electronics,USB-C Hub,Online,Consumer,Jamie Johansson,12,$182.00,$86.04,15%,"$2,184.00",$327.60,"$1,856.40","$1,032.48",$823.92,PayPal,3.2,No
103998,2025-08-08,Europe,Spain,Electronics,USB-C Hub,Online,Consumer,Taylor Patel,12,$52.15,$22.90,0%,$625.80,$0.00,$625.80,$274.80,$351.00,Credit Card,4.1,No
103999,2025-08-09,North America,Mexico,Home & Kitchen,Air Fryer,Retail Store,Consumer,Fatima Ahmed,6,$101.43,$45.97,0%,$608.58,$0.00,$608.58,$275.82,$332.76,Debit Card,3.1,No
104000,2025-08-09,Asia Pacific,India,Health & Beauty,Yoga Mat,Marketplace,Small Business,Fatima Ahmed,13,$51.69,$27.57,0%,$671.97,$0.00,$671.97,$358.41,$313.56,Bank Transfer,3.4,No
104001,2025-08-09,Europe,Spain,Office Supplies,Desk Organizer,Marketplace,Small Business,Jamie Johansson,12,$39.12,$23.97,0%,$469.44,$0.00,$469.44,$287.64,$181.80,PayPal,4.8,Yes
104002,2025-08-09,Europe,United Kingdom,Office Supplies,Desk Organizer,Online,Small Business,Morgan Kim,1,$321.72,$160.37,0%,$321.72,$0.00,$321.72,$160.37,$161.35,Credit Card,4.2,No
104003,2025-08-10,Middle East & Africa,Nigeria,Office Supplies,Ergonomic Chair,Online,Consumer,Riley Muller,10,$220.44,$120.83,0%,"$2,204.40",$0.00,"$2,204.40","$1,208.30",$996.10,Credit Card,4.2,No
104004,2025-08-10,North America,Canada,Home & Kitchen,Air Fryer,Retail Store,Consumer,Elena Lindqvist,6,$65.93,$31.87,0%,$395.58,$0.00,$395.58,$191.22,$204.36,Credit Card,5.0,No
104005,2025-08-10,North America,United States,Health & Beauty,Massage Gun,Wholesale,Consumer,Riley Muller,9,$175.95,$83.07,5%,"$1,583.55",$79.18,"$1,504.37",$747.63,$756.74,Debit Card,4.1,No
104006,2025-08-10,Latin America,Colombia,Office Supplies,Standing Desk,Retail Store,Consumer,Alex Reyes,21,$330.05,$134.42,0%,"$6,931.05",$0.00,"$6,931.05","$2,822.82","$4,108.23",Credit Card,5.0,No
104007,2025-08-10,Latin America,Argentina,Electronics,Laptop Stand,Retail Store,Consumer,Riley Muller,11,$46.10,$26.22,0%,$507.10,$0.00,$507.10,$288.42,$218.68,Bank Transfer,3.8,No
104008,2025-08-10,Asia Pacific,Japan,Apparel,Running Shoes,Retail Store,Small Business,Riley Muller,7,$133.69,$68.01,0%,$935.83,$0.00,$935.83,$476.07,$459.76,PayPal,3.9,Yes
104009,2025-08-10,North America,Mexico,Office Supplies,Pen Set,Wholesale,Small Business,Fatima Ahmed,5,$44.00,$21.01,0%,$220.00,$0.00,$220.00,$105.05,$114.95,Credit Card,4.0,No
104010,2025-08-10,North America,Canada,Apparel,Backpack,Retail Store,Small Business,Taylor Patel,10,$16.92,$9.72,0%,$169.20,$0.00,$169.20,$97.20,$72.00,Credit Card,3.4,No
104011,2025-08-10,Europe,Italy,Apparel,Wool Sweater,Marketplace,Consumer,Cameron Nakamura,2,$98.55,$57.57,0%,$197.10,$0.00,$197.10,$115.14,$81.96,Credit Card,4.9,No
104012,2025-08-11,North America,Canada,Home & Kitchen,Toaster,Online,Small Business,Alex Reyes,5,$105.49,$51.74,0%,$527.45,$0.00,$527.45,$258.70,$268.75,Credit Card,4.8,No
104013,2025-08-11,Latin America,Brazil,Electronics,Laptop Stand,Retail Store,Consumer,Diego Weber,6,$91.97,$54.90,0%,$551.82,$0.00,$551.82,$329.40,$222.42,Credit Card,3.5,No
104014,2025-08-11,North America,Canada,Office Supplies,Monitor Arm,Retail Store,Consumer,Amara Costa,8,$142.79,$69.17,20%,"$1,142.32",$228.46,$913.86,$553.36,$360.50,Credit Card,4.6,No
104015,2025-08-11,Asia Pacific,Australia,Electronics,Bluetooth Speaker,Online,Small Business,Taylor Patel,3,$132.91,$71.27,5%,$398.73,$19.94,$378.79,$213.81,$164.98,Bank Transfer,4.3,No
104016,2025-08-11,Europe,Italy,Apparel,Wool Sweater,Wholesale,Consumer,Elena Lindqvist,7,$47.85,$27.48,0%,$334.95,$0.00,$334.95,$192.36,$142.59,Credit Card,4.4,No
104017,2025-08-12,North America,Canada,Apparel,Yoga Pants,Marketplace,Small Business,Fatima Ahmed,4,$107.80,$51.73,5%,$431.20,$21.56,$409.64,$206.92,$202.72,PayPal,5.0,No
104018,2025-08-12,Latin America,Argentina,Home & Kitchen,Blender,Wholesale,Consumer,Elena Lindqvist,6,$43.07,$24.57,0%,$258.42,$0.00,$258.42,$147.42,$111.00,Debit Card,4.6,No
104019,2025-08-12,Asia Pacific,India,Home & Kitchen,Toaster,Online,Small Business,Sam Silva,5,$48.36,$24.33,0%,$241.80,$0.00,$241.80,$121.65,$120.15,Credit Card,3.1,No
104020,2025-08-12,Europe,Germany,Home & Kitchen,Toaster,Marketplace,Small Business,Sofia Kowalski,3,$152.17,$84.82,5%,$456.51,$22.83,$433.68,$254.46,$179.22,Credit Card,4.0,No
104021,2025-08-13,Asia Pacific,South Korea,Office Supplies,Monitor Arm,Retail Store,Enterprise,Drew Okafor,12,$218.49,$125.70,0%,"$2,621.88",$0.00,"$2,621.88","$1,508.40","$1,113.48",Bank Transfer,4.3,No
104022,2025-08-13,Latin America,Brazil,Health & Beauty,Hair Dryer,Marketplace,Consumer,Cameron Nakamura,12,$124.35,$51.03,0%,"$1,492.20",$0.00,"$1,492.20",$612.36,$879.84,Debit Card,3.2,No
104023,2025-08-13,Europe,United Kingdom,Home & Kitchen,Cookware Set,Online,Small Business,Casey Garcia,8,$31.48,$16.72,0%,$251.84,$0.00,$251.84,$133.76,$118.08,Bank Transfer,4.4,No
104024,2025-08-13,Europe,United Kingdom,Office Supplies,Pen Set,Online,Small Business,Morgan Kim,7,$297.26,$130.05,5%,"$2,080.82",$104.04,"$1,976.78",$910.35,"$1,066.43",Credit Card,3.8,No
104025,2025-08-13,North America,United States,Electronics,Laptop Stand,Online,Consumer,Cameron Nakamura,3,$252.82,$113.44,0%,$758.46,$0.00,$758.46,$340.32,$418.14,Debit Card,4.2,No
104026,2025-08-14,North America,United States,Home & Kitchen,Vacuum Cleaner,Marketplace,Small Business,Elena Lindqvist,5,$214.28,$94.31,0%,"$1,071.40",$0.00,"$1,071.40",$471.55,$599.85,Cash,3.4,No
104027,2025-08-14,Asia Pacific,India,Health & Beauty,Massage Gun,Retail Store,Small Business,Cameron Nakamura,2,$27.45,$13.64,10%,$54.90,$5.49,$49.41,$27.28,$22.13,Credit Card,3.9,No
104028,2025-08-14,North America,United States,Office Supplies,Monitor Arm,Retail Store,Consumer,Priya Rossi,5,$225.19,$126.95,20%,"$1,125.95",$225.19,$900.76,$634.75,$266.01,Credit Card,3.3,No
104029,2025-08-14,Asia Pacific,India,Office Supplies,Pen Set,Retail Store,Consumer,Sofia Kowalski,1,$336.73,$154.11,0%,$336.73,$0.00,$336.73,$154.11,$182.62,Debit Card,2.7,Yes
104030,2025-08-15,North America,United States,Office Supplies,Desk Organizer,Online,Consumer,Sofia Kowalski,3,$43.85,$23.78,10%,$131.55,$13.16,$118.39,$71.34,$47.05,Credit Card,3.9,No
104031,2025-08-15,Asia Pacific,Japan,Health & Beauty,Fitness Tracker,Retail Store,Small Business,Cameron Nakamura,4,$24.43,$14.57,0%,$97.72,$0.00,$97.72,$58.28,$39.44,PayPal,5.0,No
104032,2025-08-15,Asia Pacific,Singapore,Apparel,Wool Sweater,Online,Consumer,Fatima Ahmed,6,$144.42,$58.60,5%,$866.52,$43.33,$823.19,$351.60,$471.59,Bank Transfer,4.4,No
104033,2025-08-15,Asia Pacific,South Korea,Apparel,Yoga Pants,Online,Consumer,Sofia Kowalski,5,$122.65,$71.47,10%,$613.25,$61.32,$551.93,$357.35,$194.58,Bank Transfer,3.9,No
104034,2025-08-15,North America,United States,Office Supplies,Ergonomic Chair,Retail Store,Consumer,Kenji Haddad,27,$179.04,$84.45,0%,"$4,834.08",$0.00,"$4,834.08","$2,280.15","$2,553.93",Credit Card,3.8,No
104035,2025-08-15,North America,Mexico,Health & Beauty,Hair Dryer,Online,Consumer,Wei Dubois,4,$73.72,$36.27,0%,$294.88,$0.00,$294.88,$145.08,$149.80,Credit Card,4.9,No
104036,2025-08-15,North America,Canada,Home & Kitchen,Coffee Maker,Retail Store,Enterprise,Sofia Kowalski,5,$184.37,$113.38,15%,$921.85,$138.28,$783.57,$566.90,$216.67,Debit Card,4.3,No
104037,2025-08-16,Europe,Germany,Health & Beauty,Hair Dryer,Online,Enterprise,Wei Dubois,8,$121.22,$57.01,5%,$969.76,$48.49,$921.27,$456.08,$465.19,Bank Transfer,4.7,No
104038,2025-08-16,Asia Pacific,China,Apparel,Sunglasses,Marketplace,Consumer,Morgan Kim,18,$83.12,$43.56,10%,"$1,496.16",$149.62,"$1,346.54",$784.08,$562.46,Credit Card,3.7,No
104039,2025-08-16,Europe,Germany,Electronics,Smartwatch,Online,Enterprise,Morgan Kim,1,$151.34,$84.97,0%,$151.34,$0.00,$151.34,$84.97,$66.37,Credit Card,3.5,Yes
104040,2025-08-16,Asia Pacific,India,Apparel,Yoga Pants,Marketplace,Consumer,Elena Lindqvist,6,$111.15,$51.06,0%,$666.90,$0.00,$666.90,$306.36,$360.54,PayPal,3.9,No
104041,2025-08-16,North America,Mexico,Electronics,Power Bank,Online,Consumer,Diego Weber,8,$334.91,$175.02,0%,"$2,679.28",$0.00,"$2,679.28","$1,400.16","$1,279.12",Credit Card,5.0,No
104042,2025-08-16,Europe,United Kingdom,Apparel,Sunglasses,Retail Store,Enterprise,Wei Dubois,8,$15.43,$8.67,5%,$123.44,$6.17,$117.27,$69.36,$47.91,PayPal,4.7,No
104043,2025-08-16,Latin America,Argentina,Health & Beauty,Yoga Mat,Online,Consumer,Taylor Patel,3,$177.96,$97.85,0%,$533.88,$0.00,$533.88,$293.55,$240.33,PayPal,3.2,No
104044,2025-08-16,Middle East & Africa,South Africa,Home & Kitchen,Blender,Online,Enterprise,Sofia Kowalski,3,$126.80,$78.08,0%,$380.40,$0.00,$380.40,$234.24,$146.16,Credit Card,5.0,No
104045,2025-08-17,Latin America,Brazil,Electronics,Smartwatch,Online,Enterprise,Drew Okafor,7,$59.77,$28.22,0%,$418.39,$0.00,$418.39,$197.54,$220.85,Debit Card,4.1,No
104046,2025-08-17,North America,Canada,Health & Beauty,Electric Toothbrush,Online,Enterprise,Lucas Novak,2,$59.90,$37.29,5%,$119.80,$5.99,$113.81,$74.58,$39.23,Debit Card,2.7,No
104047,2025-08-17,Asia Pacific,China,Apparel,Running Shoes,Online,Enterprise,Noah Santos,4,$40.14,$21.34,0%,$160.56,$0.00,$160.56,$85.36,$75.20,PayPal,3.8,No
104048,2025-08-17,Latin America,Chile,Office Supplies,Pen Set,Marketplace,Small Business,Kenji Haddad,7,$136.46,$64.30,5%,$955.22,$47.76,$907.46,$450.10,$457.36,PayPal,4.2,No
104049,2025-08-18,Asia Pacific,Singapore,Apparel,Denim Jacket,Retail Store,Consumer,Wei Dubois,12,$23.96,$15.42,5%,$287.52,$14.38,$273.14,$185.04,$88.10,Credit Card,4.0,No
104050,2025-08-18,Europe,Netherlands,Apparel,Backpack,Retail Store,Consumer,Alex Reyes,16,$54.63,$22.10,0%,$874.08,$0.00,$874.08,$353.60,$520.48,Credit Card,4.0,No
104051,2025-08-18,Asia Pacific,Australia,Electronics,Bluetooth Speaker,Retail Store,Enterprise,Fatima Ahmed,6,$249.29,$119.83,0%,"$1,495.74",$0.00,"$1,495.74",$718.98,$776.76,Credit Card,5.0,No
104052,2025-08-18,Asia Pacific,Singapore,Electronics,Power Bank,Online,Consumer,Priya Rossi,4,$48.13,$22.04,10%,$192.52,$19.25,$173.27,$88.16,$85.11,Debit Card,4.3,No
104053,2025-08-18,Europe,France,Home & Kitchen,Coffee Maker,Online,Consumer,Lucas Novak,8,$167.77,$104.13,0%,"$1,342.16",$0.00,"$1,342.16",$833.04,$509.12,Credit Card,4.0,No
104054,2025-08-18,North America,Mexico,Home & Kitchen,Cookware Set,Online,Small Business,Fatima Ahmed,17,$205.26,$130.93,0%,"$3,489.42",$0.00,"$3,489.42","$2,225.81","$1,263.61",Credit Card,5.0,No
104055,2025-08-18,North America,Mexico,Home & Kitchen,Blender,Retail Store,Small Business,Fatima Ahmed,11,$164.04,$106.23,15%,"$1,804.44",$270.67,"$1,533.77","$1,168.53",$365.24,PayPal,4.0,No
104056,2025-08-18,Asia Pacific,Japan,Office Supplies,Monitor Arm,Retail Store,Consumer,Elena Lindqvist,12,$278.16,$169.38,10%,"$3,337.92",$333.79,"$3,004.13","$2,032.56",$971.57,Bank Transfer,3.1,No
104057,2025-08-18,North America,Mexico,Office Supplies,Standing Desk,Online,Small Business,Casey Garcia,4,$114.20,$65.89,10%,$456.80,$45.68,$411.12,$263.56,$147.56,Debit Card,4.4,No
104058,2025-08-19,Middle East & Africa,Nigeria,Office Supplies,Pen Set,Online,Small Business,Casey Garcia,7,$114.74,$64.99,0%,$803.18,$0.00,$803.18,$454.93,$348.25,Credit Card,4.6,No
104059,2025-08-19,Asia Pacific,South Korea,Office Supplies,Ergonomic Chair,Marketplace,Consumer,Kenji Haddad,4,$54.60,$22.51,0%,$218.40,$0.00,$218.40,$90.04,$128.36,Debit Card,2.7,No
104060,2025-08-19,North America,United States,Home & Kitchen,Air Fryer,Wholesale,Consumer,Fatima Ahmed,12,$29.05,$18.52,0%,$348.60,$0.00,$348.60,$222.24,$126.36,Debit Card,4.7,No
104061,2025-08-20,Europe,Spain,Electronics,Smartwatch,Online,Enterprise,Sofia Kowalski,6,$150.48,$60.59,10%,$902.88,$90.29,$812.59,$363.54,$449.05,PayPal,4.5,No
104062,2025-08-20,Asia Pacific,China,Health & Beauty,Skincare Set,Wholesale,Consumer,Riley Muller,8,$87.92,$52.54,0%,$703.36,$0.00,$703.36,$420.32,$283.04,Debit Card,3.3,No
104063,2025-08-20,Europe,Spain,Office Supplies,Standing Desk,Wholesale,Enterprise,Morgan Kim,5,$97.50,$42.47,15%,$487.50,$73.12,$414.38,$212.35,$202.03,PayPal,5.0,No
104064,2025-08-20,North America,Mexico,Office Supplies,Notebook Set,Marketplace,Enterprise,Alex Reyes,4,$188.44,$112.51,0%,$753.76,$0.00,$753.76,$450.04,$303.72,Credit Card,3.5,No
104065,2025-08-20,Europe,Netherlands,Electronics,USB-C Hub,Online,Consumer,Wei Dubois,9,$30.02,$18.60,0%,$270.18,$0.00,$270.18,$167.40,$102.78,Debit Card,3.2,No
104066,2025-08-20,Europe,United Kingdom,Health & Beauty,Massage Gun,Online,Consumer,Riley Muller,6,$56.21,$26.28,0%,$337.26,$0.00,$337.26,$157.68,$179.58,Debit Card,3.5,No
104067,2025-08-20,Asia Pacific,Australia,Health & Beauty,Yoga Mat,Online,Consumer,Cameron Nakamura,8,$43.56,$21.11,0%,$348.48,$0.00,$348.48,$168.88,$179.60,Debit Card,4.0,Yes
104068,2025-08-20,Europe,Spain,Office Supplies,Notebook Set,Marketplace,Consumer,Sam Silva,19,$340.73,$157.34,0%,"$6,473.87",$0.00,"$6,473.87","$2,989.46","$3,484.41",Debit Card,4.8,No
104069,2025-08-20,North America,Canada,Health & Beauty,Yoga Mat,Online,Consumer,Casey Garcia,3,$154.52,$70.81,0%,$463.56,$0.00,$463.56,$212.43,$251.13,PayPal,5.0,No
104070,2025-08-20,North America,Mexico,Health & Beauty,Skincare Set,Online,Small Business,Riley Muller,5,$85.96,$41.10,0%,$429.80,$0.00,$429.80,$205.50,$224.30,Cash,3.8,No
104071,2025-08-21,Europe,France,Office Supplies,Notebook Set,Marketplace,Consumer,Lucas Novak,5,$232.60,$121.03,15%,"$1,163.00",$174.45,$988.55,$605.15,$383.40,Debit Card,4.0,No
104072,2025-08-21,North America,United States,Home & Kitchen,Air Fryer,Marketplace,Consumer,Jordan Chen,7,$59.03,$37.54,0%,$413.21,$0.00,$413.21,$262.78,$150.43,Cash,4.4,No
104073,2025-08-21,North America,Canada,Office Supplies,Desk Organizer,Retail Store,Consumer,Wei Dubois,16,$244.64,$104.51,0%,"$3,914.24",$0.00,"$3,914.24","$1,672.16","$2,242.08",Debit Card,3.5,No
104074,2025-08-21,Asia Pacific,Australia,Electronics,USB-C Hub,Marketplace,Consumer,Jamie Johansson,5,$127.68,$65.58,5%,$638.40,$31.92,$606.48,$327.90,$278.58,PayPal,4.8,No
104075,2025-08-22,Europe,Italy,Apparel,Backpack,Retail Store,Consumer,Noah Santos,6,$144.96,$85.79,0%,$869.76,$0.00,$869.76,$514.74,$355.02,PayPal,3.7,No
104076,2025-08-23,Asia Pacific,India,Home & Kitchen,Toaster,Wholesale,Consumer,Taylor Patel,12,$191.35,$85.59,0%,"$2,296.20",$0.00,"$2,296.20","$1,027.08","$1,269.12",Bank Transfer,4.2,No
104077,2025-08-23,Europe,Italy,Electronics,Smartwatch,Online,Consumer,Drew Okafor,6,$131.78,$77.46,0%,$790.68,$0.00,$790.68,$464.76,$325.92,Bank Transfer,4.5,No
104078,2025-08-23,Europe,Italy,Apparel,Denim Jacket,Online,Consumer,Taylor Patel,2,$126.85,$50.92,0%,$253.70,$0.00,$253.70,$101.84,$151.86,Credit Card,4.6,Yes
104079,2025-08-23,North America,United States,Apparel,Sunglasses,Online,Consumer,Taylor Patel,11,$78.25,$34.92,0%,$860.75,$0.00,$860.75,$384.12,$476.63,Credit Card,3.6,No
104080,2025-08-23,Asia Pacific,South Korea,Health & Beauty,Massage Gun,Wholesale,Consumer,Casey Garcia,17,$125.52,$52.21,0%,"$2,133.84",$0.00,"$2,133.84",$887.57,"$1,246.27",Debit Card,3.7,No
104081,2025-08-23,North America,Canada,Electronics,Bluetooth Speaker,Retail Store,Small Business,Priya Rossi,6,$99.03,$61.76,0%,$594.18,$0.00,$594.18,$370.56,$223.62,PayPal,3.7,No
104082,2025-08-23,Asia Pacific,Japan,Apparel,Sunglasses,Online,Small Business,Lucas Novak,8,$49.31,$30.63,0%,$394.48,$0.00,$394.48,$245.04,$149.44,PayPal,4.8,No
104083,2025-08-24,North America,United States,Apparel,Running Shoes,Online,Small Business,Jordan Chen,10,$144.14,$71.56,5%,"$1,441.40",$72.07,"$1,369.33",$715.60,$653.73,Credit Card,5.0,No
104084,2025-08-24,Middle East & Africa,Nigeria,Electronics,Power Bank,Online,Small Business,Lucas Novak,2,$238.81,$150.27,0%,$477.62,$0.00,$477.62,$300.54,$177.08,Bank Transfer,3.0,No
104085,2025-08-24,Asia Pacific,Singapore,Electronics,Power Bank,Online,Consumer,Cameron Nakamura,3,$293.58,$156.94,0%,$880.74,$0.00,$880.74,$470.82,$409.92,Debit Card,4.2,No
104086,2025-08-24,North America,Canada,Apparel,Denim Jacket,Online,Consumer,Drew Okafor,17,$81.48,$49.70,0%,"$1,385.16",$0.00,"$1,385.16",$844.90,$540.26,PayPal,2.6,No
104087,2025-08-24,Asia Pacific,Australia,Office Supplies,Ergonomic Chair,Marketplace,Consumer,Taylor Patel,1,$305.88,$159.06,10%,$305.88,$30.59,$275.29,$159.06,$116.23,Cash,4.5,No
104088,2025-08-24,North America,Canada,Electronics,Laptop Stand,Retail Store,Small Business,Wei Dubois,6,$51.49,$32.25,0%,$308.94,$0.00,$308.94,$193.50,$115.44,Credit Card,3.0,No
104089,2025-08-24,Asia Pacific,Australia,Apparel,Backpack,Online,Enterprise,Priya Rossi,8,$122.70,$51.50,0%,$981.60,$0.00,$981.60,$412.00,$569.60,Bank Transfer,3.8,No
104090,2025-08-24,Europe,United Kingdom,Apparel,Running Shoes,Online,Consumer,Diego Weber,5,$119.64,$63.86,0%,$598.20,$0.00,$598.20,$319.30,$278.90,Cash,4.2,No
104091,2025-08-24,Europe,United Kingdom,Office Supplies,Notebook Set,Wholesale,Consumer,Casey Garcia,13,$148.26,$74.74,15%,"$1,927.38",$289.11,"$1,638.27",$971.62,$666.65,PayPal,4.3,No
104092,2025-08-24,Asia Pacific,South Korea,Home & Kitchen,Coffee Maker,Marketplace,Consumer,Diego Weber,14,$48.21,$20.81,0%,$674.94,$0.00,$674.94,$291.34,$383.60,Debit Card,2.8,No
104093,2025-08-25,North America,Canada,Electronics,Wireless Earbuds,Retail Store,Enterprise,Taylor Patel,12,$179.32,$83.45,0%,"$2,151.84",$0.00,"$2,151.84","$1,001.40","$1,150.44",Credit Card,5.0,No
104094,2025-08-25,Asia Pacific,Singapore,Office Supplies,Standing Desk,Wholesale,Consumer,Drew Okafor,2,$124.70,$77.26,0%,$249.40,$0.00,$249.40,$154.52,$94.88,PayPal,5.0,No
104095,2025-08-25,North America,Canada,Home & Kitchen,Blender,Wholesale,Enterprise,Cameron Nakamura,1,$125.63,$56.09,5%,$125.63,$6.28,$119.35,$56.09,$63.26,Bank Transfer,4.5,No
104096,2025-08-25,Latin America,Argentina,Apparel,Yoga Pants,Online,Consumer,Sam Silva,2,$36.07,$20.90,20%,$72.14,$14.43,$57.71,$41.80,$15.91,Credit Card,5.0,No
104097,2025-08-26,Middle East & Africa,Nigeria,Apparel,Running Shoes,Online,Small Business,Cameron Nakamura,1,$79.66,$33.10,0%,$79.66,$0.00,$79.66,$33.10,$46.56,Credit Card,3.5,No
104098,2025-08-26,Europe,Germany,Home & Kitchen,Air Fryer,Online,Consumer,Cameron Nakamura,13,$86.84,$50.80,0%,"$1,128.92",$0.00,"$1,128.92",$660.40,$468.52,Credit Card,4.3,No
104099,2025-08-26,Europe,Italy,Electronics,Wireless Earbuds,Online,Consumer,Taylor Patel,6,$26.98,$17.04,20%,$161.88,$32.38,$129.50,$102.24,$27.26,Credit Card,4.2,No
104100,2025-08-26,Asia Pacific,China,Home & Kitchen,Coffee Maker,Online,Small Business,Priya Rossi,13,$153.69,$62.46,0%,"$1,997.97",$0.00,"$1,997.97",$811.98,"$1,185.99",Credit Card,3.5,No
104101,2025-08-26,Europe,Spain,Home & Kitchen,Vacuum Cleaner,Retail Store,Enterprise,Fatima Ahmed,11,$168.32,$85.37,0%,"$1,851.52",$0.00,"$1,851.52",$939.07,$912.45,Debit Card,3.5,No
104102,2025-08-26,Asia Pacific,Australia,Electronics,USB-C Hub,Wholesale,Consumer,Drew Okafor,2,$158.12,$93.10,0%,$316.24,$0.00,$316.24,$186.20,$130.04,Credit Card,5.0,Yes
104103,2025-08-26,North America,Canada,Health & Beauty,Hair Dryer,Online,Consumer,Priya Rossi,6,$74.72,$38.96,0%,$448.32,$0.00,$448.32,$233.76,$214.56,Credit Card,4.5,No
104104,2025-08-26,North America,Canada,Health & Beauty,Massage Gun,Online,Small Business,Sofia Kowalski,5,$69.41,$44.23,15%,$347.05,$52.06,$294.99,$221.15,$73.84,Bank Transfer,4.6,No
104105,2025-08-26,Europe,France,Apparel,Backpack,Online,Consumer,Amara Costa,2,$144.31,$86.43,5%,$288.62,$14.43,$274.19,$172.86,$101.33,Credit Card,4.4,No
104106,2025-08-27,Asia Pacific,India,Apparel,Running Shoes,Online,Consumer,Casey Garcia,14,$95.83,$60.58,10%,"$1,341.62",$134.16,"$1,207.46",$848.12,$359.34,Debit Card,4.3,No
104107,2025-08-27,North America,Mexico,Electronics,Power Bank,Online,Small Business,Alex Reyes,8,$252.40,$119.92,10%,"$2,019.20",$201.92,"$1,817.28",$959.36,$857.92,Debit Card,4.4,No
104108,2025-08-27,Asia Pacific,India,Apparel,Sunglasses,Online,Small Business,Kenji Haddad,3,$59.31,$32.87,15%,$177.93,$26.69,$151.24,$98.61,$52.63,PayPal,3.0,No
104109,2025-08-27,North America,Mexico,Electronics,USB-C Hub,Marketplace,Small Business,Fatima Ahmed,5,$304.42,$164.31,5%,"$1,522.10",$76.10,"$1,446.00",$821.55,$624.45,Credit Card,3.9,Yes
104110,2025-08-27,North America,Mexico,Apparel,Wool Sweater,Marketplace,Consumer,Diego Weber,8,$99.27,$63.74,0%,$794.16,$0.00,$794.16,$509.92,$284.24,Credit Card,5.0,No
104111,2025-08-27,Latin America,Chile,Office Supplies,Monitor Arm,Marketplace,Enterprise,Jordan Chen,5,$236.67,$139.96,0%,"$1,183.35",$0.00,"$1,183.35",$699.80,$483.55,PayPal,4.1,No
104112,2025-08-27,Middle East & Africa,UAE,Electronics,USB-C Hub,Online,Small Business,Wei Dubois,18,$182.35,$94.55,5%,"$3,282.30",$164.12,"$3,118.18","$1,701.90","$1,416.28",Credit Card,4.3,No
104113,2025-08-27,North America,Mexico,Apparel,Sunglasses,Online,Consumer,Sofia Kowalski,9,$96.18,$44.49,0%,$865.62,$0.00,$865.62,$400.41,$465.21,Debit Card,5.0,No
104114,2025-08-28,Europe,Italy,Electronics,USB-C Hub,Retail Store,Consumer,Amara Costa,3,$153.91,$68.16,0%,$461.73,$0.00,$461.73,$204.48,$257.25,PayPal,5.0,No
104115,2025-08-28,Asia Pacific,China,Health & Beauty,Skincare Set,Wholesale,Consumer,Kenji Haddad,16,$121.38,$63.37,0%,"$1,942.08",$0.00,"$1,942.08","$1,013.92",$928.16,Credit Card,4.6,No
104116,2025-08-28,Europe,United Kingdom,Office Supplies,Monitor Arm,Marketplace,Consumer,Diego Weber,5,$134.34,$58.39,0%,$671.70,$0.00,$671.70,$291.95,$379.75,Bank Transfer,5.0,No
104117,2025-08-28,Asia Pacific,Singapore,Apparel,Yoga Pants,Retail Store,Small Business,Alex Reyes,15,$50.19,$27.08,5%,$752.85,$37.64,$715.21,$406.20,$309.01,Debit Card,4.3,No
104118,2025-08-28,Europe,Italy,Apparel,Yoga Pants,Online,Enterprise,Casey Garcia,10,$55.48,$28.33,0%,$554.80,$0.00,$554.80,$283.30,$271.50,Bank Transfer,4.3,No
104119,2025-08-28,North America,Mexico,Home & Kitchen,Air Fryer,Marketplace,Consumer,Jordan Chen,11,$129.66,$56.26,10%,"$1,426.26",$142.63,"$1,283.63",$618.86,$664.77,Debit Card,4.7,No
104120,2025-08-28,Asia Pacific,China,Office Supplies,Notebook Set,Online,Small Business,Wei Dubois,13,$303.96,$173.67,0%,"$3,951.48",$0.00,"$3,951.48","$2,257.71","$1,693.77",Debit Card,4.8,No
104121,2025-08-28,Europe,Italy,Office Supplies,Ergonomic Chair,Online,Consumer,Jamie Johansson,14,$255.78,$150.35,0%,"$3,580.92",$0.00,"$3,580.92","$2,104.90","$1,476.02",Cash,3.6,No
104122,2025-08-29,Asia Pacific,Japan,Health & Beauty,Yoga Mat,Marketplace,Small Business,Noah Santos,8,$63.42,$40.24,0%,$507.36,$0.00,$507.36,$321.92,$185.44,Credit Card,5.0,No
104123,2025-08-29,Asia Pacific,India,Electronics,Power Bank,Retail Store,Consumer,Jordan Chen,7,$62.17,$31.22,20%,$435.19,$87.04,$348.15,$218.54,$129.61,Credit Card,4.7,No
104124,2025-08-29,Latin America,Argentina,Home & Kitchen,Vacuum Cleaner,Online,Consumer,Noah Santos,2,$180.28,$107.04,0%,$360.56,$0.00,$360.56,$214.08,$146.48,Credit Card,4.3,No
104125,2025-08-29,Europe,United Kingdom,Office Supplies,Pen Set,Online,Consumer,Morgan Kim,22,$83.00,$36.90,0%,"$1,826.00",$0.00,"$1,826.00",$811.80,"$1,014.20",PayPal,2.9,No
104126,2025-08-29,Latin America,Chile,Home & Kitchen,Cookware Set,Online,Consumer,Priya Rossi,1,$133.85,$75.19,10%,$133.85,$13.38,$120.47,$75.19,$45.28,Debit Card,4.8,No
104127,2025-08-29,Europe,Netherlands,Home & Kitchen,Air Fryer,Marketplace,Enterprise,Jordan Chen,4,$43.20,$20.56,15%,$172.80,$25.92,$146.88,$82.24,$64.64,Cash,5.0,No
104128,2025-08-30,North America,Mexico,Office Supplies,Pen Set,Marketplace,Consumer,Priya Rossi,8,$366.95,$158.82,5%,"$2,935.60",$146.78,"$2,788.82","$1,270.56","$1,518.26",Bank Transfer,3.6,No
104129,2025-08-30,Asia Pacific,South Korea,Electronics,Power Bank,Retail Store,Small Business,Riley Muller,5,$103.33,$57.77,0%,$516.65,$0.00,$516.65,$288.85,$227.80,Credit Card,4.0,No
104130,2025-08-30,Middle East & Africa,UAE,Apparel,Backpack,Retail Store,Consumer,Sam Silva,2,$148.36,$81.10,20%,$296.72,$59.34,$237.38,$162.20,$75.18,PayPal,4.4,No
104131,2025-08-30,North America,Mexico,Apparel,Backpack,Wholesale,Small Business,Wei Dubois,1,$85.18,$45.57,0%,$85.18,$0.00,$85.18,$45.57,$39.61,PayPal,3.8,No
104132,2025-08-30,Europe,United Kingdom,Office Supplies,Ergonomic Chair,Marketplace,Small Business,Sam Silva,9,$261.28,$119.39,10%,"$2,351.52",$235.15,"$2,116.37","$1,074.51","$1,041.86",PayPal,3.3,No
104133,2025-08-30,Asia Pacific,South Korea,Office Supplies,Ergonomic Chair,Retail Store,Consumer,Elena Lindqvist,11,$345.96,$200.57,0%,"$3,805.56",$0.00,"$3,805.56","$2,206.27","$1,599.29",PayPal,3.6,No
104134,2025-08-30,North America,Mexico,Home & Kitchen,Cookware Set,Retail Store,Small Business,Sam Silva,7,$47.65,$29.39,0%,$333.55,$0.00,$333.55,$205.73,$127.82,Credit Card,2.2,No
104135,2025-08-31,North America,Mexico,Apparel,Yoga Pants,Marketplace,Small Business,Jordan Chen,2,$58.38,$29.21,0%,$116.76,$0.00,$116.76,$58.42,$58.34,PayPal,4.3,No
104136,2025-08-31,Europe,Germany,Apparel,Yoga Pants,Online,Consumer,Sofia Kowalski,2,$60.84,$31.18,0%,$121.68,$0.00,$121.68,$62.36,$59.32,Credit Card,4.8,No
104137,2025-08-31,North America,Mexico,Electronics,Bluetooth Speaker,Online,Small Business,Noah Santos,17,$147.94,$66.54,0%,"$2,514.98",$0.00,"$2,514.98","$1,131.18","$1,383.80",Credit Card,3.9,No
104138,2025-08-31,North America,Mexico,Health & Beauty,Skincare Set,Marketplace,Consumer,Kenji Haddad,12,$79.79,$43.48,5%,$957.48,$47.87,$909.61,$521.76,$387.85,Debit Card,4.0,No
104139,2025-09-01,Asia Pacific,South Korea,Office Supplies,Standing Desk,Marketplace,Consumer,Riley Muller,4,$262.18,$151.01,0%,"$1,048.72",$0.00,"$1,048.72",$604.04,$444.68,Credit Card,5.0,No
104140,2025-09-01,Europe,Spain,Electronics,Power Bank,Online,Consumer,Sam Silva,8,$154.47,$67.86,0%,"$1,235.76",$0.00,"$1,235.76",$542.88,$692.88,PayPal,5.0,No
104141,2025-09-01,Europe,Italy,Apparel,Wool Sweater,Online,Enterprise,Elena Lindqvist,6,$30.79,$16.40,0%,$184.74,$0.00,$184.74,$98.40,$86.34,PayPal,5.0,No
104142,2025-09-01,Middle East & Africa,South Africa,Home & Kitchen,Blender,Marketplace,Small Business,Drew Okafor,10,$131.10,$77.22,0%,"$1,311.00",$0.00,"$1,311.00",$772.20,$538.80,Credit Card,4.2,No
104143,2025-09-01,Europe,Netherlands,Apparel,Yoga Pants,Online,Consumer,Casey Garcia,17,$56.93,$32.42,20%,$967.81,$193.56,$774.25,$551.14,$223.11,Credit Card,4.6,No
104144,2025-09-01,Middle East & Africa,Nigeria,Home & Kitchen,Toaster,Online,Consumer,Taylor Patel,23,$66.82,$35.19,10%,"$1,536.86",$153.69,"$1,383.17",$809.37,$573.80,Credit Card,4.5,No
104145,2025-09-01,Middle East & Africa,UAE,Electronics,USB-C Hub,Retail Store,Small Business,Morgan Kim,9,$311.47,$144.24,0%,"$2,803.23",$0.00,"$2,803.23","$1,298.16","$1,505.07",Debit Card,4.2,No
104146,2025-09-01,North America,Mexico,Apparel,Denim Jacket,Online,Consumer,Riley Muller,3,$94.37,$43.03,0%,$283.11,$0.00,$283.11,$129.09,$154.02,Bank Transfer,3.5,No
104147,2025-09-01,Europe,Germany,Home & Kitchen,Cookware Set,Online,Enterprise,Riley Muller,5,$163.60,$79.26,0%,$818.00,$0.00,$818.00,$396.30,$421.70,Credit Card,5.0,No
104148,2025-09-01,Asia Pacific,Singapore,Electronics,Power Bank,Online,Consumer,Priya Rossi,2,$207.61,$130.81,10%,$415.22,$41.52,$373.70,$261.62,$112.08,Debit Card,5.0,No
104149,2025-09-02,Latin America,Brazil,Electronics,Wireless Earbuds,Online,Small Business,Kenji Haddad,14,$52.22,$21.06,10%,$731.08,$73.11,$657.97,$294.84,$363.13,Credit Card,3.6,No
104150,2025-09-02,Asia Pacific,Japan,Health & Beauty,Skincare Set,Retail Store,Small Business,Noah Santos,13,$104.18,$45.28,10%,"$1,354.34",$135.43,"$1,218.91",$588.64,$630.27,Credit Card,4.1,No
104151,2025-09-02,North America,Canada,Office Supplies,Ergonomic Chair,Online,Consumer,Wei Dubois,3,$131.28,$82.46,0%,$393.84,$0.00,$393.84,$247.38,$146.46,Credit Card,3.9,No
104152,2025-09-02,North America,Canada,Electronics,Wireless Earbuds,Marketplace,Consumer,Taylor Patel,14,$316.02,$141.38,10%,"$4,424.28",$442.43,"$3,981.85","$1,979.32","$2,002.53",Debit Card,4.3,Yes
104153,2025-09-03,Asia Pacific,Australia,Home & Kitchen,Blender,Online,Small Business,Lucas Novak,6,$186.90,$116.62,5%,"$1,121.40",$56.07,"$1,065.33",$699.72,$365.61,PayPal,4.0,No
104154,2025-09-03,North America,United States,Health & Beauty,Fitness Tracker,Marketplace,Consumer,Fatima Ahmed,21,$128.73,$55.45,0%,"$2,703.33",$0.00,"$2,703.33","$1,164.45","$1,538.88",Credit Card,3.9,No
104155,2025-09-03,North America,Canada,Office Supplies,Desk Organizer,Retail Store,Consumer,Sam Silva,5,$62.74,$32.40,0%,$313.70,$0.00,$313.70,$162.00,$151.70,Debit Card,5.0,No
104156,2025-09-03,Asia Pacific,Singapore,Apparel,Sunglasses,Marketplace,Consumer,Noah Santos,9,$63.51,$31.24,0%,$571.59,$0.00,$571.59,$281.16,$290.43,Debit Card,2.8,No
104157,2025-09-03,Asia Pacific,Japan,Health & Beauty,Electric Toothbrush,Online,Consumer,Morgan Kim,3,$37.42,$21.82,0%,$112.26,$0.00,$112.26,$65.46,$46.80,PayPal,4.7,No
104158,2025-09-03,Middle East & Africa,Saudi Arabia,Home & Kitchen,Toaster,Wholesale,Consumer,Noah Santos,11,$84.77,$38.73,0%,$932.47,$0.00,$932.47,$426.03,$506.44,Credit Card,4.1,No
104159,2025-09-03,North America,United States,Electronics,Smartwatch,Retail Store,Consumer,Riley Muller,7,$25.27,$11.30,0%,$176.89,$0.00,$176.89,$79.10,$97.79,PayPal,4.4,No
104160,2025-09-04,North America,United States,Electronics,USB-C Hub,Marketplace,Small Business,Fatima Ahmed,13,$220.87,$113.50,0%,"$2,871.31",$0.00,"$2,871.31","$1,475.50","$1,395.81",PayPal,4.2,Yes
104161,2025-09-04,Europe,Italy,Office Supplies,Notebook Set,Online,Consumer,Morgan Kim,14,$22.66,$11.61,0%,$317.24,$0.00,$317.24,$162.54,$154.70,Credit Card,4.9,No
104162,2025-09-04,Europe,Italy,Health & Beauty,Electric Toothbrush,Retail Store,Small Business,Cameron Nakamura,2,$20.13,$11.81,0%,$40.26,$0.00,$40.26,$23.62,$16.64,PayPal,4.9,No
104163,2025-09-04,Europe,Spain,Health & Beauty,Massage Gun,Wholesale,Consumer,Sam Silva,6,$155.84,$79.88,0%,$935.04,$0.00,$935.04,$479.28,$455.76,Bank Transfer,4.2,No
104164,2025-09-04,North America,Mexico,Health & Beauty,Electric Toothbrush,Marketplace,Consumer,Drew Okafor,6,$153.10,$69.65,5%,$918.60,$45.93,$872.67,$417.90,$454.77,PayPal,4.5,No
104165,2025-09-04,North America,Mexico,Electronics,Wireless Earbuds,Retail Store,Consumer,Fatima Ahmed,7,$93.45,$44.60,5%,$654.15,$32.71,$621.44,$312.20,$309.24,Bank Transfer,4.8,No
104166,2025-09-04,Asia Pacific,Australia,Apparel,Backpack,Online,Small Business,Sofia Kowalski,9,$73.46,$34.93,20%,$661.14,$132.23,$528.91,$314.37,$214.54,Debit Card,3.2,No
104167,2025-09-04,Asia Pacific,Singapore,Health & Beauty,Yoga Mat,Online,Consumer,Diego Weber,7,$24.32,$10.99,5%,$170.24,$8.51,$161.73,$76.93,$84.80,Bank Transfer,4.2,No
104168,2025-09-04,Europe,France,Apparel,Running Shoes,Online,Consumer,Drew Okafor,7,$23.47,$11.49,0%,$164.29,$0.00,$164.29,$80.43,$83.86,Bank Transfer,4.2,No
104169,2025-09-04,Asia Pacific,China,Office Supplies,Desk Organizer,Online,Consumer,Drew Okafor,14,$235.45,$122.88,0%,"$3,296.30",$0.00,"$3,296.30","$1,720.32","$1,575.98",Credit Card,4.8,No
104170,2025-09-04,North America,Canada,Health & Beauty,Yoga Mat,Online,Consumer,Fatima Ahmed,2,$37.38,$20.71,5%,$74.76,$3.74,$71.02,$41.42,$29.60,Credit Card,3.9,No
104171,2025-09-04,North America,United States,Home & Kitchen,Vacuum Cleaner,Marketplace,Small Business,Kenji Haddad,3,$129.85,$83.74,0%,$389.55,$0.00,$389.55,$251.22,$138.33,PayPal,3.6,No
104172,2025-09-04,North America,Canada,Health & Beauty,Massage Gun,Marketplace,Consumer,Casey Garcia,9,$63.69,$28.35,0%,$573.21,$0.00,$573.21,$255.15,$318.06,Credit Card,5.0,No
104173,2025-09-05,North America,United States,Health & Beauty,Skincare Set,Online,Consumer,Drew Okafor,2,$72.59,$40.49,0%,$145.18,$0.00,$145.18,$80.98,$64.20,Credit Card,5.0,Yes
104174,2025-09-05,North America,United States,Health & Beauty,Fitness Tracker,Marketplace,Small Business,Wei Dubois,13,$108.55,$68.80,0%,"$1,411.15",$0.00,"$1,411.15",$894.40,$516.75,PayPal,4.0,No
104175,2025-09-05,North America,Mexico,Office Supplies,Ergonomic Chair,Retail Store,Small Business,Priya Rossi,11,$115.85,$59.21,0%,"$1,274.35",$0.00,"$1,274.35",$651.31,$623.04,Credit Card,4.4,No
104176,2025-09-05,North America,United States,Office Supplies,Pen Set,Retail Store,Small Business,Drew Okafor,1,$199.17,$118.09,0%,$199.17,$0.00,$199.17,$118.09,$81.08,Credit Card,3.3,No
104177,2025-09-05,Middle East & Africa,Nigeria,Home & Kitchen,Toaster,Marketplace,Consumer,Morgan Kim,6,$85.11,$51.18,0%,$510.66,$0.00,$510.66,$307.08,$203.58,Credit Card,4.9,No
104178,2025-09-06,Latin America,Brazil,Office Supplies,Pen Set,Online,Consumer,Jordan Chen,14,$353.70,$202.78,0%,"$4,951.80",$0.00,"$4,951.80","$2,838.92","$2,112.88",Bank Transfer,3.8,No
104179,2025-09-06,North America,United States,Health & Beauty,Fitness Tracker,Retail Store,Consumer,Lucas Novak,7,$160.01,$99.47,20%,"$1,120.07",$224.01,$896.06,$696.29,$199.77,Debit Card,5.0,Yes
104180,2025-09-06,Europe,Germany,Apparel,Wool Sweater,Online,Consumer,Kenji Haddad,8,$145.05,$77.64,20%,"$1,160.40",$232.08,$928.32,$621.12,$307.20,Credit Card,5.0,No
104181,2025-09-06,Europe,Netherlands,Home & Kitchen,Blender,Online,Consumer,Diego Weber,5,$103.02,$54.17,0%,$515.10,$0.00,$515.10,$270.85,$244.25,Debit Card,4.4,No
104182,2025-09-06,North America,Canada,Apparel,Yoga Pants,Online,Consumer,Fatima Ahmed,4,$121.17,$69.15,0%,$484.68,$0.00,$484.68,$276.60,$208.08,Credit Card,3.6,No
104183,2025-09-07,Asia Pacific,China,Apparel,Backpack,Online,Consumer,Lucas Novak,6,$78.25,$32.36,0%,$469.50,$0.00,$469.50,$194.16,$275.34,PayPal,3.2,No
104184,2025-09-07,Europe,United Kingdom,Home & Kitchen,Vacuum Cleaner,Marketplace,Small Business,Alex Reyes,9,$52.90,$21.60,0%,$476.10,$0.00,$476.10,$194.40,$281.70,Credit Card,5.0,No
104185,2025-09-07,Europe,Germany,Office Supplies,Desk Organizer,Online,Small Business,Amara Costa,11,$82.94,$47.63,0%,$912.34,$0.00,$912.34,$523.93,$388.41,Credit Card,4.7,No
104186,2025-09-07,Europe,France,Home & Kitchen,Blender,Online,Consumer,Elena Lindqvist,8,$121.03,$58.95,0%,$968.24,$0.00,$968.24,$471.60,$496.64,Debit Card,3.9,No
104187,2025-09-07,Europe,France,Health & Beauty,Fitness Tracker,Marketplace,Consumer,Morgan Kim,6,$117.70,$54.86,0%,$706.20,$0.00,$706.20,$329.16,$377.04,PayPal,3.6,No
104188,2025-09-07,Europe,Germany,Home & Kitchen,Blender,Marketplace,Consumer,Jamie Johansson,5,$132.07,$79.05,20%,$660.35,$132.07,$528.28,$395.25,$133.03,Credit Card,4.1,No
104189,2025-09-07,Europe,France,Health & Beauty,Skincare Set,Wholesale,Consumer,Fatima Ahmed,12,$97.91,$39.33,10%,"$1,174.92",$117.49,"$1,057.43",$471.96,$585.47,Debit Card,4.8,No
104190,2025-09-07,Europe,Italy,Office Supplies,Notebook Set,Retail Store,Small Business,Riley Muller,7,$291.51,$145.06,0%,"$2,040.57",$0.00,"$2,040.57","$1,015.42","$1,025.15",Debit Card,2.5,No
104191,2025-09-07,Latin America,Colombia,Health & Beauty,Massage Gun,Online,Small Business,Priya Rossi,9,$57.37,$24.27,15%,$516.33,$77.45,$438.88,$218.43,$220.45,Bank Transfer,5.0,No
104192,2025-09-08,Europe,United Kingdom,Electronics,USB-C Hub,Wholesale,Small Business,Lucas Novak,5,$322.90,$185.90,0%,"$1,614.50",$0.00,"$1,614.50",$929.50,$685.00,Credit Card,5.0,No
104193,2025-09-08,Asia Pacific,South Korea,Home & Kitchen,Coffee Maker,Online,Small Business,Jamie Johansson,4,$115.16,$65.94,0%,$460.64,$0.00,$460.64,$263.76,$196.88,Credit Card,4.3,Yes
104194,2025-09-08,Asia Pacific,Singapore,Apparel,Denim Jacket,Marketplace,Small Business,Wei Dubois,3,$79.35,$38.70,0%,$238.05,$0.00,$238.05,$116.10,$121.95,Debit Card,2.6,No
104195,2025-09-08,Latin America,Argentina,Health & Beauty,Yoga Mat,Online,Consumer,Riley Muller,11,$98.82,$60.56,20%,"$1,087.02",$217.40,$869.62,$666.16,$203.46,Credit Card,2.9,No
104196,2025-09-09,North America,Mexico,Health & Beauty,Fitness Tracker,Online,Consumer,Drew Okafor,10,$77.83,$31.26,0%,$778.30,$0.00,$778.30,$312.60,$465.70,Credit Card,3.5,No
104197,2025-09-09,North America,United States,Office Supplies,Ergonomic Chair,Retail Store,Small Business,Cameron Nakamura,2,$10.21,$5.08,0%,$20.42,$0.00,$20.42,$10.16,$10.26,PayPal,4.7,No
104198,2025-09-09,North America,Canada,Electronics,Smartwatch,Online,Small Business,Jordan Chen,3,$289.05,$169.81,0%,$867.15,$0.00,$867.15,$509.43,$357.72,Credit Card,4.4,No
104199,2025-09-09,North America,United States,Health & Beauty,Hair Dryer,Retail Store,Small Business,Sofia Kowalski,3,$171.05,$108.13,5%,$513.15,$25.66,$487.49,$324.39,$163.10,Debit Card,4.6,No
104200,2025-09-09,North America,United States,Office Supplies,Notebook Set,Online,Consumer,Diego Weber,27,$104.70,$46.85,0%,"$2,826.90",$0.00,"$2,826.90","$1,264.95","$1,561.95",Cash,2.7,No
104201,2025-09-10,Europe,Germany,Electronics,Bluetooth Speaker,Online,Consumer,Noah Santos,8,$336.53,$201.53,0%,"$2,692.24",$0.00,"$2,692.24","$1,612.24","$1,080.00",PayPal,5.0,No
104202,2025-09-10,Europe,Italy,Apparel,Backpack,Online,Consumer,Elena Lindqvist,9,$58.16,$32.28,5%,$523.44,$26.17,$497.27,$290.52,$206.75,Bank Transfer,3.5,Yes
104203,2025-09-10,North America,United States,Apparel,Wool Sweater,Retail Store,Consumer,Jamie Johansson,7,$43.86,$19.83,0%,$307.02,$0.00,$307.02,$138.81,$168.21,PayPal,3.8,No
104204,2025-09-10,North America,Canada,Office Supplies,Pen Set,Wholesale,Small Business,Riley Muller,6,$81.12,$40.70,15%,$486.72,$73.01,$413.71,$244.20,$169.51,Credit Card,3.3,No
104205,2025-09-10,Latin America,Argentina,Home & Kitchen,Coffee Maker,Marketplace,Consumer,Priya Rossi,6,$114.65,$52.87,20%,$687.90,$137.58,$550.32,$317.22,$233.10,Debit Card,5.0,No
104206,2025-09-10,North America,Canada,Home & Kitchen,Air Fryer,Wholesale,Small Business,Lucas Novak,5,$219.92,$119.52,0%,"$1,099.60",$0.00,"$1,099.60",$597.60,$502.00,PayPal,3.1,No
104207,2025-09-10,Europe,United Kingdom,Electronics,Smartwatch,Online,Consumer,Casey Garcia,4,$120.63,$70.11,0%,$482.52,$0.00,$482.52,$280.44,$202.08,Debit Card,4.7,No
104208,2025-09-10,Asia Pacific,Singapore,Health & Beauty,Fitness Tracker,Retail Store,Enterprise,Cameron Nakamura,2,$137.60,$84.45,0%,$275.20,$0.00,$275.20,$168.90,$106.30,Bank Transfer,4.0,No
104209,2025-09-10,Asia Pacific,South Korea,Health & Beauty,Massage Gun,Wholesale,Consumer,Sofia Kowalski,11,$156.34,$88.34,5%,"$1,719.74",$85.99,"$1,633.75",$971.74,$662.01,Credit Card,3.4,No
104210,2025-09-11,North America,Mexico,Apparel,Backpack,Marketplace,Small Business,Kenji Haddad,3,$21.68,$13.84,0%,$65.04,$0.00,$65.04,$41.52,$23.52,Credit Card,4.5,No
104211,2025-09-11,North America,Mexico,Office Supplies,Ergonomic Chair,Wholesale,Small Business,Morgan Kim,4,$68.04,$32.38,10%,$272.16,$27.22,$244.94,$129.52,$115.42,PayPal,3.2,No
104212,2025-09-11,Europe,Germany,Office Supplies,Pen Set,Wholesale,Consumer,Jordan Chen,4,$111.90,$49.79,0%,$447.60,$0.00,$447.60,$199.16,$248.44,Debit Card,3.6,No
104213,2025-09-11,Asia Pacific,Australia,Apparel,Denim Jacket,Online,Consumer,Jordan Chen,3,$21.01,$12.97,0%,$63.03,$0.00,$63.03,$38.91,$24.12,Credit Card,3.5,No
104214,2025-09-11,Europe,Germany,Apparel,Running Shoes,Marketplace,Consumer,Noah Santos,9,$115.40,$46.95,0%,"$1,038.60",$0.00,"$1,038.60",$422.55,$616.05,Credit Card,3.4,No
104215,2025-09-11,Asia Pacific,India,Electronics,Laptop Stand,Online,Small Business,Noah Santos,9,$29.44,$13.13,10%,$264.96,$26.50,$238.46,$118.17,$120.29,Credit Card,3.7,No
104216,2025-09-11,Middle East & Africa,South Africa,Home & Kitchen,Air Fryer,Marketplace,Consumer,Drew Okafor,2,$60.13,$26.77,0%,$120.26,$0.00,$120.26,$53.54,$66.72,Credit Card,5.0,No
104217,2025-09-11,Europe,Spain,Home & Kitchen,Blender,Online,Small Business,Taylor Patel,11,$130.18,$74.30,0%,"$1,431.98",$0.00,"$1,431.98",$817.30,$614.68,PayPal,3.9,No
104218,2025-09-11,North America,Canada,Apparel,Backpack,Retail Store,Consumer,Amara Costa,6,$98.38,$62.40,0%,$590.28,$0.00,$590.28,$374.40,$215.88,PayPal,5.0,No
104219,2025-09-11,Latin America,Colombia,Health & Beauty,Skincare Set,Marketplace,Consumer,Alex Reyes,1,$29.44,$17.94,0%,$29.44,$0.00,$29.44,$17.94,$11.50,Credit Card,4.6,No
104220,2025-09-12,Europe,Netherlands,Office Supplies,Notebook Set,Retail Store,Consumer,Taylor Patel,6,$341.46,$147.07,20%,"$2,048.76",$409.75,"$1,639.01",$882.42,$756.59,PayPal,2.4,No
104221,2025-09-12,Asia Pacific,Singapore,Electronics,Wireless Earbuds,Online,Small Business,Wei Dubois,6,$255.76,$164.00,0%,"$1,534.56",$0.00,"$1,534.56",$984.00,$550.56,Cash,3.2,Yes
104222,2025-09-12,Asia Pacific,Singapore,Apparel,Denim Jacket,Online,Small Business,Amara Costa,11,$104.19,$42.47,5%,"$1,146.09",$57.30,"$1,088.79",$467.17,$621.62,Bank Transfer,4.4,No
104223,2025-09-12,Latin America,Chile,Health & Beauty,Electric Toothbrush,Online,Enterprise,Casey Garcia,5,$51.09,$22.84,5%,$255.45,$12.77,$242.68,$114.20,$128.48,Debit Card,3.8,No
104224,2025-09-12,North America,Canada,Health & Beauty,Skincare Set,Marketplace,Consumer,Noah Santos,5,$110.50,$66.53,0%,$552.50,$0.00,$552.50,$332.65,$219.85,Debit Card,4.5,No
104225,2025-09-13,North America,Mexico,Office Supplies,Desk Organizer,Retail Store,Enterprise,Morgan Kim,4,$370.37,$160.80,5%,"$1,481.48",$74.07,"$1,407.41",$643.20,$764.21,PayPal,5.0,No
104226,2025-09-13,Asia Pacific,South Korea,Apparel,Backpack,Online,Consumer,Priya Rossi,10,$117.74,$75.28,0%,"$1,177.40",$0.00,"$1,177.40",$752.80,$424.60,Debit Card,2.8,No
104227,2025-09-13,Latin America,Chile,Office Supplies,Ergonomic Chair,Online,Small Business,Diego Weber,5,$377.83,$194.34,0%,"$1,889.15",$0.00,"$1,889.15",$971.70,$917.45,PayPal,3.6,No
104228,2025-09-13,North America,United States,Health & Beauty,Electric Toothbrush,Wholesale,Small Business,Lucas Novak,5,$72.28,$35.42,0%,$361.40,$0.00,$361.40,$177.10,$184.30,Credit Card,3.7,No
104229,2025-09-13,Europe,Spain,Home & Kitchen,Air Fryer,Online,Consumer,Kenji Haddad,11,$200.55,$104.64,10%,"$2,206.05",$220.60,"$1,985.45","$1,151.04",$834.41,Credit Card,3.1,No
104230,2025-09-13,North America,Canada,Health & Beauty,Yoga Mat,Online,Consumer,Casey Garcia,6,$60.69,$36.55,0%,$364.14,$0.00,$364.14,$219.30,$144.84,Credit Card,5.0,No
104231,2025-09-13,Europe,Germany,Home & Kitchen,Vacuum Cleaner,Retail Store,Consumer,Noah Santos,2,$217.04,$95.47,5%,$434.08,$21.70,$412.38,$190.94,$221.44,Bank Transfer,3.0,No
104232,2025-09-14,North America,Mexico,Home & Kitchen,Air Fryer,Online,Consumer,Jordan Chen,4,$180.20,$74.25,0%,$720.80,$0.00,$720.80,$297.00,$423.80,PayPal,4.2,No
104233,2025-09-14,North America,Canada,Office Supplies,Pen Set,Marketplace,Consumer,Taylor Patel,9,$185.27,$109.88,0%,"$1,667.43",$0.00,"$1,667.43",$988.92,$678.51,Debit Card,4.0,No
104234,2025-09-14,Europe,Germany,Home & Kitchen,Air Fryer,Online,Consumer,Jordan Chen,1,$191.72,$83.95,0%,$191.72,$0.00,$191.72,$83.95,$107.77,Credit Card,4.4,No
104235,2025-09-14,North America,Canada,Health & Beauty,Yoga Mat,Online,Consumer,Alex Reyes,11,$170.63,$94.75,10%,"$1,876.93",$187.69,"$1,689.24","$1,042.25",$646.99,Credit Card,3.8,No
104236,2025-09-14,North America,Canada,Office Supplies,Monitor Arm,Retail Store,Consumer,Alex Reyes,7,$238.90,$101.44,0%,"$1,672.30",$0.00,"$1,672.30",$710.08,$962.22,Credit Card,4.1,No
104237,2025-09-14,North America,Canada,Office Supplies,Monitor Arm,Retail Store,Small Business,Sam Silva,3,$347.63,$174.50,0%,"$1,042.89",$0.00,"$1,042.89",$523.50,$519.39,PayPal,4.0,No
104238,2025-09-14,Europe,Italy,Health & Beauty,Electric Toothbrush,Wholesale,Small Business,Fatima Ahmed,10,$177.44,$93.22,15%,"$1,774.40",$266.16,"$1,508.24",$932.20,$576.04,Credit Card,3.5,No
104239,2025-09-14,North America,Mexico,Office Supplies,Desk Organizer,Retail Store,Consumer,Drew Okafor,2,$76.83,$36.40,0%,$153.66,$0.00,$153.66,$72.80,$80.86,Credit Card,3.8,Yes
104240,2025-09-14,Asia Pacific,Japan,Home & Kitchen,Blender,Online,Consumer,Jamie Johansson,8,$165.52,$97.60,0%,"$1,324.16",$0.00,"$1,324.16",$780.80,$543.36,Debit Card,5.0,No
104241,2025-09-15,Asia Pacific,Singapore,Office Supplies,Pen Set,Online,Consumer,Sofia Kowalski,8,$221.33,$118.08,0%,"$1,770.64",$0.00,"$1,770.64",$944.64,$826.00,PayPal,4.7,No
104242,2025-09-15,Europe,Spain,Apparel,Yoga Pants,Wholesale,Small Business,Noah Santos,14,$81.57,$46.54,0%,"$1,141.98",$0.00,"$1,141.98",$651.56,$490.42,Credit Card,3.8,No
104243,2025-09-15,Middle East & Africa,Nigeria,Health & Beauty,Electric Toothbrush,Marketplace,Small Business,Jordan Chen,5,$140.98,$88.01,0%,$704.90,$0.00,$704.90,$440.05,$264.85,Debit Card,4.1,No
104244,2025-09-15,North America,United States,Health & Beauty,Skincare Set,Online,Enterprise,Diego Weber,1,$179.56,$107.63,10%,$179.56,$17.96,$161.60,$107.63,$53.97,Cash,3.6,No
104245,2025-09-15,Asia Pacific,Singapore,Home & Kitchen,Coffee Maker,Online,Consumer,Diego Weber,6,$190.63,$109.32,0%,"$1,143.78",$0.00,"$1,143.78",$655.92,$487.86,Credit Card,3.0,No
104246,2025-09-15,Europe,France,Office Supplies,Ergonomic Chair,Online,Consumer,Sam Silva,7,$103.07,$47.87,0%,$721.49,$0.00,$721.49,$335.09,$386.40,Credit Card,4.7,No
104247,2025-09-15,North America,Canada,Apparel,Running Shoes,Online,Consumer,Cameron Nakamura,16,$147.69,$59.26,0%,"$2,363.04",$0.00,"$2,363.04",$948.16,"$1,414.88",Debit Card,3.8,No
104248,2025-09-16,Europe,Italy,Electronics,USB-C Hub,Wholesale,Consumer,Diego Weber,9,$349.54,$139.90,0%,"$3,145.86",$0.00,"$3,145.86","$1,259.10","$1,886.76",Debit Card,5.0,No
104249,2025-09-16,Europe,France,Office Supplies,Desk Organizer,Retail Store,Consumer,Drew Okafor,3,$325.80,$152.76,0%,$977.40,$0.00,$977.40,$458.28,$519.12,Credit Card,4.6,No
104250,2025-09-16,North America,United States,Health & Beauty,Hair Dryer,Retail Store,Consumer,Sofia Kowalski,8,$67.08,$32.62,5%,$536.64,$26.83,$509.81,$260.96,$248.85,Credit Card,3.6,No
104251,2025-09-16,Latin America,Colombia,Apparel,Sunglasses,Wholesale,Consumer,Alex Reyes,4,$139.77,$60.21,0%,$559.08,$0.00,$559.08,$240.84,$318.24,Credit Card,3.9,No
104252,2025-09-16,North America,United States,Office Supplies,Notebook Set,Retail Store,Small Business,Jamie Johansson,8,$291.83,$159.25,0%,"$2,334.64",$0.00,"$2,334.64","$1,274.00","$1,060.64",Credit Card,4.4,No
104253,2025-09-16,Latin America,Brazil,Electronics,USB-C Hub,Online,Consumer,Casey Garcia,3,$120.33,$52.35,0%,$360.99,$0.00,$360.99,$157.05,$203.94,Credit Card,5.0,No
104254,2025-09-16,Europe,Spain,Office Supplies,Standing Desk,Online,Consumer,Elena Lindqvist,2,$246.70,$127.99,15%,$493.40,$74.01,$419.39,$255.98,$163.41,PayPal,3.8,No
104255,2025-09-17,North America,Mexico,Health & Beauty,Yoga Mat,Wholesale,Small Business,Drew Okafor,6,$21.51,$11.59,0%,$129.06,$0.00,$129.06,$69.54,$59.52,Credit Card,4.3,No
104256,2025-09-17,Europe,Spain,Office Supplies,Monitor Arm,Online,Enterprise,Jordan Chen,2,$385.66,$167.94,0%,$771.32,$0.00,$771.32,$335.88,$435.44,Credit Card,4.1,No
104257,2025-09-17,North America,Mexico,Health & Beauty,Skincare Set,Online,Consumer,Elena Lindqvist,4,$121.99,$55.22,0%,$487.96,$0.00,$487.96,$220.88,$267.08,Credit Card,4.8,No
104258,2025-09-17,Europe,France,Office Supplies,Monitor Arm,Online,Small Business,Priya Rossi,11,$314.06,$148.23,15%,"$3,454.66",$518.20,"$2,936.46","$1,630.53","$1,305.93",PayPal,4.8,No
104259,2025-09-17,North America,Mexico,Health & Beauty,Electric Toothbrush,Online,Consumer,Morgan Kim,2,$13.97,$7.47,0%,$27.94,$0.00,$27.94,$14.94,$13.00,Credit Card,4.3,No
104260,2025-09-17,Europe,Netherlands,Health & Beauty,Massage Gun,Marketplace,Consumer,Cameron Nakamura,14,$62.52,$32.14,0%,$875.28,$0.00,$875.28,$449.96,$425.32,PayPal,4.1,No
104261,2025-09-18,Europe,Italy,Home & Kitchen,Cookware Set,Retail Store,Small Business,Amara Costa,13,$95.15,$44.15,0%,"$1,236.95",$0.00,"$1,236.95",$573.95,$663.00,Debit Card,3.5,No
104262,2025-09-18,Europe,France,Electronics,Wireless Earbuds,Marketplace,Consumer,Wei Dubois,10,$133.29,$81.32,0%,"$1,332.90",$0.00,"$1,332.90",$813.20,$519.70,Bank Transfer,5.0,No
104263,2025-09-19,North America,Mexico,Office Supplies,Monitor Arm,Online,Consumer,Taylor Patel,23,$292.51,$170.22,10%,"$6,727.73",$672.77,"$6,054.96","$3,915.06","$2,139.90",Credit Card,4.6,No
104264,2025-09-19,Middle East & Africa,UAE,Office Supplies,Standing Desk,Retail Store,Consumer,Sam Silva,10,$267.70,$142.76,0%,"$2,677.00",$0.00,"$2,677.00","$1,427.60","$1,249.40",Credit Card,4.7,No
104265,2025-09-19,Asia Pacific,India,Apparel,Backpack,Wholesale,Consumer,Sofia Kowalski,7,$116.21,$73.05,0%,$813.47,$0.00,$813.47,$511.35,$302.12,Credit Card,3.6,No
104266,2025-09-19,Europe,France,Office Supplies,Notebook Set,Online,Enterprise,Kenji Haddad,6,$319.73,$142.95,20%,"$1,918.38",$383.68,"$1,534.70",$857.70,$677.00,Debit Card,4.3,Yes
104267,2025-09-19,North America,Mexico,Apparel,Running Shoes,Online,Consumer,Noah Santos,9,$93.04,$41.41,0%,$837.36,$0.00,$837.36,$372.69,$464.67,Debit Card,2.6,No
104268,2025-09-19,Europe,Italy,Office Supplies,Standing Desk,Marketplace,Small Business,Noah Santos,10,$168.30,$67.51,0%,"$1,683.00",$0.00,"$1,683.00",$675.10,"$1,007.90",Credit Card,4.4,No
104269,2025-09-19,Europe,Spain,Apparel,Backpack,Retail Store,Consumer,Sam Silva,6,$124.59,$64.71,0%,$747.54,$0.00,$747.54,$388.26,$359.28,Credit Card,4.4,No
104270,2025-09-19,Middle East & Africa,Nigeria,Office Supplies,Desk Organizer,Retail Store,Consumer,Jamie Johansson,9,$336.53,$140.09,5%,"$3,028.77",$151.44,"$2,877.33","$1,260.81","$1,616.52",Credit Card,3.5,No
104271,2025-09-19,Asia Pacific,India,Health & Beauty,Massage Gun,Online,Consumer,Lucas Novak,14,$85.21,$34.90,5%,"$1,192.94",$59.65,"$1,133.29",$488.60,$644.69,Credit Card,5.0,No
104272,2025-09-19,North America,Mexico,Apparel,Sunglasses,Retail Store,Small Business,Noah Santos,3,$88.13,$48.52,0%,$264.39,$0.00,$264.39,$145.56,$118.83,Bank Transfer,4.0,No
104273,2025-09-20,Asia Pacific,India,Apparel,Yoga Pants,Online,Consumer,Taylor Patel,14,$101.14,$44.40,0%,"$1,415.96",$0.00,"$1,415.96",$621.60,$794.36,Credit Card,3.8,Yes
104274,2025-09-20,Asia Pacific,Japan,Electronics,Smartwatch,Marketplace,Enterprise,Lucas Novak,13,$227.91,$120.16,0%,"$2,962.83",$0.00,"$2,962.83","$1,562.08","$1,400.75",Credit Card,4.4,No
104275,2025-09-20,Asia Pacific,Australia,Electronics,Smartwatch,Marketplace,Enterprise,Sam Silva,13,$93.52,$56.28,0%,"$1,215.76",$0.00,"$1,215.76",$731.64,$484.12,Debit Card,4.3,No
104276,2025-09-20,Asia Pacific,India,Office Supplies,Standing Desk,Retail Store,Enterprise,Sam Silva,5,$69.76,$42.61,0%,$348.80,$0.00,$348.80,$213.05,$135.75,PayPal,3.6,No
104277,2025-09-20,Europe,Spain,Health & Beauty,Fitness Tracker,Marketplace,Consumer,Amara Costa,2,$111.33,$45.69,10%,$222.66,$22.27,$200.39,$91.38,$109.01,PayPal,3.8,No
104278,2025-09-20,North America,Mexico,Electronics,Laptop Stand,Online,Consumer,Casey Garcia,15,$92.07,$47.81,5%,"$1,381.05",$69.05,"$1,312.00",$717.15,$594.85,Cash,3.9,No
104279,2025-09-20,North America,Canada,Office Supplies,Ergonomic Chair,Online,Small Business,Jamie Johansson,7,$206.43,$93.68,0%,"$1,445.01",$0.00,"$1,445.01",$655.76,$789.25,Debit Card,2.9,No
104280,2025-09-20,Europe,Spain,Health & Beauty,Electric Toothbrush,Retail Store,Consumer,Sofia Kowalski,5,$116.88,$70.65,20%,$584.40,$116.88,$467.52,$353.25,$114.27,Debit Card,3.2,No
104281,2025-09-20,Europe,France,Home & Kitchen,Cookware Set,Online,Consumer,Noah Santos,6,$61.51,$25.22,0%,$369.06,$0.00,$369.06,$151.32,$217.74,PayPal,4.2,No
104282,2025-09-21,Asia Pacific,South Korea,Home & Kitchen,Air Fryer,Retail Store,Consumer,Kenji Haddad,4,$108.81,$52.84,0%,$435.24,$0.00,$435.24,$211.36,$223.88,Cash,3.5,No
104283,2025-09-21,Europe,United Kingdom,Electronics,USB-C Hub,Retail Store,Enterprise,Noah Santos,7,$82.49,$48.85,0%,$577.43,$0.00,$577.43,$341.95,$235.48,Debit Card,5.0,No
104284,2025-09-21,North America,Canada,Office Supplies,Monitor Arm,Wholesale,Consumer,Taylor Patel,8,$229.31,$130.53,5%,"$1,834.48",$91.72,"$1,742.76","$1,044.24",$698.52,Bank Transfer,4.0,No
104285,2025-09-21,Asia Pacific,Singapore,Electronics,Power Bank,Online,Consumer,Sofia Kowalski,15,$231.20,$97.78,0%,"$3,468.00",$0.00,"$3,468.00","$1,466.70","$2,001.30",Debit Card,3.8,No
104286,2025-09-21,North America,United States,Home & Kitchen,Vacuum Cleaner,Marketplace,Consumer,Alex Reyes,2,$204.74,$92.51,0%,$409.48,$0.00,$409.48,$185.02,$224.46,Credit Card,4.4,No
104287,2025-09-21,Middle East & Africa,Nigeria,Office Supplies,Pen Set,Wholesale,Consumer,Elena Lindqvist,6,$93.78,$54.07,10%,$562.68,$56.27,$506.41,$324.42,$181.99,Debit Card,5.0,No
104288,2025-09-21,Latin America,Chile,Home & Kitchen,Toaster,Marketplace,Consumer,Alex Reyes,7,$89.06,$46.85,0%,$623.42,$0.00,$623.42,$327.95,$295.47,Debit Card,2.9,No
104289,2025-09-21,Asia Pacific,Japan,Electronics,Wireless Earbuds,Retail Store,Consumer,Riley Muller,4,$146.57,$61.21,0%,$586.28,$0.00,$586.28,$244.84,$341.44,PayPal,5.0,No
104290,2025-09-22,Asia Pacific,Australia,Electronics,Wireless Earbuds,Online,Consumer,Cameron Nakamura,2,$206.84,$85.00,5%,$413.68,$20.68,$393.00,$170.00,$223.00,Cash,4.6,No
104291,2025-09-22,Europe,France,Home & Kitchen,Blender,Online,Small Business,Priya Rossi,3,$52.80,$24.31,0%,$158.40,$0.00,$158.40,$72.93,$85.47,Debit Card,3.6,No
104292,2025-09-22,Asia Pacific,Japan,Office Supplies,Standing Desk,Retail Store,Enterprise,Sofia Kowalski,8,$208.00,$117.62,0%,"$1,664.00",$0.00,"$1,664.00",$940.96,$723.04,Credit Card,3.2,No
104293,2025-09-22,North America,United States,Home & Kitchen,Coffee Maker,Online,Consumer,Cameron Nakamura,1,$104.45,$41.89,0%,$104.45,$0.00,$104.45,$41.89,$62.56,Credit Card,4.3,No
104294,2025-09-22,Europe,Netherlands,Health & Beauty,Hair Dryer,Wholesale,Enterprise,Lucas Novak,6,$162.77,$90.81,0%,$976.62,$0.00,$976.62,$544.86,$431.76,PayPal,3.3,No
104295,2025-09-22,Asia Pacific,Australia,Health & Beauty,Yoga Mat,Retail Store,Consumer,Casey Garcia,5,$81.63,$46.12,0%,$408.15,$0.00,$408.15,$230.60,$177.55,Bank Transfer,4.8,No
104296,2025-09-22,Europe,United Kingdom,Electronics,Smartwatch,Retail Store,Consumer,Casey Garcia,13,$187.40,$76.52,0%,"$2,436.20",$0.00,"$2,436.20",$994.76,"$1,441.44",Credit Card,4.9,No
104297,2025-09-22,Asia Pacific,Australia,Apparel,Wool Sweater,Online,Consumer,Jordan Chen,21,$77.62,$48.75,5%,"$1,630.02",$81.50,"$1,548.52","$1,023.75",$524.77,Debit Card,4.1,No
104298,2025-09-23,North America,Canada,Office Supplies,Ergonomic Chair,Retail Store,Consumer,Lucas Novak,1,$267.00,$156.30,0%,$267.00,$0.00,$267.00,$156.30,$110.70,PayPal,4.8,No
104299,2025-09-23,Europe,Spain,Apparel,Sunglasses,Online,Small Business,Jordan Chen,10,$17.93,$9.81,0%,$179.30,$0.00,$179.30,$98.10,$81.20,Debit Card,3.5,No
104300,2025-09-23,Latin America,Colombia,Apparel,Running Shoes,Retail Store,Small Business,Wei Dubois,2,$51.94,$29.33,0%,$103.88,$0.00,$103.88,$58.66,$45.22,Credit Card,3.1,No
104301,2025-09-23,Latin America,Brazil,Home & Kitchen,Cookware Set,Wholesale,Small Business,Riley Muller,2,$97.21,$56.24,5%,$194.42,$9.72,$184.70,$112.48,$72.22,Credit Card,4.0,No
104302,2025-09-23,Latin America,Chile,Electronics,Smartwatch,Online,Consumer,Amara Costa,4,$335.62,$165.61,0%,"$1,342.48",$0.00,"$1,342.48",$662.44,$680.04,Credit Card,5.0,No
104303,2025-09-23,Latin America,Brazil,Home & Kitchen,Blender,Online,Small Business,Jordan Chen,4,$61.66,$39.56,0%,$246.64,$0.00,$246.64,$158.24,$88.40,Credit Card,4.5,No
104304,2025-09-23,Asia Pacific,Japan,Office Supplies,Pen Set,Online,Consumer,Fatima Ahmed,2,$253.29,$143.80,0%,$506.58,$0.00,$506.58,$287.60,$218.98,Debit Card,4.2,No
104305,2025-09-24,Europe,Italy,Health & Beauty,Yoga Mat,Retail Store,Consumer,Jordan Chen,1,$58.88,$33.54,10%,$58.88,$5.89,$52.99,$33.54,$19.45,Credit Card,4.4,No
104306,2025-09-24,Asia Pacific,China,Apparel,Denim Jacket,Retail Store,Consumer,Jordan Chen,5,$84.45,$37.15,0%,$422.25,$0.00,$422.25,$185.75,$236.50,Bank Transfer,5.0,No
104307,2025-09-24,Europe,Spain,Apparel,Sunglasses,Retail Store,Consumer,Riley Muller,5,$102.18,$61.64,0%,$510.90,$0.00,$510.90,$308.20,$202.70,PayPal,5.0,No
104308,2025-09-24,Latin America,Chile,Health & Beauty,Massage Gun,Retail Store,Small Business,Riley Muller,8,$114.26,$53.59,5%,$914.08,$45.70,$868.38,$428.72,$439.66,PayPal,4.4,No
104309,2025-09-24,Latin America,Argentina,Apparel,Wool Sweater,Online,Consumer,Drew Okafor,4,$47.83,$29.68,0%,$191.32,$0.00,$191.32,$118.72,$72.60,PayPal,3.8,No
104310,2025-09-24,Europe,France,Office Supplies,Notebook Set,Retail Store,Enterprise,Morgan Kim,14,$251.43,$119.16,0%,"$3,520.02",$0.00,"$3,520.02","$1,668.24","$1,851.78",PayPal,5.0,No
104311,2025-09-24,Europe,Italy,Electronics,Power Bank,Online,Small Business,Alex Reyes,11,$233.79,$117.69,0%,"$2,571.69",$0.00,"$2,571.69","$1,294.59","$1,277.10",PayPal,4.1,No
104312,2025-09-25,North America,Mexico,Apparel,Yoga Pants,Online,Enterprise,Taylor Patel,2,$117.56,$66.23,0%,$235.12,$0.00,$235.12,$132.46,$102.66,Credit Card,4.7,No
104313,2025-09-25,Europe,United Kingdom,Electronics,Bluetooth Speaker,Online,Small Business,Drew Okafor,5,$221.18,$99.63,15%,"$1,105.90",$165.89,$940.01,$498.15,$441.86,PayPal,4.6,No
104314,2025-09-25,Europe,Netherlands,Health & Beauty,Electric Toothbrush,Wholesale,Consumer,Kenji Haddad,15,$164.21,$97.42,0%,"$2,463.15",$0.00,"$2,463.15","$1,461.30","$1,001.85",Credit Card,4.5,No
104315,2025-09-25,North America,Mexico,Office Supplies,Standing Desk,Online,Consumer,Alex Reyes,2,$193.53,$113.74,0%,$387.06,$0.00,$387.06,$227.48,$159.58,Credit Card,4.3,No
104316,2025-09-25,North America,United States,Home & Kitchen,Cookware Set,Marketplace,Consumer,Amara Costa,1,$181.98,$98.59,0%,$181.98,$0.00,$181.98,$98.59,$83.39,Debit Card,5.0,No
104317,2025-09-25,North America,Canada,Health & Beauty,Electric Toothbrush,Marketplace,Small Business,Jamie Johansson,5,$121.04,$63.43,15%,$605.20,$90.78,$514.42,$317.15,$197.27,Credit Card,5.0,No
104318,2025-09-25,Asia Pacific,Singapore,Electronics,Bluetooth Speaker,Online,Consumer,Amara Costa,3,$48.16,$21.31,5%,$144.48,$7.22,$137.26,$63.93,$73.33,PayPal,3.6,No
104319,2025-09-26,Europe,Italy,Office Supplies,Ergonomic Chair,Online,Consumer,Cameron Nakamura,13,$229.25,$94.60,5%,"$2,980.25",$149.01,"$2,831.24","$1,229.80","$1,601.44",Debit Card,4.3,No
104320,2025-09-26,Asia Pacific,India,Office Supplies,Standing Desk,Online,Consumer,Lucas Novak,7,$136.95,$79.53,5%,$958.65,$47.93,$910.72,$556.71,$354.01,Credit Card,4.1,No
104321,2025-09-26,North America,Canada,Apparel,Sunglasses,Marketplace,Consumer,Jordan Chen,16,$23.69,$10.88,10%,$379.04,$37.90,$341.14,$174.08,$167.06,Credit Card,4.5,No
104322,2025-09-26,Europe,Spain,Electronics,Wireless Earbuds,Retail Store,Consumer,Taylor Patel,1,$137.86,$59.94,5%,$137.86,$6.89,$130.97,$59.94,$71.03,PayPal,4.1,No
104323,2025-09-26,Asia Pacific,China,Electronics,Smartwatch,Online,Small Business,Wei Dubois,12,$106.89,$59.88,0%,"$1,282.68",$0.00,"$1,282.68",$718.56,$564.12,Credit Card,3.4,No
104324,2025-09-27,Asia Pacific,China,Electronics,Wireless Earbuds,Online,Consumer,Jamie Johansson,15,$157.57,$83.11,5%,"$2,363.55",$118.18,"$2,245.37","$1,246.65",$998.72,PayPal,3.2,No
104325,2025-09-27,North America,Mexico,Home & Kitchen,Toaster,Retail Store,Consumer,Alex Reyes,6,$58.93,$24.56,10%,$353.58,$35.36,$318.22,$147.36,$170.86,Credit Card,4.2,No
104326,2025-09-27,Asia Pacific,China,Health & Beauty,Massage Gun,Retail Store,Enterprise,Priya Rossi,7,$124.76,$73.99,0%,$873.32,$0.00,$873.32,$517.93,$355.39,Debit Card,4.0,No
104327,2025-09-28,North America,Canada,Apparel,Wool Sweater,Marketplace,Small Business,Taylor Patel,12,$42.10,$26.29,0%,$505.20,$0.00,$505.20,$315.48,$189.72,Credit Card,4.6,No
104328,2025-09-28,Asia Pacific,Japan,Office Supplies,Notebook Set,Retail Store,Enterprise,Casey Garcia,6,$238.56,$128.34,0%,"$1,431.36",$0.00,"$1,431.36",$770.04,$661.32,Debit Card,4.3,No
104329,2025-09-28,Middle East & Africa,South Africa,Apparel,Running Shoes,Retail Store,Consumer,Wei Dubois,7,$59.93,$31.00,0%,$419.51,$0.00,$419.51,$217.00,$202.51,Cash,3.6,No
104330,2025-09-28,North America,Mexico,Health & Beauty,Fitness Tracker,Online,Consumer,Alex Reyes,4,$14.20,$6.99,0%,$56.80,$0.00,$56.80,$27.96,$28.84,Credit Card,4.0,No
104331,2025-09-28,Asia Pacific,Japan,Health & Beauty,Massage Gun,Marketplace,Enterprise,Jordan Chen,4,$116.40,$49.94,0%,$465.60,$0.00,$465.60,$199.76,$265.84,Credit Card,3.6,No
104332,2025-09-28,Asia Pacific,Australia,Health & Beauty,Skincare Set,Retail Store,Consumer,Noah Santos,8,$54.91,$34.11,0%,$439.28,$0.00,$439.28,$272.88,$166.40,Debit Card,3.5,No
104333,2025-09-28,North America,Mexico,Apparel,Running Shoes,Online,Consumer,Lucas Novak,4,$28.88,$11.84,10%,$115.52,$11.55,$103.97,$47.36,$56.61,Credit Card,4.1,No
104334,2025-09-28,North America,Canada,Electronics,Bluetooth Speaker,Marketplace,Small Business,Riley Muller,8,$273.05,$120.66,0%,"$2,184.40",$0.00,"$2,184.40",$965.28,"$1,219.12",Credit Card,4.3,Yes
104335,2025-09-29,Europe,Italy,Office Supplies,Notebook Set,Online,Consumer,Drew Okafor,2,$213.63,$107.14,0%,$427.26,$0.00,$427.26,$214.28,$212.98,Debit Card,3.6,No
104336,2025-09-29,North America,United States,Health & Beauty,Yoga Mat,Retail Store,Consumer,Casey Garcia,1,$94.61,$41.39,0%,$94.61,$0.00,$94.61,$41.39,$53.22,Debit Card,4.5,No
104337,2025-09-29,Asia Pacific,Japan,Office Supplies,Desk Organizer,Retail Store,Consumer,Priya Rossi,3,$228.17,$112.14,0%,$684.51,$0.00,$684.51,$336.42,$348.09,Debit Card,5.0,No
104338,2025-09-29,North America,United States,Office Supplies,Desk Organizer,Online,Consumer,Drew Okafor,12,$327.50,$201.75,0%,"$3,930.00",$0.00,"$3,930.00","$2,421.00","$1,509.00",Credit Card,5.0,No
104339,2025-09-29,North America,Mexico,Home & Kitchen,Coffee Maker,Marketplace,Consumer,Alex Reyes,6,$192.93,$104.21,10%,"$1,157.58",$115.76,"$1,041.82",$625.26,$416.56,Credit Card,4.3,No
104340,2025-09-29,North America,Mexico,Home & Kitchen,Toaster,Retail Store,Consumer,Casey Garcia,25,$32.48,$19.54,0%,$812.00,$0.00,$812.00,$488.50,$323.50,Credit Card,2.8,No
104341,2025-09-29,Europe,France,Electronics,Power Bank,Retail Store,Consumer,Elena Lindqvist,2,$107.41,$64.56,0%,$214.82,$0.00,$214.82,$129.12,$85.70,Credit Card,3.7,No
104342,2025-09-29,Latin America,Argentina,Health & Beauty,Hair Dryer,Online,Small Business,Lucas Novak,2,$138.45,$61.16,10%,$276.90,$27.69,$249.21,$122.32,$126.89,Credit Card,4.0,No
104343,2025-09-29,Europe,France,Office Supplies,Notebook Set,Marketplace,Small Business,Jordan Chen,19,$222.43,$105.04,10%,"$4,226.17",$422.62,"$3,803.55","$1,995.76","$1,807.79",PayPal,4.1,No
104344,2025-09-29,Latin America,Argentina,Apparel,Sunglasses,Online,Small Business,Sofia Kowalski,8,$70.07,$30.52,0%,$560.56,$0.00,$560.56,$244.16,$316.40,Debit Card,4.0,No
104345,2025-09-29,Europe,France,Apparel,Denim Jacket,Online,Consumer,Priya Rossi,8,$93.74,$58.35,15%,$749.92,$112.49,$637.43,$466.80,$170.63,Credit Card,5.0,No
104346,2025-09-30,Latin America,Argentina,Home & Kitchen,Cookware Set,Online,Small Business,Amara Costa,10,$76.26,$32.29,0%,$762.60,$0.00,$762.60,$322.90,$439.70,Credit Card,4.6,No
104347,2025-09-30,Asia Pacific,Australia,Apparel,Running Shoes,Online,Consumer,Sofia Kowalski,5,$57.15,$24.30,5%,$285.75,$14.29,$271.46,$121.50,$149.96,Credit Card,3.9,No
104348,2025-09-30,North America,Mexico,Office Supplies,Monitor Arm,Retail Store,Small Business,Sam Silva,9,$279.95,$171.11,0%,"$2,519.55",$0.00,"$2,519.55","$1,539.99",$979.56,Debit Card,3.8,No
104349,2025-09-30,Middle East & Africa,South Africa,Office Supplies,Ergonomic Chair,Marketplace,Consumer,Cameron Nakamura,1,$62.70,$40.63,0%,$62.70,$0.00,$62.70,$40.63,$22.07,Credit Card,4.1,No
104350,2025-09-30,Europe,Germany,Health & Beauty,Electric Toothbrush,Online,Consumer,Morgan Kim,4,$134.74,$60.92,5%,$538.96,$26.95,$512.01,$243.68,$268.33,Debit Card,5.0,No
104351,2025-09-30,Asia Pacific,India,Electronics,Wireless Earbuds,Retail Store,Consumer,Alex Reyes,7,$42.06,$23.42,0%,$294.42,$0.00,$294.42,$163.94,$130.48,Credit Card,4.1,No
104352,2025-10-01,Asia Pacific,South Korea,Office Supplies,Ergonomic Chair,Online,Consumer,Diego Weber,13,$383.37,$176.65,0%,"$4,983.81",$0.00,"$4,983.81","$2,296.45","$2,687.36",PayPal,3.7,No
104353,2025-10-01,Europe,Germany,Electronics,Smartwatch,Online,Consumer,Priya Rossi,13,$38.05,$24.29,0%,$494.65,$0.00,$494.65,$315.77,$178.88,Bank Transfer,4.4,No
104354,2025-10-01,Latin America,Brazil,Office Supplies,Ergonomic Chair,Online,Small Business,Noah Santos,3,$307.69,$145.60,0%,$923.07,$0.00,$923.07,$436.80,$486.27,Credit Card,3.8,No
104355,2025-10-01,North America,Canada,Office Supplies,Pen Set,Online,Consumer,Sofia Kowalski,13,$283.58,$120.10,10%,"$3,686.54",$368.65,"$3,317.89","$1,561.30","$1,756.59",Credit Card,3.3,No
104356,2025-10-01,Latin America,Colombia,Electronics,USB-C Hub,Retail Store,Consumer,Fatima Ahmed,9,$252.75,$138.97,0%,"$2,274.75",$0.00,"$2,274.75","$1,250.73","$1,024.02",Credit Card,4.2,No
104357,2025-10-01,Middle East & Africa,Saudi Arabia,Apparel,Denim Jacket,Wholesale,Consumer,Morgan Kim,10,$48.49,$30.43,15%,$484.90,$72.74,$412.16,$304.30,$107.86,PayPal,3.8,No
104358,2025-10-01,Europe,Spain,Home & Kitchen,Cookware Set,Online,Small Business,Jordan Chen,16,$108.57,$47.12,5%,"$1,737.12",$86.86,"$1,650.26",$753.92,$896.34,Debit Card,3.5,No
104359,2025-10-01,Europe,Spain,Office Supplies,Ergonomic Chair,Retail Store,Small Business,Wei Dubois,14,$104.76,$57.28,0%,"$1,466.64",$0.00,"$1,466.64",$801.92,$664.72,Credit Card,3.7,No
104360,2025-10-02,Europe,Germany,Home & Kitchen,Toaster,Marketplace,Consumer,Kenji Haddad,8,$217.47,$115.73,0%,"$1,739.76",$0.00,"$1,739.76",$925.84,$813.92,Debit Card,5.0,No
104361,2025-10-02,Asia Pacific,Singapore,Electronics,Power Bank,Marketplace,Enterprise,Diego Weber,2,$67.31,$28.13,15%,$134.62,$20.19,$114.43,$56.26,$58.17,PayPal,4.9,No
104362,2025-10-02,Latin America,Chile,Apparel,Sunglasses,Marketplace,Consumer,Sam Silva,12,$112.46,$49.95,20%,"$1,349.52",$269.90,"$1,079.62",$599.40,$480.22,PayPal,5.0,No
104363,2025-10-02,North America,United States,Health & Beauty,Hair Dryer,Wholesale,Consumer,Cameron Nakamura,3,$82.36,$40.99,15%,$247.08,$37.06,$210.02,$122.97,$87.05,Credit Card,4.4,No
104364,2025-10-02,Europe,Italy,Home & Kitchen,Blender,Retail Store,Consumer,Amara Costa,4,$56.99,$27.63,0%,$227.96,$0.00,$227.96,$110.52,$117.44,Credit Card,3.7,No
104365,2025-10-03,Asia Pacific,Singapore,Office Supplies,Notebook Set,Wholesale,Consumer,Fatima Ahmed,1,$123.33,$67.05,15%,$123.33,$18.50,$104.83,$67.05,$37.78,PayPal,3.5,No
104366,2025-10-03,Latin America,Colombia,Apparel,Wool Sweater,Marketplace,Consumer,Fatima Ahmed,7,$110.35,$61.28,5%,$772.45,$38.62,$733.83,$428.96,$304.87,Debit Card,4.0,No
104367,2025-10-03,Asia Pacific,Singapore,Apparel,Yoga Pants,Online,Consumer,Kenji Haddad,4,$30.98,$17.80,0%,$123.92,$0.00,$123.92,$71.20,$52.72,Bank Transfer,3.6,No
104368,2025-10-03,North America,Canada,Home & Kitchen,Blender,Marketplace,Consumer,Jordan Chen,9,$151.45,$71.45,0%,"$1,363.05",$0.00,"$1,363.05",$643.05,$720.00,Credit Card,3.7,No
104369,2025-10-03,North America,Mexico,Health & Beauty,Yoga Mat,Marketplace,Small Business,Alex Reyes,11,$133.88,$57.91,20%,"$1,472.68",$294.54,"$1,178.14",$637.01,$541.13,Debit Card,4.1,No
104370,2025-10-04,Asia Pacific,China,Electronics,Bluetooth Speaker,Marketplace,Consumer,Drew Okafor,4,$153.86,$79.64,0%,$615.44,$0.00,$615.44,$318.56,$296.88,Cash,4.7,No
104371,2025-10-04,Europe,Spain,Health & Beauty,Yoga Mat,Online,Enterprise,Diego Weber,2,$109.44,$69.68,0%,$218.88,$0.00,$218.88,$139.36,$79.52,Credit Card,4.4,No
104372,2025-10-04,North America,Canada,Electronics,Wireless Earbuds,Retail Store,Consumer,Alex Reyes,3,$299.70,$177.21,10%,$899.10,$89.91,$809.19,$531.63,$277.56,Credit Card,2.7,Yes
104373,2025-10-04,Asia Pacific,China,Home & Kitchen,Vacuum Cleaner,Marketplace,Enterprise,Cameron Nakamura,2,$188.05,$85.09,0%,$376.10,$0.00,$376.10,$170.18,$205.92,Credit Card,3.5,No
104374,2025-10-04,North America,Canada,Apparel,Sunglasses,Online,Consumer,Casey Garcia,10,$49.67,$28.65,5%,$496.70,$24.84,$471.86,$286.50,$185.36,Debit Card,4.9,No
104375,2025-10-05,Asia Pacific,China,Health & Beauty,Yoga Mat,Marketplace,Small Business,Jordan Chen,3,$93.77,$51.91,10%,$281.31,$28.13,$253.18,$155.73,$97.45,Debit Card,3.9,No
104376,2025-10-05,Asia Pacific,China,Electronics,Power Bank,Online,Consumer,Diego Weber,10,$96.54,$51.37,10%,$965.40,$96.54,$868.86,$513.70,$355.16,Debit Card,5.0,No
104377,2025-10-05,Europe,Spain,Health & Beauty,Fitness Tracker,Retail Store,Consumer,Fatima Ahmed,4,$44.05,$21.65,0%,$176.20,$0.00,$176.20,$86.60,$89.60,Credit Card,4.7,No
104378,2025-10-05,North America,Canada,Electronics,Smartwatch,Online,Small Business,Alex Reyes,1,$27.62,$14.06,0%,$27.62,$0.00,$27.62,$14.06,$13.56,Debit Card,3.6,No
104379,2025-10-05,North America,United States,Apparel,Denim Jacket,Online,Consumer,Kenji Haddad,4,$135.05,$68.05,0%,$540.20,$0.00,$540.20,$272.20,$268.00,Credit Card,4.1,No
104380,2025-10-05,North America,United States,Home & Kitchen,Vacuum Cleaner,Online,Consumer,Wei Dubois,5,$154.04,$95.23,0%,$770.20,$0.00,$770.20,$476.15,$294.05,Debit Card,3.1,No
104381,2025-10-06,North America,United States,Office Supplies,Standing Desk,Wholesale,Consumer,Riley Muller,4,$250.19,$102.37,0%,"$1,000.76",$0.00,"$1,000.76",$409.48,$591.28,PayPal,5.0,No
104382,2025-10-06,Asia Pacific,Japan,Apparel,Running Shoes,Retail Store,Small Business,Jamie Johansson,5,$92.57,$46.30,0%,$462.85,$0.00,$462.85,$231.50,$231.35,Credit Card,4.8,No
104383,2025-10-06,Latin America,Argentina,Apparel,Sunglasses,Online,Enterprise,Cameron Nakamura,16,$93.96,$60.34,15%,"$1,503.36",$225.50,"$1,277.86",$965.44,$312.42,Debit Card,4.3,No
104384,2025-10-06,Asia Pacific,China,Electronics,Laptop Stand,Online,Consumer,Jordan Chen,11,$243.36,$121.92,0%,"$2,676.96",$0.00,"$2,676.96","$1,341.12","$1,335.84",Credit Card,5.0,No
104385,2025-10-06,North America,Mexico,Office Supplies,Pen Set,Online,Small Business,Sam Silva,6,$396.94,$169.89,0%,"$2,381.64",$0.00,"$2,381.64","$1,019.34","$1,362.30",Debit Card,3.3,No
104386,2025-10-06,North America,United States,Apparel,Wool Sweater,Wholesale,Enterprise,Taylor Patel,5,$70.77,$38.57,0%,$353.85,$0.00,$353.85,$192.85,$161.00,Debit Card,4.9,No
104387,2025-10-06,North America,Mexico,Apparel,Wool Sweater,Online,Consumer,Elena Lindqvist,4,$96.66,$47.08,20%,$386.64,$77.33,$309.31,$188.32,$120.99,Cash,4.8,No
104388,2025-10-06,North America,Canada,Health & Beauty,Massage Gun,Retail Store,Enterprise,Amara Costa,11,$167.28,$85.69,15%,"$1,840.08",$276.01,"$1,564.07",$942.59,$621.48,Credit Card,4.1,No
104389,2025-10-06,Europe,France,Apparel,Yoga Pants,Marketplace,Small Business,Noah Santos,4,$118.48,$64.08,20%,$473.92,$94.78,$379.14,$256.32,$122.82,Credit Card,3.8,No
104390,2025-10-06,North America,United States,Home & Kitchen,Air Fryer,Online,Enterprise,Taylor Patel,5,$48.99,$25.72,20%,$244.95,$48.99,$195.96,$128.60,$67.36,Credit Card,3.1,No
104391,2025-10-07,North America,United States,Home & Kitchen,Vacuum Cleaner,Online,Enterprise,Amara Costa,12,$30.94,$17.16,0%,$371.28,$0.00,$371.28,$205.92,$165.36,Credit Card,4.2,No
104392,2025-10-07,Europe,United Kingdom,Office Supplies,Ergonomic Chair,Marketplace,Consumer,Amara Costa,3,$162.08,$70.31,0%,$486.24,$0.00,$486.24,$210.93,$275.31,Cash,3.4,No
104393,2025-10-07,Asia Pacific,India,Office Supplies,Pen Set,Retail Store,Consumer,Jordan Chen,8,$290.94,$145.34,10%,"$2,327.52",$232.75,"$2,094.77","$1,162.72",$932.05,Credit Card,5.0,No
104394,2025-10-07,North America,United States,Apparel,Running Shoes,Wholesale,Small Business,Jamie Johansson,6,$78.72,$48.28,0%,$472.32,$0.00,$472.32,$289.68,$182.64,Debit Card,2.8,No
104395,2025-10-07,North America,United States,Office Supplies,Monitor Arm,Online,Consumer,Wei Dubois,5,$58.33,$36.98,0%,$291.65,$0.00,$291.65,$184.90,$106.75,Debit Card,4.4,No
104396,2025-10-07,Europe,Spain,Apparel,Backpack,Wholesale,Consumer,Diego Weber,10,$81.97,$42.46,0%,$819.70,$0.00,$819.70,$424.60,$395.10,Debit Card,4.8,No
104397,2025-10-07,North America,Canada,Home & Kitchen,Blender,Online,Consumer,Cameron Nakamura,1,$122.06,$71.11,20%,$122.06,$24.41,$97.65,$71.11,$26.54,Credit Card,3.8,No
104398,2025-10-07,North America,Mexico,Health & Beauty,Yoga Mat,Retail Store,Consumer,Cameron Nakamura,21,$162.38,$67.91,0%,"$3,409.98",$0.00,"$3,409.98","$1,426.11","$1,983.87",Bank Transfer,4.4,No
104399,2025-10-07,Asia Pacific,Singapore,Health & Beauty,Fitness Tracker,Online,Consumer,Taylor Patel,19,$144.86,$69.59,0%,"$2,752.34",$0.00,"$2,752.34","$1,322.21","$1,430.13",Debit Card,3.1,No
104400,2025-10-08,Latin America,Chile,Home & Kitchen,Toaster,Marketplace,Consumer,Jamie Johansson,4,$169.50,$69.61,0%,$678.00,$0.00,$678.00,$278.44,$399.56,Debit Card,3.9,No
104401,2025-10-08,Asia Pacific,China,Office Supplies,Monitor Arm,Retail Store,Small Business,Riley Muller,5,$74.13,$34.79,0%,$370.65,$0.00,$370.65,$173.95,$196.70,PayPal,4.9,No
104402,2025-10-08,Europe,Netherlands,Electronics,Power Bank,Wholesale,Small Business,Cameron Nakamura,10,$106.51,$62.32,0%,"$1,065.10",$0.00,"$1,065.10",$623.20,$441.90,PayPal,4.2,No
104403,2025-10-08,Europe,France,Health & Beauty,Fitness Tracker,Retail Store,Small Business,Noah Santos,9,$44.14,$22.52,0%,$397.26,$0.00,$397.26,$202.68,$194.58,PayPal,3.8,No
104404,2025-10-09,North America,Mexico,Health & Beauty,Skincare Set,Marketplace,Consumer,Cameron Nakamura,8,$121.97,$64.39,0%,$975.76,$0.00,$975.76,$515.12,$460.64,Bank Transfer,3.5,No
104405,2025-10-09,Europe,Germany,Home & Kitchen,Coffee Maker,Online,Consumer,Alex Reyes,3,$136.49,$64.29,0%,$409.47,$0.00,$409.47,$192.87,$216.60,PayPal,3.9,No
104406,2025-10-09,North America,Canada,Health & Beauty,Massage Gun,Online,Small Business,Jamie Johansson,1,$144.34,$65.55,5%,$144.34,$7.22,$137.12,$65.55,$71.57,Credit Card,4.2,No
104407,2025-10-09,North America,United States,Electronics,Laptop Stand,Online,Consumer,Taylor Patel,3,$116.71,$57.83,0%,$350.13,$0.00,$350.13,$173.49,$176.64,PayPal,5.0,No
104408,2025-10-09,North America,United States,Home & Kitchen,Vacuum Cleaner,Online,Small Business,Fatima Ahmed,4,$72.42,$42.86,0%,$289.68,$0.00,$289.68,$171.44,$118.24,PayPal,4.9,No
104409,2025-10-09,North America,United States,Apparel,Wool Sweater,Online,Enterprise,Kenji Haddad,11,$146.38,$75.00,0%,"$1,610.18",$0.00,"$1,610.18",$825.00,$785.18,Credit Card,4.3,No
104410,2025-10-09,North America,Mexico,Office Supplies,Ergonomic Chair,Online,Consumer,Lucas Novak,8,$344.76,$190.50,5%,"$2,758.08",$137.90,"$2,620.18","$1,524.00","$1,096.18",Cash,3.8,No
104411,2025-10-09,North America,Canada,Home & Kitchen,Coffee Maker,Marketplace,Small Business,Jordan Chen,14,$46.00,$22.25,15%,$644.00,$96.60,$547.40,$311.50,$235.90,Credit Card,5.0,No
104412,2025-10-09,Asia Pacific,South Korea,Health & Beauty,Fitness Tracker,Online,Consumer,Morgan Kim,3,$13.13,$6.82,10%,$39.39,$3.94,$35.45,$20.46,$14.99,Bank Transfer,4.7,No
104413,2025-10-09,Asia Pacific,South Korea,Electronics,USB-C Hub,Retail Store,Consumer,Taylor Patel,6,$224.82,$118.89,5%,"$1,348.92",$67.45,"$1,281.47",$713.34,$568.13,Credit Card,4.1,No
104414,2025-10-09,Asia Pacific,Australia,Electronics,USB-C Hub,Wholesale,Consumer,Cameron Nakamura,3,$183.41,$79.02,0%,$550.23,$0.00,$550.23,$237.06,$313.17,Debit Card,4.5,No
104415,2025-10-09,North America,United States,Health & Beauty,Skincare Set,Online,Consumer,Elena Lindqvist,7,$43.19,$21.08,10%,$302.33,$30.23,$272.10,$147.56,$124.54,Debit Card,4.2,No
104416,2025-10-10,Middle East & Africa,Saudi Arabia,Apparel,Yoga Pants,Online,Enterprise,Kenji Haddad,3,$84.63,$51.19,5%,$253.89,$12.69,$241.20,$153.57,$87.63,Credit Card,4.7,No
104417,2025-10-10,North America,Mexico,Electronics,Wireless Earbuds,Marketplace,Small Business,Casey Garcia,6,$265.54,$109.08,0%,"$1,593.24",$0.00,"$1,593.24",$654.48,$938.76,Credit Card,4.3,No
104418,2025-10-10,Latin America,Colombia,Health & Beauty,Electric Toothbrush,Online,Consumer,Drew Okafor,12,$161.20,$98.15,0%,"$1,934.40",$0.00,"$1,934.40","$1,177.80",$756.60,Credit Card,4.7,No
104419,2025-10-10,North America,United States,Home & Kitchen,Coffee Maker,Online,Consumer,Kenji Haddad,4,$199.16,$81.22,5%,$796.64,$39.83,$756.81,$324.88,$431.93,PayPal,5.0,No
104420,2025-10-10,Europe,France,Electronics,USB-C Hub,Online,Consumer,Cameron Nakamura,6,$69.77,$36.38,0%,$418.62,$0.00,$418.62,$218.28,$200.34,Bank Transfer,3.8,No
104421,2025-10-11,North America,Mexico,Home & Kitchen,Cookware Set,Wholesale,Consumer,Noah Santos,8,$190.55,$84.52,0%,"$1,524.40",$0.00,"$1,524.40",$676.16,$848.24,Cash,3.3,No
104422,2025-10-11,Middle East & Africa,UAE,Electronics,Laptop Stand,Online,Small Business,Morgan Kim,5,$130.14,$74.23,0%,$650.70,$0.00,$650.70,$371.15,$279.55,PayPal,4.1,No
104423,2025-10-11,North America,Mexico,Apparel,Yoga Pants,Online,Small Business,Wei Dubois,10,$62.12,$29.97,10%,$621.20,$62.12,$559.08,$299.70,$259.38,Credit Card,3.7,No
104424,2025-10-11,Europe,France,Home & Kitchen,Cookware Set,Online,Small Business,Alex Reyes,6,$88.63,$39.83,15%,$531.78,$79.77,$452.01,$238.98,$213.03,PayPal,4.7,No
104425,2025-10-11,Asia Pacific,China,Health & Beauty,Skincare Set,Online,Small Business,Morgan Kim,5,$17.94,$9.34,15%,$89.70,$13.46,$76.24,$46.70,$29.54,Credit Card,4.1,No
104426,2025-10-11,Europe,Italy,Health & Beauty,Electric Toothbrush,Marketplace,Consumer,Fatima Ahmed,18,$63.94,$28.31,0%,"$1,150.92",$0.00,"$1,150.92",$509.58,$641.34,Debit Card,4.1,No
104427,2025-10-11,Europe,Germany,Home & Kitchen,Cookware Set,Retail Store,Enterprise,Priya Rossi,9,$64.24,$37.36,0%,$578.16,$0.00,$578.16,$336.24,$241.92,Debit Card,3.7,No
104428,2025-10-11,North America,United States,Electronics,Wireless Earbuds,Online,Small Business,Drew Okafor,4,$323.53,$154.08,20%,"$1,294.12",$258.82,"$1,035.30",$616.32,$418.98,PayPal,2.9,Yes
104429,2025-10-11,North America,United States,Office Supplies,Notebook Set,Online,Consumer,Alex Reyes,6,$94.44,$60.91,5%,$566.64,$28.33,$538.31,$365.46,$172.85,Bank Transfer,4.9,No
104430,2025-10-11,Europe,France,Office Supplies,Standing Desk,Retail Store,Small Business,Jordan Chen,5,$47.67,$26.22,0%,$238.35,$0.00,$238.35,$131.10,$107.25,Bank Transfer,4.7,No
104431,2025-10-11,Europe,Germany,Electronics,Smartwatch,Marketplace,Consumer,Casey Garcia,20,$163.75,$77.55,10%,"$3,275.00",$327.50,"$2,947.50","$1,551.00","$1,396.50",Credit Card,3.7,No
104432,2025-10-12,Europe,Netherlands,Electronics,Smartwatch,Retail Store,Consumer,Riley Muller,5,$150.84,$79.59,15%,$754.20,$113.13,$641.07,$397.95,$243.12,Credit Card,3.2,No
104433,2025-10-12,Asia Pacific,Australia,Home & Kitchen,Toaster,Retail Store,Consumer,Jordan Chen,3,$99.36,$61.25,0%,$298.08,$0.00,$298.08,$183.75,$114.33,Debit Card,4.6,No
104434,2025-10-12,Asia Pacific,Australia,Home & Kitchen,Vacuum Cleaner,Retail Store,Consumer,Cameron Nakamura,6,$81.67,$39.71,10%,$490.02,$49.00,$441.02,$238.26,$202.76,Credit Card,3.9,No
104435,2025-10-12,North America,Canada,Electronics,Smartwatch,Online,Small Business,Morgan Kim,4,$187.91,$115.48,0%,$751.64,$0.00,$751.64,$461.92,$289.72,Bank Transfer,4.2,Yes
104436,2025-10-12,North America,Canada,Home & Kitchen,Toaster,Retail Store,Small Business,Jordan Chen,7,$51.24,$32.13,5%,$358.68,$17.93,$340.75,$224.91,$115.84,Cash,4.3,No
104437,2025-10-12,Latin America,Brazil,Electronics,Bluetooth Speaker,Retail Store,Consumer,Alex Reyes,10,$234.79,$125.55,0%,"$2,347.90",$0.00,"$2,347.90","$1,255.50","$1,092.40",PayPal,2.5,No
104438,2025-10-13,North America,Mexico,Home & Kitchen,Blender,Retail Store,Consumer,Kenji Haddad,14,$155.73,$64.69,0%,"$2,180.22",$0.00,"$2,180.22",$905.66,"$1,274.56",Debit Card,4.1,No
104439,2025-10-13,Europe,Italy,Office Supplies,Pen Set,Online,Consumer,Alex Reyes,9,$108.83,$63.49,0%,$979.47,$0.00,$979.47,$571.41,$408.06,Credit Card,4.2,No
104440,2025-10-13,Europe,France,Apparel,Yoga Pants,Retail Store,Small Business,Elena Lindqvist,6,$107.67,$58.56,0%,$646.02,$0.00,$646.02,$351.36,$294.66,PayPal,4.4,Yes
104441,2025-10-13,Asia Pacific,Japan,Home & Kitchen,Air Fryer,Online,Enterprise,Casey Garcia,2,$192.03,$96.79,15%,$384.06,$57.61,$326.45,$193.58,$132.87,PayPal,4.3,No
104442,2025-10-14,North America,Mexico,Electronics,Bluetooth Speaker,Online,Consumer,Casey Garcia,4,$206.29,$108.03,0%,$825.16,$0.00,$825.16,$432.12,$393.04,Credit Card,4.0,No
104443,2025-10-14,North America,United States,Health & Beauty,Skincare Set,Retail Store,Consumer,Kenji Haddad,7,$62.74,$40.51,0%,$439.18,$0.00,$439.18,$283.57,$155.61,Cash,4.4,No
104444,2025-10-14,North America,Mexico,Health & Beauty,Hair Dryer,Marketplace,Small Business,Priya Rossi,2,$112.13,$62.19,0%,$224.26,$0.00,$224.26,$124.38,$99.88,Debit Card,4.5,No
104445,2025-10-14,North America,Mexico,Office Supplies,Monitor Arm,Marketplace,Small Business,Morgan Kim,1,$272.70,$168.30,10%,$272.70,$27.27,$245.43,$168.30,$77.13,Debit Card,4.1,No
104446,2025-10-14,North America,Canada,Office Supplies,Standing Desk,Marketplace,Consumer,Noah Santos,4,$392.35,$243.64,5%,"$1,569.40",$78.47,"$1,490.93",$974.56,$516.37,Credit Card,5.0,No
104447,2025-10-14,North America,Canada,Office Supplies,Ergonomic Chair,Online,Small Business,Riley Muller,4,$201.29,$111.46,0%,$805.16,$0.00,$805.16,$445.84,$359.32,Debit Card,5.0,No
104448,2025-10-14,North America,Mexico,Office Supplies,Notebook Set,Retail Store,Consumer,Sam Silva,14,$378.18,$196.56,0%,"$5,294.52",$0.00,"$5,294.52","$2,751.84","$2,542.68",Debit Card,3.7,No
104449,2025-10-15,Latin America,Argentina,Apparel,Yoga Pants,Online,Small Business,Taylor Patel,5,$79.49,$33.12,0%,$397.45,$0.00,$397.45,$165.60,$231.85,PayPal,4.6,No
104450,2025-10-15,Asia Pacific,South Korea,Home & Kitchen,Blender,Marketplace,Consumer,Sam Silva,6,$141.92,$59.27,0%,$851.52,$0.00,$851.52,$355.62,$495.90,Credit Card,3.4,No
104451,2025-10-15,Middle East & Africa,South Africa,Electronics,Bluetooth Speaker,Retail Store,Small Business,Sofia Kowalski,16,$269.83,$143.29,5%,"$4,317.28",$215.86,"$4,101.42","$2,292.64","$1,808.78",Debit Card,4.7,No
104452,2025-10-15,North America,Canada,Electronics,Laptop Stand,Online,Consumer,Elena Lindqvist,12,$227.82,$125.23,10%,"$2,733.84",$273.38,"$2,460.46","$1,502.76",$957.70,Bank Transfer,4.6,No
104453,2025-10-15,Europe,Germany,Electronics,Smartwatch,Retail Store,Enterprise,Amara Costa,7,$271.76,$165.08,10%,"$1,902.32",$190.23,"$1,712.09","$1,155.56",$556.53,Credit Card,4.1,No
104454,2025-10-15,Middle East & Africa,Saudi Arabia,Health & Beauty,Yoga Mat,Retail Store,Consumer,Jordan Chen,2,$65.91,$29.63,10%,$131.82,$13.18,$118.64,$59.26,$59.38,Credit Card,3.8,No
104455,2025-10-15,North America,Canada,Apparel,Wool Sweater,Marketplace,Small Business,Noah Santos,11,$90.26,$49.50,0%,$992.86,$0.00,$992.86,$544.50,$448.36,Credit Card,5.0,No
104456,2025-10-16,Europe,Netherlands,Office Supplies,Ergonomic Chair,Online,Consumer,Priya Rossi,10,$300.00,$187.42,0%,"$3,000.00",$0.00,"$3,000.00","$1,874.20","$1,125.80",Credit Card,4.0,No
104457,2025-10-16,Latin America,Brazil,Health & Beauty,Yoga Mat,Wholesale,Consumer,Fatima Ahmed,18,$161.11,$85.76,10%,"$2,899.98",$290.00,"$2,609.98","$1,543.68","$1,066.30",Bank Transfer,3.8,No
104458,2025-10-16,North America,Mexico,Electronics,Bluetooth Speaker,Marketplace,Consumer,Elena Lindqvist,3,$331.12,$172.42,0%,$993.36,$0.00,$993.36,$517.26,$476.10,Credit Card,4.3,No
104459,2025-10-16,North America,United States,Home & Kitchen,Vacuum Cleaner,Wholesale,Consumer,Sam Silva,5,$47.95,$24.13,5%,$239.75,$11.99,$227.76,$120.65,$107.11,Debit Card,4.1,No
104460,2025-10-16,Asia Pacific,China,Health & Beauty,Hair Dryer,Online,Consumer,Morgan Kim,4,$90.14,$57.98,15%,$360.56,$54.08,$306.48,$231.92,$74.56,Cash,5.0,No
104461,2025-10-16,North America,Canada,Health & Beauty,Massage Gun,Online,Enterprise,Sam Silva,7,$126.82,$53.45,0%,$887.74,$0.00,$887.74,$374.15,$513.59,PayPal,2.4,No
104462,2025-10-16,Europe,Netherlands,Home & Kitchen,Toaster,Online,Small Business,Sofia Kowalski,1,$208.64,$121.91,5%,$208.64,$10.43,$198.21,$121.91,$76.30,Credit Card,3.8,No
104463,2025-10-16,Asia Pacific,India,Electronics,Power Bank,Online,Small Business,Casey Garcia,4,$254.27,$150.89,0%,"$1,017.08",$0.00,"$1,017.08",$603.56,$413.52,Credit Card,4.2,No
104464,2025-10-16,Asia Pacific,India,Health & Beauty,Massage Gun,Marketplace,Consumer,Elena Lindqvist,8,$175.42,$111.80,0%,"$1,403.36",$0.00,"$1,403.36",$894.40,$508.96,PayPal,4.3,No
104465,2025-10-17,Europe,Netherlands,Office Supplies,Standing Desk,Wholesale,Consumer,Fatima Ahmed,9,$281.08,$153.37,0%,"$2,529.72",$0.00,"$2,529.72","$1,380.33","$1,149.39",Credit Card,4.6,No
104466,2025-10-17,Europe,Spain,Office Supplies,Monitor Arm,Marketplace,Small Business,Noah Santos,6,$154.85,$100.26,0%,$929.10,$0.00,$929.10,$601.56,$327.54,PayPal,3.9,No
104467,2025-10-17,North America,United States,Office Supplies,Monitor Arm,Wholesale,Consumer,Diego Weber,4,$393.08,$168.84,10%,"$1,572.32",$157.23,"$1,415.09",$675.36,$739.73,Bank Transfer,4.3,No
104468,2025-10-17,Latin America,Brazil,Apparel,Backpack,Marketplace,Consumer,Casey Garcia,1,$25.33,$16.46,0%,$25.33,$0.00,$25.33,$16.46,$8.87,Credit Card,3.0,No
104469,2025-10-17,Middle East & Africa,Saudi Arabia,Office Supplies,Monitor Arm,Marketplace,Small Business,Amara Costa,2,$381.88,$158.12,5%,$763.76,$38.19,$725.57,$316.24,$409.33,Credit Card,3.4,No
104470,2025-10-17,North America,Mexico,Office Supplies,Desk Organizer,Online,Consumer,Diego Weber,2,$77.10,$45.27,0%,$154.20,$0.00,$154.20,$90.54,$63.66,Debit Card,4.0,No
104471,2025-10-18,Asia Pacific,South Korea,Health & Beauty,Massage Gun,Retail Store,Enterprise,Casey Garcia,18,$161.83,$66.30,15%,"$2,912.94",$436.94,"$2,476.00","$1,193.40","$1,282.60",Credit Card,5.0,No
104472,2025-10-18,North America,United States,Office Supplies,Monitor Arm,Marketplace,Consumer,Morgan Kim,5,$321.59,$168.94,0%,"$1,607.95",$0.00,"$1,607.95",$844.70,$763.25,Debit Card,4.2,No
104473,2025-10-18,Europe,United Kingdom,Home & Kitchen,Cookware Set,Online,Small Business,Kenji Haddad,6,$57.96,$37.35,0%,$347.76,$0.00,$347.76,$224.10,$123.66,PayPal,3.3,No
104474,2025-10-18,Latin America,Brazil,Home & Kitchen,Coffee Maker,Retail Store,Enterprise,Morgan Kim,4,$62.39,$27.07,5%,$249.56,$12.48,$237.08,$108.28,$128.80,Debit Card,4.3,No
104475,2025-10-18,Asia Pacific,China,Home & Kitchen,Coffee Maker,Retail Store,Consumer,Sofia Kowalski,13,$74.09,$39.65,0%,$963.17,$0.00,$963.17,$515.45,$447.72,PayPal,3.4,No
104476,2025-10-18,North America,Mexico,Home & Kitchen,Blender,Marketplace,Small Business,Amara Costa,3,$180.56,$101.84,15%,$541.68,$81.25,$460.43,$305.52,$154.91,Credit Card,4.1,No
104477,2025-10-18,Europe,France,Electronics,USB-C Hub,Marketplace,Small Business,Riley Muller,9,$48.25,$24.20,0%,$434.25,$0.00,$434.25,$217.80,$216.45,PayPal,4.2,No
104478,2025-10-19,Asia Pacific,China,Electronics,Power Bank,Online,Consumer,Kenji Haddad,3,$82.55,$49.12,10%,$247.65,$24.76,$222.89,$147.36,$75.53,Debit Card,4.4,No
104479,2025-10-19,Europe,Italy,Home & Kitchen,Air Fryer,Retail Store,Consumer,Jamie Johansson,6,$58.13,$33.95,5%,$348.78,$17.44,$331.34,$203.70,$127.64,PayPal,4.6,No
104480,2025-10-19,Latin America,Brazil,Office Supplies,Notebook Set,Retail Store,Consumer,Kenji Haddad,7,$121.06,$69.70,0%,$847.42,$0.00,$847.42,$487.90,$359.52,Bank Transfer,4.2,No
104481,2025-10-19,Latin America,Chile,Health & Beauty,Massage Gun,Online,Small Business,Amara Costa,9,$21.70,$8.91,5%,$195.30,$9.76,$185.54,$80.19,$105.35,Credit Card,3.6,No
104482,2025-10-19,North America,Mexico,Home & Kitchen,Coffee Maker,Online,Enterprise,Noah Santos,20,$65.29,$38.08,0%,"$1,305.80",$0.00,"$1,305.80",$761.60,$544.20,Credit Card,5.0,No
104483,2025-10-19,Latin America,Argentina,Health & Beauty,Electric Toothbrush,Online,Small Business,Sofia Kowalski,7,$67.22,$33.49,0%,$470.54,$0.00,$470.54,$234.43,$236.11,Credit Card,4.2,No
104484,2025-10-19,Latin America,Colombia,Health & Beauty,Massage Gun,Retail Store,Consumer,Kenji Haddad,9,$61.15,$36.99,15%,$550.35,$82.55,$467.80,$332.91,$134.89,Cash,3.9,No
104485,2025-10-19,Latin America,Chile,Electronics,Laptop Stand,Retail Store,Small Business,Fatima Ahmed,5,$64.68,$27.40,0%,$323.40,$0.00,$323.40,$137.00,$186.40,Bank Transfer,2.6,No
104486,2025-10-19,Europe,France,Office Supplies,Pen Set,Online,Enterprise,Alex Reyes,1,$381.98,$241.29,5%,$381.98,$19.10,$362.88,$241.29,$121.59,Debit Card,4.5,No
104487,2025-10-20,Latin America,Chile,Home & Kitchen,Blender,Marketplace,Consumer,Lucas Novak,8,$188.91,$103.14,0%,"$1,511.28",$0.00,"$1,511.28",$825.12,$686.16,Credit Card,4.5,No
104488,2025-10-20,Middle East & Africa,South Africa,Home & Kitchen,Coffee Maker,Online,Consumer,Kenji Haddad,1,$115.06,$62.93,0%,$115.06,$0.00,$115.06,$62.93,$52.13,Bank Transfer,4.0,No
104489,2025-10-20,Asia Pacific,China,Office Supplies,Pen Set,Retail Store,Small Business,Lucas Novak,7,$225.08,$131.88,0%,"$1,575.56",$0.00,"$1,575.56",$923.16,$652.40,Credit Card,4.2,No
104490,2025-10-20,Asia Pacific,Australia,Office Supplies,Desk Organizer,Online,Small Business,Amara Costa,19,$393.62,$176.81,0%,"$7,478.78",$0.00,"$7,478.78","$3,359.39","$4,119.39",Credit Card,4.5,No
104491,2025-10-20,North America,Mexico,Home & Kitchen,Air Fryer,Retail Store,Consumer,Fatima Ahmed,6,$129.53,$69.04,0%,$777.18,$0.00,$777.18,$414.24,$362.94,Credit Card,4.3,No
104492,2025-10-20,Middle East & Africa,South Africa,Home & Kitchen,Blender,Retail Store,Small Business,Cameron Nakamura,2,$174.80,$105.50,0%,$349.60,$0.00,$349.60,$211.00,$138.60,Bank Transfer,4.5,No
104493,2025-10-20,Europe,Spain,Electronics,Smartwatch,Retail Store,Consumer,Sam Silva,6,$145.99,$78.36,5%,$875.94,$43.80,$832.14,$470.16,$361.98,Credit Card,3.7,No
104494,2025-10-20,Asia Pacific,Japan,Home & Kitchen,Vacuum Cleaner,Retail Store,Consumer,Riley Muller,8,$35.71,$21.14,0%,$285.68,$0.00,$285.68,$169.12,$116.56,Cash,4.7,No
104495,2025-10-20,Asia Pacific,India,Apparel,Sunglasses,Marketplace,Consumer,Taylor Patel,5,$78.89,$49.21,0%,$394.45,$0.00,$394.45,$246.05,$148.40,Credit Card,4.3,No
104496,2025-10-20,Europe,United Kingdom,Electronics,USB-C Hub,Retail Store,Consumer,Lucas Novak,5,$308.26,$165.82,15%,"$1,541.30",$231.20,"$1,310.10",$829.10,$481.00,Debit Card,3.8,No
104497,2025-10-20,North America,Mexico,Office Supplies,Ergonomic Chair,Marketplace,Consumer,Priya Rossi,4,$123.64,$68.78,0%,$494.56,$0.00,$494.56,$275.12,$219.44,Credit Card,5.0,No
104498,2025-10-20,Europe,United Kingdom,Health & Beauty,Electric Toothbrush,Marketplace,Consumer,Fatima Ahmed,3,$36.30,$22.50,0%,$108.90,$0.00,$108.90,$67.50,$41.40,PayPal,4.1,No
104499,2025-10-20,North America,United States,Apparel,Backpack,Online,Small Business,Priya Rossi,5,$22.01,$11.15,20%,$110.05,$22.01,$88.04,$55.75,$32.29,Credit Card,3.7,No
104500,2025-10-20,Asia Pacific,India,Home & Kitchen,Cookware Set,Online,Consumer,Riley Muller,6,$138.12,$81.00,0%,$828.72,$0.00,$828.72,$486.00,$342.72,Credit Card,4.4,No
104501,2025-10-21,Latin America,Colombia,Electronics,Laptop Stand,Marketplace,Consumer,Noah Santos,8,$243.16,$111.56,0%,"$1,945.28",$0.00,"$1,945.28",$892.48,"$1,052.80",Bank Transfer,4.1,No
104502,2025-10-21,North America,United States,Electronics,Bluetooth Speaker,Retail Store,Enterprise,Diego Weber,9,$49.52,$21.73,5%,$445.68,$22.28,$423.40,$195.57,$227.83,Bank Transfer,3.5,No
104503,2025-10-21,North America,Canada,Apparel,Running Shoes,Wholesale,Consumer,Sofia Kowalski,8,$108.43,$56.94,15%,$867.44,$130.12,$737.32,$455.52,$281.80,Debit Card,4.9,No
104504,2025-10-21,North America,Canada,Health & Beauty,Yoga Mat,Retail Store,Small Business,Morgan Kim,8,$124.55,$70.23,0%,$996.40,$0.00,$996.40,$561.84,$434.56,Credit Card,3.5,Yes
104505,2025-10-21,North America,Mexico,Electronics,Power Bank,Online,Small Business,Wei Dubois,3,$127.93,$76.99,20%,$383.79,$76.76,$307.03,$230.97,$76.06,Credit Card,4.3,No
104506,2025-10-21,Europe,Germany,Electronics,Power Bank,Online,Consumer,Sam Silva,3,$191.51,$122.79,5%,$574.53,$28.73,$545.80,$368.37,$177.43,Credit Card,4.8,No
104507,2025-10-21,Asia Pacific,Australia,Office Supplies,Ergonomic Chair,Retail Store,Consumer,Noah Santos,9,$365.51,$154.51,0%,"$3,289.59",$0.00,"$3,289.59","$1,390.59","$1,899.00",Debit Card,3.6,No
104508,2025-10-21,North America,Mexico,Home & Kitchen,Toaster,Online,Consumer,Jamie Johansson,4,$187.57,$118.31,15%,$750.28,$112.54,$637.74,$473.24,$164.50,Credit Card,4.7,No
104509,2025-10-21,Asia Pacific,Japan,Office Supplies,Desk Organizer,Online,Consumer,Wei Dubois,8,$336.32,$200.79,0%,"$2,690.56",$0.00,"$2,690.56","$1,606.32","$1,084.24",PayPal,4.0,No
104510,2025-10-21,Latin America,Argentina,Home & Kitchen,Air Fryer,Online,Consumer,Drew Okafor,5,$135.82,$67.12,0%,$679.10,$0.00,$679.10,$335.60,$343.50,Credit Card,5.0,No
104511,2025-10-22,Asia Pacific,Japan,Health & Beauty,Electric Toothbrush,Retail Store,Small Business,Amara Costa,6,$126.81,$76.25,5%,$760.86,$38.04,$722.82,$457.50,$265.32,PayPal,4.2,No
104512,2025-10-22,North America,Mexico,Electronics,Wireless Earbuds,Marketplace,Consumer,Cameron Nakamura,6,$45.13,$23.92,0%,$270.78,$0.00,$270.78,$143.52,$127.26,Bank Transfer,4.5,Yes
104513,2025-10-22,Asia Pacific,China,Electronics,Wireless Earbuds,Online,Consumer,Kenji Haddad,1,$71.84,$35.60,5%,$71.84,$3.59,$68.25,$35.60,$32.65,Credit Card,4.9,No
104514,2025-10-22,North America,United States,Electronics,Wireless Earbuds,Marketplace,Consumer,Taylor Patel,5,$164.46,$75.92,0%,$822.30,$0.00,$822.30,$379.60,$442.70,Credit Card,4.7,No
104515,2025-10-22,North America,Canada,Electronics,Laptop Stand,Marketplace,Consumer,Amara Costa,3,$152.78,$77.45,20%,$458.34,$91.67,$366.67,$232.35,$134.32,Debit Card,5.0,No
104516,2025-10-22,Europe,France,Home & Kitchen,Coffee Maker,Wholesale,Small Business,Sam Silva,8,$42.25,$20.15,20%,$338.00,$67.60,$270.40,$161.20,$109.20,Credit Card,4.9,No
104517,2025-10-22,Europe,Netherlands,Electronics,Smartwatch,Wholesale,Enterprise,Cameron Nakamura,6,$120.14,$54.26,15%,$720.84,$108.13,$612.71,$325.56,$287.15,Credit Card,4.0,No
104518,2025-10-22,Europe,Italy,Health & Beauty,Electric Toothbrush,Retail Store,Small Business,Diego Weber,6,$150.12,$78.73,0%,$900.72,$0.00,$900.72,$472.38,$428.34,Credit Card,3.8,No
104519,2025-10-22,North America,Canada,Electronics,Bluetooth Speaker,Retail Store,Consumer,Sofia Kowalski,15,$213.00,$127.48,5%,"$3,195.00",$159.75,"$3,035.25","$1,912.20","$1,123.05",PayPal,3.8,No
104520,2025-10-22,North America,United States,Health & Beauty,Skincare Set,Marketplace,Enterprise,Jordan Chen,12,$56.10,$31.10,0%,$673.20,$0.00,$673.20,$373.20,$300.00,Debit Card,4.5,No
104521,2025-10-23,Latin America,Chile,Electronics,Bluetooth Speaker,Online,Small Business,Jordan Chen,7,$84.61,$36.06,0%,$592.27,$0.00,$592.27,$252.42,$339.85,PayPal,3.2,No
104522,2025-10-23,North America,Mexico,Electronics,Smartwatch,Retail Store,Consumer,Fatima Ahmed,8,$195.02,$115.56,0%,"$1,560.16",$0.00,"$1,560.16",$924.48,$635.68,PayPal,4.4,No
104523,2025-10-23,Europe,Netherlands,Home & Kitchen,Air Fryer,Online,Enterprise,Taylor Patel,4,$181.77,$72.86,20%,$727.08,$145.42,$581.66,$291.44,$290.22,Credit Card,3.9,No
104524,2025-10-23,Europe,Italy,Electronics,Smartwatch,Online,Enterprise,Jordan Chen,1,$41.14,$22.41,0%,$41.14,$0.00,$41.14,$22.41,$18.73,PayPal,5.0,No
104525,2025-10-23,North America,Mexico,Electronics,Power Bank,Retail Store,Small Business,Kenji Haddad,17,$120.98,$67.18,0%,"$2,056.66",$0.00,"$2,056.66","$1,142.06",$914.60,Credit Card,3.7,No
104526,2025-10-23,North America,Canada,Apparel,Yoga Pants,Marketplace,Small Business,Jordan Chen,7,$107.86,$62.47,20%,$755.02,$151.00,$604.02,$437.29,$166.73,Credit Card,4.5,No
104527,2025-10-23,North America,United States,Electronics,Smartwatch,Retail Store,Consumer,Drew Okafor,12,$115.19,$69.17,20%,"$1,382.28",$276.46,"$1,105.82",$830.04,$275.78,Credit Card,4.2,No
104528,2025-10-23,Europe,Italy,Office Supplies,Pen Set,Online,Small Business,Cameron Nakamura,12,$70.08,$35.15,0%,$840.96,$0.00,$840.96,$421.80,$419.16,Credit Card,4.3,No
104529,2025-10-23,Europe,Netherlands,Electronics,Bluetooth Speaker,Online,Small Business,Cameron Nakamura,6,$204.37,$90.03,0%,"$1,226.22",$0.00,"$1,226.22",$540.18,$686.04,PayPal,4.2,No
104530,2025-10-23,Middle East & Africa,South Africa,Health & Beauty,Massage Gun,Online,Enterprise,Jordan Chen,19,$94.49,$51.81,0%,"$1,795.31",$0.00,"$1,795.31",$984.39,$810.92,Debit Card,4.0,No
104531,2025-10-23,North America,Canada,Apparel,Sunglasses,Retail Store,Consumer,Cameron Nakamura,10,$32.87,$14.98,0%,$328.70,$0.00,$328.70,$149.80,$178.90,Credit Card,3.2,No
104532,2025-10-23,North America,Canada,Apparel,Backpack,Marketplace,Enterprise,Cameron Nakamura,4,$39.80,$20.45,0%,$159.20,$0.00,$159.20,$81.80,$77.40,Credit Card,3.6,No
104533,2025-10-23,Asia Pacific,India,Apparel,Wool Sweater,Online,Small Business,Sam Silva,2,$39.58,$21.96,0%,$79.16,$0.00,$79.16,$43.92,$35.24,Debit Card,3.5,No
104534,2025-10-24,North America,Canada,Home & Kitchen,Cookware Set,Online,Consumer,Fatima Ahmed,11,$215.25,$106.71,15%,"$2,367.75",$355.16,"$2,012.59","$1,173.81",$838.78,Bank Transfer,3.9,No
104535,2025-10-24,North America,Canada,Home & Kitchen,Air Fryer,Retail Store,Consumer,Jamie Johansson,6,$203.10,$90.79,0%,"$1,218.60",$0.00,"$1,218.60",$544.74,$673.86,Credit Card,4.1,No
104536,2025-10-24,North America,Canada,Office Supplies,Desk Organizer,Online,Consumer,Wei Dubois,19,$161.95,$91.55,5%,"$3,077.05",$153.85,"$2,923.20","$1,739.45","$1,183.75",Credit Card,4.6,Yes
104537,2025-10-24,North America,Canada,Home & Kitchen,Cookware Set,Retail Store,Consumer,Riley Muller,12,$137.81,$82.27,0%,"$1,653.72",$0.00,"$1,653.72",$987.24,$666.48,Bank Transfer,5.0,No
104538,2025-10-24,North America,Mexico,Apparel,Wool Sweater,Wholesale,Consumer,Elena Lindqvist,8,$94.16,$59.40,0%,$753.28,$0.00,$753.28,$475.20,$278.08,Credit Card,3.9,No
104539,2025-10-24,Europe,France,Apparel,Yoga Pants,Online,Small Business,Sofia Kowalski,3,$91.52,$55.94,0%,$274.56,$0.00,$274.56,$167.82,$106.74,Bank Transfer,4.0,No
104540,2025-10-25,Europe,Germany,Electronics,Wireless Earbuds,Online,Consumer,Cameron Nakamura,11,$201.70,$87.45,0%,"$2,218.70",$0.00,"$2,218.70",$961.95,"$1,256.75",Debit Card,3.8,No
104541,2025-10-25,Asia Pacific,Japan,Electronics,USB-C Hub,Marketplace,Consumer,Sam Silva,3,$258.55,$114.56,0%,$775.65,$0.00,$775.65,$343.68,$431.97,Credit Card,4.1,No
104542,2025-10-25,Europe,Germany,Office Supplies,Monitor Arm,Online,Enterprise,Jamie Johansson,15,$63.73,$29.38,10%,$955.95,$95.60,$860.35,$440.70,$419.65,Credit Card,4.3,No
104543,2025-10-25,Latin America,Argentina,Apparel,Yoga Pants,Online,Consumer,Sofia Kowalski,1,$32.52,$16.73,0%,$32.52,$0.00,$32.52,$16.73,$15.79,Credit Card,4.1,Yes
104544,2025-10-25,Europe,United Kingdom,Electronics,Laptop Stand,Retail Store,Consumer,Jamie Johansson,5,$255.02,$122.90,0%,"$1,275.10",$0.00,"$1,275.10",$614.50,$660.60,Credit Card,5.0,No
104545,2025-10-25,North America,Mexico,Apparel,Denim Jacket,Retail Store,Small Business,Wei Dubois,4,$37.81,$19.05,0%,$151.24,$0.00,$151.24,$76.20,$75.04,PayPal,3.5,No
104546,2025-10-25,North America,Mexico,Home & Kitchen,Cookware Set,Wholesale,Consumer,Diego Weber,15,$77.90,$43.76,10%,"$1,168.50",$116.85,"$1,051.65",$656.40,$395.25,Credit Card,4.9,No
104547,2025-10-25,North America,Mexico,Apparel,Running Shoes,Marketplace,Consumer,Lucas Novak,10,$67.54,$29.44,0%,$675.40,$0.00,$675.40,$294.40,$381.00,Debit Card,4.6,No
104548,2025-10-25,North America,Mexico,Apparel,Wool Sweater,Wholesale,Enterprise,Noah Santos,3,$57.43,$32.04,5%,$172.29,$8.61,$163.68,$96.12,$67.56,Cash,3.1,No
104549,2025-10-25,North America,Mexico,Health & Beauty,Electric Toothbrush,Online,Consumer,Elena Lindqvist,12,$144.81,$76.75,0%,"$1,737.72",$0.00,"$1,737.72",$921.00,$816.72,Credit Card,3.6,No
104550,2025-10-25,Asia Pacific,Australia,Apparel,Backpack,Marketplace,Consumer,Drew Okafor,3,$70.02,$42.41,5%,$210.06,$10.50,$199.56,$127.23,$72.33,PayPal,5.0,No
104551,2025-10-25,North America,Mexico,Health & Beauty,Fitness Tracker,Online,Consumer,Wei Dubois,3,$75.14,$39.83,10%,$225.42,$22.54,$202.88,$119.49,$83.39,Credit Card,2.5,No
104552,2025-10-25,North America,United States,Home & Kitchen,Blender,Wholesale,Enterprise,Noah Santos,12,$66.28,$38.98,0%,$795.36,$0.00,$795.36,$467.76,$327.60,Debit Card,4.2,No
104553,2025-10-25,North America,Canada,Apparel,Yoga Pants,Online,Consumer,Sam Silva,7,$55.42,$33.48,0%,$387.94,$0.00,$387.94,$234.36,$153.58,PayPal,4.3,No
104554,2025-10-25,Asia Pacific,China,Home & Kitchen,Coffee Maker,Marketplace,Consumer,Riley Muller,7,$97.69,$50.55,15%,$683.83,$102.57,$581.26,$353.85,$227.41,Debit Card,3.4,No
104555,2025-10-26,Europe,Spain,Office Supplies,Standing Desk,Wholesale,Enterprise,Jamie Johansson,3,$280.74,$159.49,0%,$842.22,$0.00,$842.22,$478.47,$363.75,Credit Card,3.8,No
104556,2025-10-26,Asia Pacific,China,Home & Kitchen,Coffee Maker,Marketplace,Consumer,Priya Rossi,12,$115.63,$48.33,0%,"$1,387.56",$0.00,"$1,387.56",$579.96,$807.60,Debit Card,2.2,No
104557,2025-10-26,Asia Pacific,China,Apparel,Backpack,Online,Small Business,Cameron Nakamura,5,$50.18,$23.20,5%,$250.90,$12.55,$238.35,$116.00,$122.35,Debit Card,4.7,No
104558,2025-10-26,Asia Pacific,Singapore,Office Supplies,Pen Set,Marketplace,Small Business,Jamie Johansson,7,$54.77,$24.16,15%,$383.39,$57.51,$325.88,$169.12,$156.76,Credit Card,3.9,Yes
104559,2025-10-26,Asia Pacific,Japan,Health & Beauty,Skincare Set,Marketplace,Enterprise,Priya Rossi,4,$166.12,$79.97,10%,$664.48,$66.45,$598.03,$319.88,$278.15,Debit Card,4.3,No
104560,2025-10-26,North America,Mexico,Health & Beauty,Electric Toothbrush,Retail Store,Small Business,Wei Dubois,1,$46.45,$28.96,0%,$46.45,$0.00,$46.45,$28.96,$17.49,Debit Card,4.1,No
104561,2025-10-26,Europe,Netherlands,Electronics,Power Bank,Wholesale,Small Business,Drew Okafor,5,$301.06,$135.25,0%,"$1,505.30",$0.00,"$1,505.30",$676.25,$829.05,Debit Card,4.8,No
104562,2025-10-26,Europe,Italy,Apparel,Sunglasses,Retail Store,Small Business,Kenji Haddad,2,$22.09,$13.08,0%,$44.18,$0.00,$44.18,$26.16,$18.02,Credit Card,4.5,No
104563,2025-10-26,Middle East & Africa,South Africa,Apparel,Yoga Pants,Marketplace,Consumer,Lucas Novak,15,$47.52,$21.04,0%,$712.80,$0.00,$712.80,$315.60,$397.20,PayPal,4.6,No
104564,2025-10-27,North America,Canada,Health & Beauty,Electric Toothbrush,Online,Consumer,Casey Garcia,3,$76.04,$45.92,0%,$228.12,$0.00,$228.12,$137.76,$90.36,Debit Card,3.8,No
104565,2025-10-27,Europe,France,Health & Beauty,Electric Toothbrush,Marketplace,Consumer,Morgan Kim,15,$61.24,$31.25,10%,$918.60,$91.86,$826.74,$468.75,$357.99,Credit Card,5.0,No
104566,2025-10-27,Latin America,Colombia,Apparel,Backpack,Retail Store,Consumer,Sam Silva,5,$68.81,$31.61,0%,$344.05,$0.00,$344.05,$158.05,$186.00,Debit Card,4.3,No
104567,2025-10-27,Europe,Netherlands,Electronics,Power Bank,Retail Store,Consumer,Wei Dubois,6,$145.25,$76.33,10%,$871.50,$87.15,$784.35,$457.98,$326.37,Debit Card,4.8,No
104568,2025-10-27,Asia Pacific,India,Health & Beauty,Skincare Set,Retail Store,Consumer,Amara Costa,4,$124.19,$53.31,0%,$496.76,$0.00,$496.76,$213.24,$283.52,Bank Transfer,4.2,No
104569,2025-10-27,North America,Mexico,Office Supplies,Pen Set,Online,Small Business,Alex Reyes,4,$76.74,$32.04,5%,$306.96,$15.35,$291.61,$128.16,$163.45,Credit Card,2.8,No
104570,2025-10-27,Asia Pacific,Australia,Apparel,Backpack,Marketplace,Consumer,Drew Okafor,1,$139.84,$68.75,5%,$139.84,$6.99,$132.85,$68.75,$64.10,Bank Transfer,3.9,No
104571,2025-10-27,Europe,Netherlands,Home & Kitchen,Coffee Maker,Retail Store,Small Business,Cameron Nakamura,6,$200.37,$92.47,0%,"$1,202.22",$0.00,"$1,202.22",$554.82,$647.40,Debit Card,4.3,No
104572,2025-10-27,North America,United States,Home & Kitchen,Toaster,Online,Enterprise,Alex Reyes,3,$203.25,$90.74,0%,$609.75,$0.00,$609.75,$272.22,$337.53,PayPal,4.6,No
104573,2025-10-27,North America,United States,Apparel,Running Shoes,Online,Enterprise,Alex Reyes,6,$123.84,$57.38,0%,$743.04,$0.00,$743.04,$344.28,$398.76,Credit Card,3.9,No
104574,2025-10-28,Asia Pacific,India,Home & Kitchen,Air Fryer,Marketplace,Enterprise,Riley Muller,12,$45.40,$20.17,0%,$544.80,$0.00,$544.80,$242.04,$302.76,PayPal,4.1,No
104575,2025-10-28,Europe,Germany,Electronics,Smartwatch,Marketplace,Consumer,Amara Costa,10,$65.88,$28.15,0%,$658.80,$0.00,$658.80,$281.50,$377.30,Credit Card,3.7,Yes
104576,2025-10-28,Asia Pacific,India,Apparel,Running Shoes,Online,Consumer,Priya Rossi,6,$20.67,$9.37,5%,$124.02,$6.20,$117.82,$56.22,$61.60,Credit Card,4.8,No
104577,2025-10-28,Europe,Spain,Home & Kitchen,Blender,Online,Small Business,Jordan Chen,15,$90.96,$46.39,0%,"$1,364.40",$0.00,"$1,364.40",$695.85,$668.55,Credit Card,5.0,Yes
104578,2025-10-28,Asia Pacific,Australia,Health & Beauty,Skincare Set,Online,Enterprise,Priya Rossi,5,$170.26,$103.07,0%,$851.30,$0.00,$851.30,$515.35,$335.95,Credit Card,3.6,No
104579,2025-10-29,Latin America,Argentina,Health & Beauty,Electric Toothbrush,Online,Consumer,Jamie Johansson,18,$159.14,$92.84,15%,"$2,864.52",$429.68,"$2,434.84","$1,671.12",$763.72,Credit Card,3.6,No
104580,2025-10-29,North America,Mexico,Home & Kitchen,Vacuum Cleaner,Wholesale,Consumer,Casey Garcia,7,$51.94,$32.70,0%,$363.58,$0.00,$363.58,$228.90,$134.68,Credit Card,4.4,No
104581,2025-10-29,North America,Mexico,Apparel,Running Shoes,Online,Consumer,Fatima Ahmed,8,$76.93,$38.16,0%,$615.44,$0.00,$615.44,$305.28,$310.16,Debit Card,4.1,No
104582,2025-10-29,Latin America,Chile,Health & Beauty,Hair Dryer,Online,Small Business,Riley Muller,2,$33.63,$15.07,10%,$67.26,$6.73,$60.53,$30.14,$30.39,Credit Card,3.3,No
104583,2025-10-29,Europe,France,Electronics,USB-C Hub,Marketplace,Small Business,Amara Costa,17,$196.73,$93.80,10%,"$3,344.41",$334.44,"$3,009.97","$1,594.60","$1,415.37",Bank Transfer,3.5,No
104584,2025-10-30,Latin America,Argentina,Apparel,Backpack,Wholesale,Small Business,Jordan Chen,7,$33.06,$19.76,0%,$231.42,$0.00,$231.42,$138.32,$93.10,Credit Card,2.8,No
104585,2025-10-30,North America,Mexico,Apparel,Running Shoes,Online,Consumer,Cameron Nakamura,5,$41.26,$22.69,0%,$206.30,$0.00,$206.30,$113.45,$92.85,Bank Transfer,4.8,No
104586,2025-10-30,Asia Pacific,Singapore,Home & Kitchen,Toaster,Marketplace,Enterprise,Casey Garcia,4,$214.40,$94.59,0%,$857.60,$0.00,$857.60,$378.36,$479.24,Credit Card,3.4,No
104587,2025-10-30,North America,Canada,Home & Kitchen,Vacuum Cleaner,Retail Store,Small Business,Riley Muller,8,$45.06,$25.00,0%,$360.48,$0.00,$360.48,$200.00,$160.48,Credit Card,3.8,No
104588,2025-10-30,Europe,United Kingdom,Electronics,Power Bank,Online,Consumer,Morgan Kim,6,$254.14,$129.05,0%,"$1,524.84",$0.00,"$1,524.84",$774.30,$750.54,Credit Card,4.9,No
104589,2025-10-30,Asia Pacific,China,Electronics,Power Bank,Online,Small Business,Sofia Kowalski,12,$119.03,$68.29,0%,"$1,428.36",$0.00,"$1,428.36",$819.48,$608.88,Credit Card,4.4,No
104590,2025-10-30,North America,Mexico,Apparel,Wool Sweater,Retail Store,Consumer,Sofia Kowalski,7,$50.22,$32.51,0%,$351.54,$0.00,$351.54,$227.57,$123.97,Credit Card,4.8,No
104591,2025-10-31,North America,United States,Apparel,Sunglasses,Online,Consumer,Elena Lindqvist,3,$145.33,$76.73,0%,$435.99,$0.00,$435.99,$230.19,$205.80,Debit Card,3.8,No
104592,2025-10-31,North America,Canada,Apparel,Sunglasses,Retail Store,Small Business,Amara Costa,16,$78.23,$43.41,0%,"$1,251.68",$0.00,"$1,251.68",$694.56,$557.12,Credit Card,3.9,No
104593,2025-10-31,North America,Canada,Office Supplies,Monitor Arm,Marketplace,Consumer,Elena Lindqvist,11,$51.87,$22.62,15%,$570.57,$85.59,$484.98,$248.82,$236.16,Credit Card,5.0,No
104594,2025-10-31,North America,Mexico,Electronics,Laptop Stand,Wholesale,Small Business,Taylor Patel,4,$74.61,$41.50,5%,$298.44,$14.92,$283.52,$166.00,$117.52,Credit Card,4.9,Yes
104595,2025-10-31,Asia Pacific,China,Home & Kitchen,Coffee Maker,Marketplace,Consumer,Taylor Patel,3,$160.26,$81.75,15%,$480.78,$72.12,$408.66,$245.25,$163.41,PayPal,4.3,No
104596,2025-10-31,Asia Pacific,Japan,Electronics,Power Bank,Online,Consumer,Elena Lindqvist,21,$26.60,$15.60,0%,$558.60,$0.00,$558.60,$327.60,$231.00,Credit Card,4.0,No
104597,2025-10-31,North America,Canada,Office Supplies,Standing Desk,Wholesale,Consumer,Kenji Haddad,19,$213.15,$136.05,0%,"$4,049.85",$0.00,"$4,049.85","$2,584.95","$1,464.90",Credit Card,4.0,No
104598,2025-10-31,Europe,Italy,Apparel,Denim Jacket,Online,Consumer,Drew Okafor,14,$48.19,$21.72,10%,$674.66,$67.47,$607.19,$304.08,$303.11,PayPal,2.5,No
104599,2025-10-31,Europe,Spain,Electronics,Bluetooth Speaker,Marketplace,Small Business,Drew Okafor,5,$80.98,$43.75,0%,$404.90,$0.00,$404.90,$218.75,$186.15,Credit Card,3.7,No
104600,2025-10-31,Latin America,Argentina,Electronics,Power Bank,Marketplace,Small Business,Taylor Patel,6,$251.68,$117.41,0%,"$1,510.08",$0.00,"$1,510.08",$704.46,$805.62,Credit Card,4.1,No
104601,2025-10-31,Europe,Netherlands,Apparel,Backpack,Marketplace,Consumer,Jamie Johansson,6,$83.22,$53.69,0%,$499.32,$0.00,$499.32,$322.14,$177.18,Bank Transfer,3.9,No
104602,2025-10-31,North America,Mexico,Office Supplies,Standing Desk,Online,Consumer,Wei Dubois,8,$137.52,$60.57,0%,"$1,100.16",$0.00,"$1,100.16",$484.56,$615.60,PayPal,4.9,No
104603,2025-10-31,North America,Mexico,Home & Kitchen,Air Fryer,Retail Store,Consumer,Morgan Kim,18,$177.36,$92.71,0%,"$3,192.48",$0.00,"$3,192.48","$1,668.78","$1,523.70",Debit Card,4.9,No
104604,2025-11-01,North America,United States,Health & Beauty,Fitness Tracker,Retail Store,Consumer,Jamie Johansson,3,$44.33,$21.79,5%,$132.99,$6.65,$126.34,$65.37,$60.97,Debit Card,4.2,No
104605,2025-11-02,North America,United States,Home & Kitchen,Cookware Set,Marketplace,Small Business,Jordan Chen,14,$146.58,$65.19,0%,"$2,052.12",$0.00,"$2,052.12",$912.66,"$1,139.46",Bank Transfer,4.5,No
104606,2025-11-02,Latin America,Argentina,Electronics,Smartwatch,Online,Consumer,Morgan Kim,16,$239.86,$114.59,0%,"$3,837.76",$0.00,"$3,837.76","$1,833.44","$2,004.32",Debit Card,3.5,No
104607,2025-11-02,Asia Pacific,Australia,Electronics,Power Bank,Online,Small Business,Elena Lindqvist,14,$62.66,$38.18,0%,$877.24,$0.00,$877.24,$534.52,$342.72,Credit Card,4.0,No
104608,2025-11-02,North America,Mexico,Home & Kitchen,Toaster,Retail Store,Consumer,Lucas Novak,4,$88.94,$37.38,10%,$355.76,$35.58,$320.18,$149.52,$170.66,Credit Card,4.1,No
104609,2025-11-02,North America,United States,Apparel,Backpack,Marketplace,Consumer,Fatima Ahmed,7,$74.92,$32.07,0%,$524.44,$0.00,$524.44,$224.49,$299.95,Credit Card,4.7,Yes
104610,2025-11-02,Asia Pacific,Australia,Apparel,Running Shoes,Marketplace,Consumer,Alex Reyes,6,$101.01,$53.72,0%,$606.06,$0.00,$606.06,$322.32,$283.74,PayPal,4.0,No
104611,2025-11-02,North America,Mexico,Electronics,Laptop Stand,Marketplace,Consumer,Fatima Ahmed,9,$98.19,$42.72,10%,$883.71,$88.37,$795.34,$384.48,$410.86,Credit Card,3.0,No
104612,2025-11-02,Europe,Germany,Home & Kitchen,Air Fryer,Retail Store,Enterprise,Diego Weber,10,$66.27,$29.11,0%,$662.70,$0.00,$662.70,$291.10,$371.60,PayPal,4.1,No
104613,2025-11-02,Asia Pacific,Australia,Health & Beauty,Hair Dryer,Online,Consumer,Taylor Patel,5,$68.31,$31.48,0%,$341.55,$0.00,$341.55,$157.40,$184.15,PayPal,4.0,No
104614,2025-11-02,North America,Canada,Office Supplies,Notebook Set,Marketplace,Small Business,Noah Santos,10,$323.28,$194.49,0%,"$3,232.80",$0.00,"$3,232.80","$1,944.90","$1,287.90",PayPal,4.2,No
104615,2025-11-02,Asia Pacific,China,Office Supplies,Notebook Set,Online,Consumer,Morgan Kim,1,$76.97,$45.77,0%,$76.97,$0.00,$76.97,$45.77,$31.20,Credit Card,4.4,No
104616,2025-11-02,Asia Pacific,India,Home & Kitchen,Toaster,Retail Store,Consumer,Sofia Kowalski,11,$44.54,$23.20,20%,$489.94,$97.99,$391.95,$255.20,$136.75,Credit Card,4.5,No
104617,2025-11-03,Europe,Netherlands,Apparel,Running Shoes,Retail Store,Consumer,Drew Okafor,7,$65.91,$36.80,0%,$461.37,$0.00,$461.37,$257.60,$203.77,Credit Card,5.0,No
104618,2025-11-03,Asia Pacific,India,Apparel,Backpack,Online,Enterprise,Riley Muller,2,$24.07,$14.80,5%,$48.14,$2.41,$45.73,$29.60,$16.13,Credit Card,3.6,No
104619,2025-11-03,North America,United States,Electronics,Power Bank,Online,Consumer,Jordan Chen,5,$91.21,$39.58,0%,$456.05,$0.00,$456.05,$197.90,$258.15,Debit Card,3.9,No
104620,2025-11-03,North America,Canada,Electronics,Laptop Stand,Marketplace,Consumer,Priya Rossi,6,$176.87,$106.25,0%,"$1,061.22",$0.00,"$1,061.22",$637.50,$423.72,Credit Card,2.1,No
104621,2025-11-03,Asia Pacific,India,Apparel,Running Shoes,Marketplace,Consumer,Priya Rossi,6,$71.60,$45.15,5%,$429.60,$21.48,$408.12,$270.90,$137.22,Credit Card,3.6,Yes
104622,2025-11-03,Europe,United Kingdom,Apparel,Wool Sweater,Online,Consumer,Lucas Novak,12,$121.20,$54.16,0%,"$1,454.40",$0.00,"$1,454.40",$649.92,$804.48,Credit Card,4.4,No
104623,2025-11-03,North America,Canada,Apparel,Backpack,Retail Store,Consumer,Jamie Johansson,3,$101.30,$47.95,0%,$303.90,$0.00,$303.90,$143.85,$160.05,Credit Card,4.2,No
104624,2025-11-03,Europe,United Kingdom,Health & Beauty,Electric Toothbrush,Online,Consumer,Cameron Nakamura,3,$155.04,$68.17,0%,$465.12,$0.00,$465.12,$204.51,$260.61,Debit Card,2.5,No
104625,2025-11-04,Europe,Germany,Health & Beauty,Fitness Tracker,Online,Small Business,Riley Muller,3,$15.56,$8.40,15%,$46.68,$7.00,$39.68,$25.20,$14.48,Credit Card,3.8,Yes
104626,2025-11-04,Asia Pacific,Japan,Office Supplies,Pen Set,Online,Enterprise,Kenji Haddad,20,$376.24,$154.01,0%,"$7,524.80",$0.00,"$7,524.80","$3,080.20","$4,444.60",Debit Card,3.7,No
104627,2025-11-04,North America,Mexico,Home & Kitchen,Air Fryer,Online,Consumer,Taylor Patel,12,$164.86,$68.87,5%,"$1,978.32",$98.92,"$1,879.40",$826.44,"$1,052.96",Credit Card,4.2,No
104628,2025-11-04,Middle East & Africa,Saudi Arabia,Office Supplies,Notebook Set,Retail Store,Consumer,Noah Santos,14,$120.08,$54.52,10%,"$1,681.12",$168.11,"$1,513.01",$763.28,$749.73,PayPal,4.6,No
104629,2025-11-04,Asia Pacific,Singapore,Home & Kitchen,Cookware Set,Online,Consumer,Noah Santos,8,$212.27,$101.02,0%,"$1,698.16",$0.00,"$1,698.16",$808.16,$890.00,Credit Card,3.5,Yes
104630,2025-11-04,North America,Mexico,Office Supplies,Desk Organizer,Online,Consumer,Taylor Patel,10,$113.68,$73.19,0%,"$1,136.80",$0.00,"$1,136.80",$731.90,$404.90,Credit Card,3.4,No
104631,2025-11-05,Asia Pacific,Japan,Health & Beauty,Yoga Mat,Retail Store,Consumer,Taylor Patel,15,$130.25,$54.74,0%,"$1,953.75",$0.00,"$1,953.75",$821.10,"$1,132.65",Debit Card,4.4,No
104632,2025-11-05,North America,United States,Health & Beauty,Hair Dryer,Marketplace,Consumer,Amara Costa,11,$15.35,$7.02,15%,$168.85,$25.33,$143.52,$77.22,$66.30,Cash,3.9,No
104633,2025-11-05,Latin America,Brazil,Electronics,Laptop Stand,Retail Store,Small Business,Lucas Novak,11,$65.89,$40.73,0%,$724.79,$0.00,$724.79,$448.03,$276.76,PayPal,3.7,No
104634,2025-11-05,Europe,Italy,Home & Kitchen,Coffee Maker,Online,Consumer,Wei Dubois,7,$180.18,$106.59,15%,"$1,261.26",$189.19,"$1,072.07",$746.13,$325.94,Debit Card,4.7,No
104635,2025-11-05,Latin America,Argentina,Home & Kitchen,Vacuum Cleaner,Marketplace,Consumer,Casey Garcia,3,$84.59,$39.70,5%,$253.77,$12.69,$241.08,$119.10,$121.98,Credit Card,3.5,No
104636,2025-11-05,Latin America,Chile,Office Supplies,Standing Desk,Retail Store,Consumer,Kenji Haddad,3,$72.08,$38.89,0%,$216.24,$0.00,$216.24,$116.67,$99.57,PayPal,3.7,No
104637,2025-11-05,North America,Canada,Apparel,Running Shoes,Online,Small Business,Morgan Kim,4,$143.63,$62.70,0%,$574.52,$0.00,$574.52,$250.80,$323.72,PayPal,3.3,No
104638,2025-11-05,Europe,Netherlands,Office Supplies,Ergonomic Chair,Marketplace,Consumer,Wei Dubois,5,$47.36,$25.67,0%,$236.80,$0.00,$236.80,$128.35,$108.45,Credit Card,4.6,No
104639,2025-11-05,North America,Canada,Office Supplies,Notebook Set,Online,Enterprise,Elena Lindqvist,4,$224.04,$120.20,0%,$896.16,$0.00,$896.16,$480.80,$415.36,Bank Transfer,4.3,No
104640,2025-11-06,Europe,Germany,Home & Kitchen,Vacuum Cleaner,Retail Store,Consumer,Cameron Nakamura,11,$151.23,$83.23,5%,"$1,663.53",$83.18,"$1,580.35",$915.53,$664.82,Credit Card,3.4,No
104641,2025-11-06,North America,United States,Health & Beauty,Yoga Mat,Retail Store,Consumer,Riley Muller,5,$79.48,$35.58,15%,$397.40,$59.61,$337.79,$177.90,$159.89,Credit Card,3.7,No
104642,2025-11-06,Middle East & Africa,Saudi Arabia,Apparel,Running Shoes,Online,Consumer,Riley Muller,5,$15.10,$7.51,15%,$75.50,$11.32,$64.18,$37.55,$26.63,Credit Card,4.0,No
104643,2025-11-06,Latin America,Brazil,Office Supplies,Notebook Set,Online,Consumer,Sofia Kowalski,6,$238.51,$109.78,0%,"$1,431.06",$0.00,"$1,431.06",$658.68,$772.38,Credit Card,3.7,No
104644,2025-11-06,North America,Mexico,Health & Beauty,Electric Toothbrush,Marketplace,Consumer,Taylor Patel,8,$69.10,$29.88,0%,$552.80,$0.00,$552.80,$239.04,$313.76,PayPal,4.9,No
104645,2025-11-06,Middle East & Africa,Nigeria,Office Supplies,Desk Organizer,Wholesale,Consumer,Drew Okafor,6,$327.16,$189.26,0%,"$1,962.96",$0.00,"$1,962.96","$1,135.56",$827.40,Debit Card,3.1,No
104646,2025-11-06,North America,United States,Apparel,Running Shoes,Marketplace,Small Business,Riley Muller,9,$117.76,$56.96,0%,"$1,059.84",$0.00,"$1,059.84",$512.64,$547.20,Cash,5.0,No
104647,2025-11-06,Asia Pacific,China,Electronics,Laptop Stand,Wholesale,Enterprise,Amara Costa,10,$248.55,$112.85,0%,"$2,485.50",$0.00,"$2,485.50","$1,128.50","$1,357.00",Credit Card,4.2,No
104648,2025-11-06,North America,United States,Office Supplies,Ergonomic Chair,Online,Consumer,Drew Okafor,1,$300.89,$176.72,0%,$300.89,$0.00,$300.89,$176.72,$124.17,Debit Card,2.9,No
104649,2025-11-06,Asia Pacific,China,Apparel,Yoga Pants,Online,Consumer,Wei Dubois,6,$108.03,$45.66,0%,$648.18,$0.00,$648.18,$273.96,$374.22,PayPal,5.0,No
104650,2025-11-06,North America,United States,Office Supplies,Notebook Set,Wholesale,Enterprise,Diego Weber,13,$46.98,$19.14,5%,$610.74,$30.54,$580.20,$248.82,$331.38,Credit Card,4.4,No
104651,2025-11-07,Latin America,Colombia,Office Supplies,Monitor Arm,Online,Enterprise,Casey Garcia,14,$292.98,$135.15,10%,"$4,101.72",$410.17,"$3,691.55","$1,892.10","$1,799.45",PayPal,3.6,No
104652,2025-11-07,Asia Pacific,South Korea,Apparel,Backpack,Retail Store,Consumer,Drew Okafor,28,$20.12,$12.85,0%,$563.36,$0.00,$563.36,$359.80,$203.56,Credit Card,3.9,No
104653,2025-11-07,Asia Pacific,Australia,Apparel,Wool Sweater,Retail Store,Consumer,Sofia Kowalski,10,$103.32,$46.42,15%,"$1,033.20",$154.98,$878.22,$464.20,$414.02,PayPal,4.2,No
104654,2025-11-07,North America,Canada,Home & Kitchen,Coffee Maker,Online,Enterprise,Jamie Johansson,3,$37.95,$22.85,5%,$113.85,$5.69,$108.16,$68.55,$39.61,PayPal,3.4,No
104655,2025-11-07,Asia Pacific,Australia,Home & Kitchen,Toaster,Online,Small Business,Kenji Haddad,8,$207.13,$97.14,0%,"$1,657.04",$0.00,"$1,657.04",$777.12,$879.92,Credit Card,3.8,No
104656,2025-11-07,North America,Canada,Health & Beauty,Yoga Mat,Online,Small Business,Taylor Patel,6,$122.74,$74.74,0%,$736.44,$0.00,$736.44,$448.44,$288.00,Credit Card,3.4,No
104657,2025-11-08,North America,United States,Home & Kitchen,Cookware Set,Wholesale,Consumer,Lucas Novak,5,$180.95,$104.92,5%,$904.75,$45.24,$859.51,$524.60,$334.91,Credit Card,3.2,No
104658,2025-11-08,Europe,United Kingdom,Office Supplies,Standing Desk,Online,Enterprise,Kenji Haddad,5,$334.76,$208.76,0%,"$1,673.80",$0.00,"$1,673.80","$1,043.80",$630.00,Credit Card,3.9,No
104659,2025-11-08,North America,Canada,Apparel,Running Shoes,Online,Consumer,Noah Santos,12,$113.25,$55.00,5%,"$1,359.00",$67.95,"$1,291.05",$660.00,$631.05,Cash,3.9,No
104660,2025-11-08,Asia Pacific,China,Health & Beauty,Fitness Tracker,Online,Consumer,Cameron Nakamura,1,$74.97,$43.29,10%,$74.97,$7.50,$67.47,$43.29,$24.18,Bank Transfer,4.2,No
104661,2025-11-08,Europe,Spain,Health & Beauty,Fitness Tracker,Online,Consumer,Taylor Patel,8,$170.63,$104.07,0%,"$1,365.04",$0.00,"$1,365.04",$832.56,$532.48,Cash,3.8,Yes
104662,2025-11-08,Europe,France,Office Supplies,Pen Set,Marketplace,Consumer,Priya Rossi,11,$248.74,$120.48,0%,"$2,736.14",$0.00,"$2,736.14","$1,325.28","$1,410.86",Credit Card,3.8,No
104663,2025-11-09,Latin America,Brazil,Office Supplies,Ergonomic Chair,Retail Store,Small Business,Sam Silva,9,$281.38,$151.23,0%,"$2,532.42",$0.00,"$2,532.42","$1,361.07","$1,171.35",Bank Transfer,5.0,No
104664,2025-11-09,Asia Pacific,South Korea,Health & Beauty,Massage Gun,Marketplace,Consumer,Riley Muller,5,$87.66,$53.37,5%,$438.30,$21.92,$416.38,$266.85,$149.53,PayPal,4.8,No
104665,2025-11-09,Asia Pacific,South Korea,Home & Kitchen,Toaster,Online,Consumer,Jordan Chen,12,$178.05,$89.39,0%,"$2,136.60",$0.00,"$2,136.60","$1,072.68","$1,063.92",PayPal,4.1,No
104666,2025-11-09,North America,Canada,Apparel,Backpack,Online,Consumer,Priya Rossi,6,$22.58,$12.21,0%,$135.48,$0.00,$135.48,$73.26,$62.22,PayPal,3.9,No
104667,2025-11-09,North America,Mexico,Home & Kitchen,Toaster,Retail Store,Consumer,Diego Weber,5,$217.26,$87.24,0%,"$1,086.30",$0.00,"$1,086.30",$436.20,$650.10,Debit Card,3.7,No
104668,2025-11-10,North America,Mexico,Home & Kitchen,Toaster,Online,Consumer,Alex Reyes,7,$57.05,$26.37,0%,$399.35,$0.00,$399.35,$184.59,$214.76,Credit Card,3.1,No
104669,2025-11-10,North America,Mexico,Apparel,Running Shoes,Online,Consumer,Amara Costa,8,$144.94,$75.17,0%,"$1,159.52",$0.00,"$1,159.52",$601.36,$558.16,Credit Card,3.5,No
104670,2025-11-10,Asia Pacific,India,Home & Kitchen,Coffee Maker,Marketplace,Small Business,Jamie Johansson,3,$168.40,$106.42,0%,$505.20,$0.00,$505.20,$319.26,$185.94,Credit Card,2.4,No
104671,2025-11-10,Europe,Italy,Office Supplies,Pen Set,Online,Consumer,Fatima Ahmed,1,$189.90,$113.54,20%,$189.90,$37.98,$151.92,$113.54,$38.38,Credit Card,4.3,Yes
104672,2025-11-11,North America,United States,Electronics,USB-C Hub,Online,Consumer,Fatima Ahmed,3,$279.92,$116.36,0%,$839.76,$0.00,$839.76,$349.08,$490.68,Credit Card,5.0,No
104673,2025-11-11,Europe,France,Health & Beauty,Electric Toothbrush,Wholesale,Consumer,Taylor Patel,2,$61.63,$33.51,5%,$123.26,$6.16,$117.10,$67.02,$50.08,Credit Card,4.8,No
104674,2025-11-11,North America,Canada,Electronics,Power Bank,Online,Consumer,Fatima Ahmed,5,$255.75,$157.36,0%,"$1,278.75",$0.00,"$1,278.75",$786.80,$491.95,Cash,3.0,No
104675,2025-11-11,North America,United States,Apparel,Running Shoes,Online,Enterprise,Noah Santos,5,$144.32,$74.56,0%,$721.60,$0.00,$721.60,$372.80,$348.80,Credit Card,4.9,No
104676,2025-11-11,Europe,Italy,Health & Beauty,Yoga Mat,Retail Store,Consumer,Jamie Johansson,9,$118.57,$72.72,10%,"$1,067.13",$106.71,$960.42,$654.48,$305.94,Debit Card,3.9,No
104677,2025-11-11,North America,United States,Office Supplies,Monitor Arm,Online,Consumer,Diego Weber,7,$371.66,$177.88,0%,"$2,601.62",$0.00,"$2,601.62","$1,245.16","$1,356.46",Debit Card,3.5,No
104678,2025-11-11,Europe,Italy,Health & Beauty,Yoga Mat,Online,Small Business,Amara Costa,17,$109.34,$50.85,0%,"$1,858.78",$0.00,"$1,858.78",$864.45,$994.33,Credit Card,5.0,No
104679,2025-11-11,North America,Canada,Office Supplies,Pen Set,Marketplace,Small Business,Priya Rossi,7,$171.31,$74.90,0%,"$1,199.17",$0.00,"$1,199.17",$524.30,$674.87,Credit Card,4.0,No
104680,2025-11-11,Europe,United Kingdom,Home & Kitchen,Coffee Maker,Online,Consumer,Alex Reyes,8,$176.53,$106.75,0%,"$1,412.24",$0.00,"$1,412.24",$854.00,$558.24,Credit Card,4.8,No
104681,2025-11-12,Europe,France,Apparel,Wool Sweater,Retail Store,Small Business,Taylor Patel,3,$121.15,$53.30,10%,$363.45,$36.34,$327.11,$159.90,$167.21,Cash,4.7,No
104682,2025-11-12,Europe,Spain,Electronics,Power Bank,Online,Consumer,Cameron Nakamura,17,$212.61,$123.76,0%,"$3,614.37",$0.00,"$3,614.37","$2,103.92","$1,510.45",Credit Card,4.8,No
104683,2025-11-12,Asia Pacific,China,Apparel,Wool Sweater,Wholesale,Consumer,Casey Garcia,10,$108.80,$55.59,0%,"$1,088.00",$0.00,"$1,088.00",$555.90,$532.10,Credit Card,3.7,No
104684,2025-11-12,Europe,United Kingdom,Apparel,Wool Sweater,Wholesale,Consumer,Wei Dubois,4,$136.59,$71.26,10%,$546.36,$54.64,$491.72,$285.04,$206.68,Credit Card,3.5,No
104685,2025-11-12,Europe,Italy,Electronics,USB-C Hub,Online,Small Business,Kenji Haddad,4,$55.44,$29.86,0%,$221.76,$0.00,$221.76,$119.44,$102.32,Bank Transfer,4.0,No
104686,2025-11-12,Europe,Netherlands,Office Supplies,Monitor Arm,Online,Consumer,Kenji Haddad,8,$350.34,$169.75,0%,"$2,802.72",$0.00,"$2,802.72","$1,358.00","$1,444.72",Debit Card,4.2,No
104687,2025-11-12,Middle East & Africa,UAE,Health & Beauty,Massage Gun,Retail Store,Small Business,Drew Okafor,11,$84.43,$49.93,0%,$928.73,$0.00,$928.73,$549.23,$379.50,PayPal,4.2,No
104688,2025-11-12,North America,Mexico,Home & Kitchen,Air Fryer,Retail Store,Small Business,Wei Dubois,8,$128.81,$60.77,0%,"$1,030.48",$0.00,"$1,030.48",$486.16,$544.32,Credit Card,5.0,No
104689,2025-11-13,Asia Pacific,Singapore,Electronics,Laptop Stand,Wholesale,Consumer,Drew Okafor,2,$245.20,$145.72,0%,$490.40,$0.00,$490.40,$291.44,$198.96,Debit Card,4.5,No
104690,2025-11-13,North America,United States,Home & Kitchen,Coffee Maker,Retail Store,Enterprise,Alex Reyes,5,$207.38,$99.72,0%,"$1,036.90",$0.00,"$1,036.90",$498.60,$538.30,Credit Card,4.6,No
104691,2025-11-13,Middle East & Africa,UAE,Office Supplies,Desk Organizer,Online,Consumer,Casey Garcia,12,$148.38,$77.16,5%,"$1,780.56",$89.03,"$1,691.53",$925.92,$765.61,PayPal,4.6,No
104692,2025-11-13,Asia Pacific,South Korea,Office Supplies,Pen Set,Online,Consumer,Diego Weber,4,$72.12,$40.45,0%,$288.48,$0.00,$288.48,$161.80,$126.68,Credit Card,4.1,No
104693,2025-11-13,North America,Canada,Office Supplies,Notebook Set,Marketplace,Consumer,Morgan Kim,2,$305.55,$135.96,0%,$611.10,$0.00,$611.10,$271.92,$339.18,Credit Card,3.5,No
104694,2025-11-14,North America,United States,Apparel,Wool Sweater,Online,Consumer,Morgan Kim,12,$113.69,$51.05,0%,"$1,364.28",$0.00,"$1,364.28",$612.60,$751.68,Debit Card,3.8,No
104695,2025-11-14,Europe,United Kingdom,Electronics,Smartwatch,Retail Store,Consumer,Noah Santos,8,$47.48,$29.23,10%,$379.84,$37.98,$341.86,$233.84,$108.02,Bank Transfer,3.5,No
104696,2025-11-14,North America,Mexico,Office Supplies,Pen Set,Online,Small Business,Kenji Haddad,4,$167.76,$79.64,10%,$671.04,$67.10,$603.94,$318.56,$285.38,Debit Card,3.8,No
104697,2025-11-14,Europe,Spain,Health & Beauty,Hair Dryer,Retail Store,Enterprise,Elena Lindqvist,1,$100.66,$61.44,0%,$100.66,$0.00,$100.66,$61.44,$39.22,Credit Card,4.7,No
104698,2025-11-15,Europe,Germany,Electronics,Laptop Stand,Online,Small Business,Wei Dubois,8,$87.21,$38.08,0%,$697.68,$0.00,$697.68,$304.64,$393.04,Debit Card,3.6,No
104699,2025-11-15,Europe,France,Electronics,Smartwatch,Wholesale,Consumer,Priya Rossi,4,$277.30,$122.26,0%,"$1,109.20",$0.00,"$1,109.20",$489.04,$620.16,Debit Card,3.4,No
104700,2025-11-15,Europe,Italy,Electronics,USB-C Hub,Online,Small Business,Amara Costa,3,$132.03,$79.66,0%,$396.09,$0.00,$396.09,$238.98,$157.11,PayPal,3.3,No
104701,2025-11-15,North America,United States,Office Supplies,Ergonomic Chair,Retail Store,Consumer,Fatima Ahmed,8,$43.02,$17.93,20%,$344.16,$68.83,$275.33,$143.44,$131.89,Bank Transfer,4.0,No
104702,2025-11-15,Asia Pacific,India,Home & Kitchen,Vacuum Cleaner,Online,Small Business,Jamie Johansson,7,$135.06,$86.74,0%,$945.42,$0.00,$945.42,$607.18,$338.24,PayPal,3.5,No
104703,2025-11-15,North America,Mexico,Electronics,Power Bank,Online,Consumer,Priya Rossi,1,$336.89,$207.08,5%,$336.89,$16.84,$320.05,$207.08,$112.97,Credit Card,4.2,No
104704,2025-11-15,Asia Pacific,China,Health & Beauty,Massage Gun,Wholesale,Consumer,Fatima Ahmed,4,$39.03,$18.96,0%,$156.12,$0.00,$156.12,$75.84,$80.28,PayPal,4.6,No
104705,2025-11-15,North America,Canada,Health & Beauty,Electric Toothbrush,Retail Store,Enterprise,Amara Costa,4,$173.49,$98.06,0%,$693.96,$0.00,$693.96,$392.24,$301.72,PayPal,4.7,No
104706,2025-11-15,North America,Mexico,Apparel,Yoga Pants,Online,Consumer,Wei Dubois,7,$51.24,$26.14,0%,$358.68,$0.00,$358.68,$182.98,$175.70,Credit Card,5.0,No
104707,2025-11-15,North America,Mexico,Health & Beauty,Electric Toothbrush,Online,Consumer,Kenji Haddad,11,$66.03,$31.46,0%,$726.33,$0.00,$726.33,$346.06,$380.27,Bank Transfer,3.0,No
104708,2025-11-15,North America,Canada,Electronics,Bluetooth Speaker,Online,Consumer,Taylor Patel,8,$210.33,$106.44,15%,"$1,682.64",$252.40,"$1,430.24",$851.52,$578.72,Cash,3.9,No
104709,2025-11-15,Europe,Netherlands,Health & Beauty,Hair Dryer,Wholesale,Enterprise,Diego Weber,4,$127.25,$61.39,5%,$509.00,$25.45,$483.55,$245.56,$237.99,Credit Card,3.8,No
104710,2025-11-15,Europe,United Kingdom,Health & Beauty,Skincare Set,Retail Store,Consumer,Jamie Johansson,7,$104.19,$51.41,0%,$729.33,$0.00,$729.33,$359.87,$369.46,PayPal,3.1,No
104711,2025-11-16,Europe,Germany,Electronics,Wireless Earbuds,Online,Consumer,Elena Lindqvist,6,$327.82,$132.79,5%,"$1,966.92",$98.35,"$1,868.57",$796.74,"$1,071.83",Credit Card,5.0,No
104712,2025-11-16,North America,Mexico,Home & Kitchen,Toaster,Online,Small Business,Casey Garcia,17,$62.79,$28.68,0%,"$1,067.43",$0.00,"$1,067.43",$487.56,$579.87,Credit Card,3.2,No
104713,2025-11-16,North America,Mexico,Office Supplies,Standing Desk,Retail Store,Consumer,Casey Garcia,3,$389.46,$176.76,0%,"$1,168.38",$0.00,"$1,168.38",$530.28,$638.10,Debit Card,3.7,No
104714,2025-11-16,North America,Canada,Home & Kitchen,Air Fryer,Marketplace,Consumer,Jamie Johansson,1,$127.78,$59.68,0%,$127.78,$0.00,$127.78,$59.68,$68.10,Credit Card,4.5,No
104715,2025-11-16,Europe,United Kingdom,Electronics,Bluetooth Speaker,Online,Consumer,Morgan Kim,9,$158.38,$70.94,0%,"$1,425.42",$0.00,"$1,425.42",$638.46,$786.96,Debit Card,4.8,No
104716,2025-11-16,North America,United States,Office Supplies,Monitor Arm,Retail Store,Enterprise,Wei Dubois,13,$21.57,$11.47,0%,$280.41,$0.00,$280.41,$149.11,$131.30,Credit Card,4.0,No
104717,2025-11-16,Latin America,Colombia,Home & Kitchen,Coffee Maker,Marketplace,Small Business,Priya Rossi,3,$44.31,$22.33,0%,$132.93,$0.00,$132.93,$66.99,$65.94,Credit Card,4.0,No
104718,2025-11-17,North America,United States,Health & Beauty,Electric Toothbrush,Wholesale,Enterprise,Wei Dubois,6,$52.44,$27.47,0%,$314.64,$0.00,$314.64,$164.82,$149.82,PayPal,5.0,No
104719,2025-11-17,North America,United States,Home & Kitchen,Coffee Maker,Retail Store,Consumer,Jordan Chen,6,$143.07,$57.68,0%,$858.42,$0.00,$858.42,$346.08,$512.34,Credit Card,4.7,No
104720,2025-11-17,Asia Pacific,Japan,Office Supplies,Standing Desk,Wholesale,Consumer,Alex Reyes,5,$19.94,$10.46,20%,$99.70,$19.94,$79.76,$52.30,$27.46,Credit Card,4.2,No
104721,2025-11-17,Asia Pacific,Japan,Health & Beauty,Electric Toothbrush,Marketplace,Small Business,Sofia Kowalski,4,$83.13,$49.60,0%,$332.52,$0.00,$332.52,$198.40,$134.12,Debit Card,3.1,No
104722,2025-11-17,Europe,Netherlands,Health & Beauty,Electric Toothbrush,Retail Store,Small Business,Fatima Ahmed,6,$45.51,$28.14,0%,$273.06,$0.00,$273.06,$168.84,$104.22,Credit Card,3.6,No
104723,2025-11-17,Middle East & Africa,South Africa,Apparel,Backpack,Wholesale,Consumer,Riley Muller,6,$45.81,$27.22,0%,$274.86,$0.00,$274.86,$163.32,$111.54,PayPal,3.5,No
104724,2025-11-17,North America,United States,Office Supplies,Notebook Set,Online,Enterprise,Noah Santos,1,$86.79,$38.29,10%,$86.79,$8.68,$78.11,$38.29,$39.82,Debit Card,4.0,No
104725,2025-11-17,Middle East & Africa,Saudi Arabia,Electronics,Laptop Stand,Wholesale,Consumer,Amara Costa,4,$217.06,$120.91,0%,$868.24,$0.00,$868.24,$483.64,$384.60,Credit Card,5.0,No
104726,2025-11-17,Europe,Netherlands,Electronics,Laptop Stand,Marketplace,Small Business,Noah Santos,2,$236.27,$139.58,20%,$472.54,$94.51,$378.03,$279.16,$98.87,Debit Card,4.5,No
104727,2025-11-18,Middle East & Africa,UAE,Electronics,Bluetooth Speaker,Online,Enterprise,Kenji Haddad,4,$214.02,$105.13,0%,$856.08,$0.00,$856.08,$420.52,$435.56,PayPal,4.1,No
104728,2025-11-18,North America,Canada,Electronics,Bluetooth Speaker,Online,Consumer,Casey Garcia,20,$130.67,$76.81,15%,"$2,613.40",$392.01,"$2,221.39","$1,536.20",$685.19,Credit Card,4.1,No
104729,2025-11-18,Europe,France,Health & Beauty,Fitness Tracker,Retail Store,Consumer,Cameron Nakamura,7,$110.92,$59.67,0%,$776.44,$0.00,$776.44,$417.69,$358.75,Credit Card,3.8,No
104730,2025-11-18,Asia Pacific,India,Office Supplies,Standing Desk,Marketplace,Consumer,Casey Garcia,10,$73.41,$31.73,0%,$734.10,$0.00,$734.10,$317.30,$416.80,Credit Card,4.6,No
104731,2025-11-18,Europe,France,Home & Kitchen,Coffee Maker,Online,Consumer,Priya Rossi,6,$77.19,$47.19,0%,$463.14,$0.00,$463.14,$283.14,$180.00,Credit Card,3.8,No
104732,2025-11-18,Europe,Spain,Electronics,Wireless Earbuds,Online,Small Business,Alex Reyes,9,$224.53,$127.60,20%,"$2,020.77",$404.15,"$1,616.62","$1,148.40",$468.22,Credit Card,3.2,No
104733,2025-11-18,North America,Mexico,Home & Kitchen,Cookware Set,Online,Small Business,Lucas Novak,4,$124.68,$67.12,15%,$498.72,$74.81,$423.91,$268.48,$155.43,Credit Card,4.9,No
104734,2025-11-18,Europe,Spain,Electronics,USB-C Hub,Online,Consumer,Elena Lindqvist,11,$120.58,$59.56,20%,"$1,326.38",$265.28,"$1,061.10",$655.16,$405.94,PayPal,4.7,No
104735,2025-11-19,Europe,Spain,Electronics,Bluetooth Speaker,Online,Consumer,Fatima Ahmed,8,$180.32,$82.14,10%,"$1,442.56",$144.26,"$1,298.30",$657.12,$641.18,Credit Card,4.3,No
104736,2025-11-19,Asia Pacific,Australia,Apparel,Denim Jacket,Retail Store,Enterprise,Drew Okafor,5,$26.94,$16.88,5%,$134.70,$6.74,$127.96,$84.40,$43.56,Credit Card,4.8,Yes
104737,2025-11-19,Asia Pacific,India,Home & Kitchen,Vacuum Cleaner,Online,Enterprise,Lucas Novak,12,$49.72,$24.54,10%,$596.64,$59.66,$536.98,$294.48,$242.50,Credit Card,3.8,No
104738,2025-11-19,Latin America,Brazil,Electronics,Smartwatch,Online,Consumer,Wei Dubois,1,$317.70,$136.95,0%,$317.70,$0.00,$317.70,$136.95,$180.75,PayPal,4.3,Yes
104739,2025-11-19,North America,United States,Office Supplies,Monitor Arm,Online,Consumer,Kenji Haddad,13,$168.13,$101.80,15%,"$2,185.69",$327.85,"$1,857.84","$1,323.40",$534.44,Debit Card,4.6,No
104740,2025-11-19,North America,Canada,Office Supplies,Pen Set,Online,Consumer,Diego Weber,5,$15.48,$8.39,0%,$77.40,$0.00,$77.40,$41.95,$35.45,PayPal,4.8,No
104741,2025-11-19,North America,United States,Apparel,Backpack,Retail Store,Small Business,Sam Silva,14,$31.18,$14.92,10%,$436.52,$43.65,$392.87,$208.88,$183.99,Credit Card,4.8,Yes
104742,2025-11-19,North America,Mexico,Home & Kitchen,Blender,Marketplace,Small Business,Riley Muller,5,$182.98,$116.31,10%,$914.90,$91.49,$823.41,$581.55,$241.86,PayPal,4.0,No
104743,2025-11-19,North America,Mexico,Health & Beauty,Skincare Set,Online,Enterprise,Alex Reyes,6,$103.92,$64.20,20%,$623.52,$124.70,$498.82,$385.20,$113.62,Credit Card,3.5,No
104744,2025-11-20,North America,Mexico,Electronics,Wireless Earbuds,Online,Consumer,Noah Santos,7,$344.56,$207.64,10%,"$2,411.92",$241.19,"$2,170.73","$1,453.48",$717.25,PayPal,3.9,No
104745,2025-11-20,Latin America,Brazil,Apparel,Yoga Pants,Online,Consumer,Jordan Chen,6,$129.56,$55.24,0%,$777.36,$0.00,$777.36,$331.44,$445.92,Credit Card,3.6,No
104746,2025-11-20,Europe,France,Electronics,Wireless Earbuds,Online,Consumer,Elena Lindqvist,1,$60.76,$27.55,15%,$60.76,$9.11,$51.65,$27.55,$24.10,PayPal,3.2,No
104747,2025-11-20,Europe,Spain,Office Supplies,Ergonomic Chair,Retail Store,Enterprise,Amara Costa,15,$254.98,$121.23,0%,"$3,824.70",$0.00,"$3,824.70","$1,818.45","$2,006.25",Credit Card,4.4,No
104748,2025-11-20,Middle East & Africa,Nigeria,Electronics,Wireless Earbuds,Marketplace,Small Business,Morgan Kim,4,$218.60,$99.12,15%,$874.40,$131.16,$743.24,$396.48,$346.76,Credit Card,4.3,No
104749,2025-11-20,North America,Canada,Office Supplies,Notebook Set,Wholesale,Small Business,Priya Rossi,6,$332.87,$156.19,0%,"$1,997.22",$0.00,"$1,997.22",$937.14,"$1,060.08",PayPal,3.6,No
104750,2025-11-20,Latin America,Argentina,Apparel,Yoga Pants,Online,Consumer,Lucas Novak,14,$115.15,$73.68,15%,"$1,612.10",$241.81,"$1,370.29","$1,031.52",$338.77,Credit Card,5.0,No
104751,2025-11-20,Asia Pacific,China,Office Supplies,Ergonomic Chair,Online,Consumer,Fatima Ahmed,6,$139.18,$69.81,20%,$835.08,$167.02,$668.06,$418.86,$249.20,Credit Card,3.7,No
104752,2025-11-20,Europe,France,Home & Kitchen,Toaster,Online,Consumer,Lucas Novak,4,$23.61,$11.28,0%,$94.44,$0.00,$94.44,$45.12,$49.32,Credit Card,3.7,No
104753,2025-11-21,North America,Mexico,Health & Beauty,Yoga Mat,Online,Consumer,Amara Costa,15,$100.87,$50.15,0%,"$1,513.05",$0.00,"$1,513.05",$752.25,$760.80,Credit Card,3.5,No
104754,2025-11-21,North America,Canada,Electronics,Laptop Stand,Marketplace,Consumer,Diego Weber,6,$295.47,$156.34,5%,"$1,772.82",$88.64,"$1,684.18",$938.04,$746.14,Credit Card,5.0,No
104755,2025-11-21,North America,Canada,Electronics,Wireless Earbuds,Online,Consumer,Jamie Johansson,13,$191.12,$86.68,0%,"$2,484.56",$0.00,"$2,484.56","$1,126.84","$1,357.72",Credit Card,2.6,No
104756,2025-11-21,Europe,United Kingdom,Electronics,Smartwatch,Marketplace,Consumer,Amara Costa,5,$321.95,$147.49,10%,"$1,609.75",$160.98,"$1,448.77",$737.45,$711.32,PayPal,4.4,No
104757,2025-11-21,Europe,France,Health & Beauty,Hair Dryer,Online,Small Business,Riley Muller,14,$105.92,$68.46,15%,"$1,482.88",$222.43,"$1,260.45",$958.44,$302.01,Credit Card,4.4,No
104758,2025-11-21,Asia Pacific,South Korea,Home & Kitchen,Vacuum Cleaner,Retail Store,Consumer,Taylor Patel,9,$127.65,$77.69,0%,"$1,148.85",$0.00,"$1,148.85",$699.21,$449.64,PayPal,5.0,No
104759,2025-11-21,North America,Canada,Office Supplies,Ergonomic Chair,Retail Store,Consumer,Morgan Kim,1,$259.00,$112.46,0%,$259.00,$0.00,$259.00,$112.46,$146.54,Credit Card,5.0,No
104760,2025-11-21,Europe,Germany,Apparel,Sunglasses,Online,Consumer,Sam Silva,8,$70.85,$37.29,5%,$566.80,$28.34,$538.46,$298.32,$240.14,Bank Transfer,3.6,No
104761,2025-11-21,North America,Canada,Apparel,Running Shoes,Online,Consumer,Alex Reyes,6,$148.88,$89.80,0%,$893.28,$0.00,$893.28,$538.80,$354.48,Credit Card,4.8,No
104762,2025-11-22,Asia Pacific,Japan,Home & Kitchen,Vacuum Cleaner,Online,Consumer,Priya Rossi,1,$22.14,$11.43,0%,$22.14,$0.00,$22.14,$11.43,$10.71,Bank Transfer,3.1,No
104763,2025-11-22,Latin America,Argentina,Home & Kitchen,Coffee Maker,Online,Consumer,Kenji Haddad,8,$194.84,$94.43,0%,"$1,558.72",$0.00,"$1,558.72",$755.44,$803.28,PayPal,3.7,No
104764,2025-11-22,Europe,France,Home & Kitchen,Coffee Maker,Marketplace,Consumer,Priya Rossi,6,$138.73,$80.03,5%,$832.38,$41.62,$790.76,$480.18,$310.58,Credit Card,4.3,No
104765,2025-11-22,Latin America,Brazil,Apparel,Sunglasses,Retail Store,Consumer,Jamie Johansson,7,$21.12,$11.88,5%,$147.84,$7.39,$140.45,$83.16,$57.29,PayPal,4.5,No
104766,2025-11-22,North America,Canada,Health & Beauty,Electric Toothbrush,Retail Store,Consumer,Lucas Novak,11,$58.30,$24.97,5%,$641.30,$32.06,$609.24,$274.67,$334.57,Credit Card,4.5,No
104767,2025-11-23,North America,Mexico,Office Supplies,Pen Set,Wholesale,Consumer,Noah Santos,17,$37.24,$22.20,0%,$633.08,$0.00,$633.08,$377.40,$255.68,PayPal,4.5,No
104768,2025-11-23,Asia Pacific,Japan,Electronics,Bluetooth Speaker,Retail Store,Consumer,Elena Lindqvist,14,$159.77,$77.81,0%,"$2,236.78",$0.00,"$2,236.78","$1,089.34","$1,147.44",Credit Card,3.5,No
104769,2025-11-23,Asia Pacific,India,Home & Kitchen,Blender,Retail Store,Enterprise,Elena Lindqvist,5,$94.74,$60.78,0%,$473.70,$0.00,$473.70,$303.90,$169.80,Credit Card,3.6,No
104770,2025-11-23,Europe,Italy,Electronics,USB-C Hub,Marketplace,Small Business,Jordan Chen,9,$226.95,$109.82,0%,"$2,042.55",$0.00,"$2,042.55",$988.38,"$1,054.17",Credit Card,4.4,No
104771,2025-11-23,Europe,France,Electronics,Laptop Stand,Online,Consumer,Jordan Chen,6,$283.25,$163.46,0%,"$1,699.50",$0.00,"$1,699.50",$980.76,$718.74,Credit Card,3.7,No
104772,2025-11-23,Middle East & Africa,Nigeria,Health & Beauty,Fitness Tracker,Online,Consumer,Lucas Novak,4,$99.78,$51.06,0%,$399.12,$0.00,$399.12,$204.24,$194.88,PayPal,5.0,Yes
104773,2025-11-23,Asia Pacific,Singapore,Health & Beauty,Electric Toothbrush,Wholesale,Consumer,Alex Reyes,6,$177.26,$104.35,0%,"$1,063.56",$0.00,"$1,063.56",$626.10,$437.46,Debit Card,5.0,No
104774,2025-11-23,Asia Pacific,Singapore,Home & Kitchen,Coffee Maker,Marketplace,Consumer,Sofia Kowalski,9,$47.52,$27.39,10%,$427.68,$42.77,$384.91,$246.51,$138.40,Debit Card,4.1,No
104775,2025-11-23,Europe,Germany,Office Supplies,Standing Desk,Retail Store,Consumer,Morgan Kim,13,$310.16,$199.14,5%,"$4,032.08",$201.60,"$3,830.48","$2,588.82","$1,241.66",PayPal,5.0,No
104776,2025-11-23,Europe,Italy,Health & Beauty,Yoga Mat,Marketplace,Small Business,Diego Weber,15,$84.90,$35.58,0%,"$1,273.50",$0.00,"$1,273.50",$533.70,$739.80,Credit Card,3.9,Yes
104777,2025-11-23,Europe,Spain,Office Supplies,Notebook Set,Online,Small Business,Diego Weber,4,$261.75,$163.40,0%,"$1,047.00",$0.00,"$1,047.00",$653.60,$393.40,Credit Card,4.6,No
104778,2025-11-24,Asia Pacific,India,Apparel,Denim Jacket,Online,Small Business,Wei Dubois,5,$83.96,$47.91,0%,$419.80,$0.00,$419.80,$239.55,$180.25,Debit Card,4.9,No
104779,2025-11-24,Europe,France,Apparel,Running Shoes,Online,Consumer,Diego Weber,3,$84.16,$51.16,0%,$252.48,$0.00,$252.48,$153.48,$99.00,PayPal,3.1,No
104780,2025-11-24,Europe,France,Office Supplies,Desk Organizer,Retail Store,Consumer,Casey Garcia,6,$231.56,$140.15,0%,"$1,389.36",$0.00,"$1,389.36",$840.90,$548.46,Credit Card,4.3,Yes
104781,2025-11-24,Europe,Italy,Apparel,Running Shoes,Marketplace,Small Business,Amara Costa,21,$23.73,$15.17,0%,$498.33,$0.00,$498.33,$318.57,$179.76,Debit Card,4.4,No
104782,2025-11-25,North America,Canada,Health & Beauty,Yoga Mat,Online,Consumer,Riley Muller,1,$73.05,$47.02,0%,$73.05,$0.00,$73.05,$47.02,$26.03,Credit Card,5.0,No
104783,2025-11-25,North America,Canada,Home & Kitchen,Vacuum Cleaner,Retail Store,Consumer,Taylor Patel,8,$87.23,$43.07,0%,$697.84,$0.00,$697.84,$344.56,$353.28,Credit Card,5.0,No
104784,2025-11-25,Europe,Italy,Office Supplies,Pen Set,Retail Store,Consumer,Noah Santos,5,$199.46,$120.86,5%,$997.30,$49.86,$947.44,$604.30,$343.14,Credit Card,4.1,No
104785,2025-11-25,Asia Pacific,Japan,Office Supplies,Notebook Set,Retail Store,Consumer,Riley Muller,20,$361.51,$165.86,15%,"$7,230.20","$1,084.53","$6,145.67","$3,317.20","$2,828.47",PayPal,4.7,No
104786,2025-11-25,Asia Pacific,Singapore,Apparel,Wool Sweater,Wholesale,Consumer,Sofia Kowalski,9,$105.17,$62.20,0%,$946.53,$0.00,$946.53,$559.80,$386.73,Credit Card,3.5,No
104787,2025-11-25,Europe,Spain,Office Supplies,Pen Set,Online,Small Business,Priya Rossi,12,$381.63,$167.05,0%,"$4,579.56",$0.00,"$4,579.56","$2,004.60","$2,574.96",Debit Card,4.9,No
104788,2025-11-26,Europe,Netherlands,Apparel,Backpack,Online,Small Business,Sam Silva,5,$68.73,$39.37,0%,$343.65,$0.00,$343.65,$196.85,$146.80,Credit Card,2.5,No
104789,2025-11-26,North America,United States,Home & Kitchen,Coffee Maker,Online,Small Business,Taylor Patel,5,$104.77,$60.79,0%,$523.85,$0.00,$523.85,$303.95,$219.90,Debit Card,4.8,No
104790,2025-11-26,Latin America,Argentina,Health & Beauty,Skincare Set,Marketplace,Consumer,Sam Silva,8,$97.41,$40.57,10%,$779.28,$77.93,$701.35,$324.56,$376.79,PayPal,4.3,No
104791,2025-11-26,Europe,Germany,Electronics,Power Bank,Online,Consumer,Jamie Johansson,6,$343.90,$212.72,0%,"$2,063.40",$0.00,"$2,063.40","$1,276.32",$787.08,Debit Card,3.0,No
104792,2025-11-26,Europe,Netherlands,Health & Beauty,Massage Gun,Wholesale,Consumer,Drew Okafor,4,$66.55,$29.58,0%,$266.20,$0.00,$266.20,$118.32,$147.88,PayPal,3.7,No
104793,2025-11-26,North America,United States,Electronics,Bluetooth Speaker,Retail Store,Consumer,Noah Santos,8,$337.35,$172.81,10%,"$2,698.80",$269.88,"$2,428.92","$1,382.48","$1,046.44",Bank Transfer,5.0,No
104794,2025-11-27,North America,Mexico,Electronics,Bluetooth Speaker,Wholesale,Small Business,Alex Reyes,16,$199.63,$107.83,0%,"$3,194.08",$0.00,"$3,194.08","$1,725.28","$1,468.80",Credit Card,3.6,No
104795,2025-11-27,Europe,Netherlands,Health & Beauty,Hair Dryer,Marketplace,Small Business,Drew Okafor,1,$37.39,$15.27,0%,$37.39,$0.00,$37.39,$15.27,$22.12,Debit Card,3.4,No
104796,2025-11-28,Europe,Italy,Office Supplies,Desk Organizer,Online,Consumer,Wei Dubois,1,$279.12,$166.65,0%,$279.12,$0.00,$279.12,$166.65,$112.47,Debit Card,3.3,No
104797,2025-11-28,North America,United States,Office Supplies,Standing Desk,Online,Small Business,Alex Reyes,14,$386.63,$242.71,0%,"$5,412.82",$0.00,"$5,412.82","$3,397.94","$2,014.88",Credit Card,4.5,No
104798,2025-11-28,North America,Mexico,Home & Kitchen,Air Fryer,Online,Consumer,Lucas Novak,11,$164.94,$75.39,0%,"$1,814.34",$0.00,"$1,814.34",$829.29,$985.05,Credit Card,5.0,No
104799,2025-11-28,Asia Pacific,China,Health & Beauty,Massage Gun,Marketplace,Small Business,Sofia Kowalski,8,$66.16,$39.01,0%,$529.28,$0.00,$529.28,$312.08,$217.20,Credit Card,4.5,No
104800,2025-11-28,Asia Pacific,Japan,Home & Kitchen,Vacuum Cleaner,Marketplace,Consumer,Kenji Haddad,7,$76.88,$46.06,0%,$538.16,$0.00,$538.16,$322.42,$215.74,PayPal,3.9,No
104801,2025-11-28,Europe,Germany,Apparel,Backpack,Online,Consumer,Amara Costa,12,$76.45,$36.32,0%,$917.40,$0.00,$917.40,$435.84,$481.56,Cash,4.6,No
104802,2025-11-28,North America,United States,Electronics,USB-C Hub,Retail Store,Small Business,Elena Lindqvist,11,$345.09,$205.04,10%,"$3,795.99",$379.60,"$3,416.39","$2,255.44","$1,160.95",Debit Card,4.9,No
104803,2025-11-28,Europe,United Kingdom,Home & Kitchen,Coffee Maker,Online,Consumer,Elena Lindqvist,2,$203.91,$99.99,0%,$407.82,$0.00,$407.82,$199.98,$207.84,Bank Transfer,4.3,No
104804,2025-11-29,Asia Pacific,China,Home & Kitchen,Vacuum Cleaner,Retail Store,Consumer,Priya Rossi,1,$195.17,$101.92,5%,$195.17,$9.76,$185.41,$101.92,$83.49,Cash,5.0,No
104805,2025-11-29,Asia Pacific,Japan,Office Supplies,Monitor Arm,Retail Store,Consumer,Riley Muller,2,$278.24,$139.72,0%,$556.48,$0.00,$556.48,$279.44,$277.04,PayPal,2.8,No
104806,2025-11-29,Europe,Germany,Home & Kitchen,Coffee Maker,Retail Store,Small Business,Sofia Kowalski,3,$131.35,$66.04,0%,$394.05,$0.00,$394.05,$198.12,$195.93,Credit Card,3.3,No
104807,2025-11-29,North America,Canada,Home & Kitchen,Blender,Online,Consumer,Lucas Novak,1,$91.77,$58.04,10%,$91.77,$9.18,$82.59,$58.04,$24.55,Credit Card,5.0,No
104808,2025-11-29,North America,United States,Health & Beauty,Hair Dryer,Retail Store,Small Business,Sofia Kowalski,12,$139.51,$64.59,0%,"$1,674.12",$0.00,"$1,674.12",$775.08,$899.04,Credit Card,5.0,Yes
104809,2025-11-29,North America,United States,Office Supplies,Standing Desk,Online,Small Business,Alex Reyes,9,$313.83,$190.48,0%,"$2,824.47",$0.00,"$2,824.47","$1,714.32","$1,110.15",Debit Card,3.4,No
104810,2025-11-29,North America,Canada,Office Supplies,Standing Desk,Online,Small Business,Sam Silva,10,$152.86,$86.46,0%,"$1,528.60",$0.00,"$1,528.60",$864.60,$664.00,PayPal,4.0,No
104811,2025-11-29,Latin America,Brazil,Electronics,Wireless Earbuds,Retail Store,Small Business,Sofia Kowalski,8,$90.08,$50.46,0%,$720.64,$0.00,$720.64,$403.68,$316.96,Cash,3.5,No
104812,2025-11-30,Asia Pacific,Singapore,Health & Beauty,Skincare Set,Retail Store,Small Business,Amara Costa,3,$157.39,$75.68,5%,$472.17,$23.61,$448.56,$227.04,$221.52,Credit Card,4.7,Yes
104813,2025-11-30,Asia Pacific,Australia,Electronics,Laptop Stand,Online,Consumer,Casey Garcia,9,$159.38,$65.42,5%,"$1,434.42",$71.72,"$1,362.70",$588.78,$773.92,PayPal,4.5,Yes
104814,2025-11-30,North America,Mexico,Home & Kitchen,Vacuum Cleaner,Marketplace,Consumer,Wei Dubois,14,$72.00,$32.16,0%,"$1,008.00",$0.00,"$1,008.00",$450.24,$557.76,Debit Card,3.0,No
104815,2025-11-30,North America,Canada,Apparel,Wool Sweater,Wholesale,Consumer,Jordan Chen,3,$60.48,$39.10,20%,$181.44,$36.29,$145.15,$117.30,$27.85,PayPal,5.0,No
104816,2025-11-30,North America,Mexico,Electronics,USB-C Hub,Marketplace,Consumer,Sofia Kowalski,7,$229.25,$127.83,0%,"$1,604.75",$0.00,"$1,604.75",$894.81,$709.94,Credit Card,4.1,No
104817,2025-11-30,North America,Canada,Home & Kitchen,Cookware Set,Online,Consumer,Diego Weber,8,$140.04,$69.55,5%,"$1,120.32",$56.02,"$1,064.30",$556.40,$507.90,Bank Transfer,5.0,No
104818,2025-11-30,North America,Mexico,Electronics,Bluetooth Speaker,Retail Store,Consumer,Priya Rossi,14,$192.17,$97.70,0%,"$2,690.38",$0.00,"$2,690.38","$1,367.80","$1,322.58",PayPal,4.5,No
104819,2025-11-30,Asia Pacific,China,Office Supplies,Pen Set,Online,Consumer,Cameron Nakamura,6,$208.89,$121.93,5%,"$1,253.34",$62.67,"$1,190.67",$731.58,$459.09,Debit Card,4.0,No
104820,2025-11-30,North America,Mexico,Apparel,Yoga Pants,Online,Enterprise,Riley Muller,9,$65.16,$26.72,5%,$586.44,$29.32,$557.12,$240.48,$316.64,Credit Card,5.0,No
104821,2025-11-30,Latin America,Brazil,Home & Kitchen,Air Fryer,Marketplace,Small Business,Lucas Novak,2,$159.04,$101.76,0%,$318.08,$0.00,$318.08,$203.52,$114.56,Debit Card,4.2,No
104822,2025-11-30,North America,Mexico,Office Supplies,Ergonomic Chair,Marketplace,Consumer,Cameron Nakamura,18,$93.14,$57.48,0%,"$1,676.52",$0.00,"$1,676.52","$1,034.64",$641.88,Bank Transfer,3.5,No
104823,2025-12-01,Europe,Spain,Office Supplies,Desk Organizer,Wholesale,Consumer,Noah Santos,2,$36.31,$17.91,5%,$72.62,$3.63,$68.99,$35.82,$33.17,Credit Card,4.5,No
104824,2025-12-01,North America,United States,Electronics,Power Bank,Marketplace,Consumer,Amara Costa,15,$62.18,$40.11,0%,$932.70,$0.00,$932.70,$601.65,$331.05,Debit Card,4.9,No
104825,2025-12-01,Asia Pacific,India,Apparel,Wool Sweater,Retail Store,Small Business,Fatima Ahmed,12,$33.23,$14.92,15%,$398.76,$59.81,$338.95,$179.04,$159.91,Credit Card,3.8,No
104826,2025-12-01,North America,Canada,Office Supplies,Desk Organizer,Marketplace,Consumer,Jamie Johansson,6,$112.34,$49.95,10%,$674.04,$67.40,$606.64,$299.70,$306.94,PayPal,4.7,No
104827,2025-12-01,Latin America,Colombia,Electronics,Power Bank,Online,Consumer,Alex Reyes,2,$160.70,$92.30,10%,$321.40,$32.14,$289.26,$184.60,$104.66,Credit Card,5.0,No
104828,2025-12-01,Latin America,Argentina,Apparel,Denim Jacket,Retail Store,Small Business,Casey Garcia,6,$117.88,$68.68,0%,$707.28,$0.00,$707.28,$412.08,$295.20,Bank Transfer,4.0,No
104829,2025-12-01,Asia Pacific,India,Home & Kitchen,Air Fryer,Online,Consumer,Sofia Kowalski,16,$87.20,$47.01,0%,"$1,395.20",$0.00,"$1,395.20",$752.16,$643.04,Debit Card,4.1,No
104830,2025-12-02,Europe,United Kingdom,Apparel,Wool Sweater,Online,Consumer,Jamie Johansson,3,$110.26,$44.85,0%,$330.78,$0.00,$330.78,$134.55,$196.23,Credit Card,4.2,No
104831,2025-12-02,North America,Mexico,Apparel,Backpack,Marketplace,Consumer,Sam Silva,3,$40.28,$20.18,0%,$120.84,$0.00,$120.84,$60.54,$60.30,Debit Card,4.8,No
104832,2025-12-02,Europe,Netherlands,Home & Kitchen,Air Fryer,Online,Small Business,Alex Reyes,13,$49.08,$25.55,15%,$638.04,$95.71,$542.33,$332.15,$210.18,Debit Card,3.4,No
104833,2025-12-02,Europe,Netherlands,Health & Beauty,Skincare Set,Retail Store,Consumer,Alex Reyes,6,$43.66,$19.76,10%,$261.96,$26.20,$235.76,$118.56,$117.20,Credit Card,4.4,No
104834,2025-12-02,Asia Pacific,Japan,Office Supplies,Pen Set,Retail Store,Small Business,Lucas Novak,24,$220.58,$104.23,5%,"$5,293.92",$264.70,"$5,029.22","$2,501.52","$2,527.70",Credit Card,4.1,No
104835,2025-12-03,Europe,United Kingdom,Apparel,Sunglasses,Online,Consumer,Jamie Johansson,7,$117.61,$49.79,5%,$823.27,$41.16,$782.11,$348.53,$433.58,Credit Card,4.4,No
104836,2025-12-03,North America,Canada,Apparel,Running Shoes,Marketplace,Small Business,Wei Dubois,5,$79.26,$41.78,0%,$396.30,$0.00,$396.30,$208.90,$187.40,Credit Card,4.8,No
104837,2025-12-03,Europe,Germany,Health & Beauty,Electric Toothbrush,Retail Store,Small Business,Amara Costa,12,$70.80,$41.11,5%,$849.60,$42.48,$807.12,$493.32,$313.80,Credit Card,4.6,No
104838,2025-12-03,Europe,Spain,Health & Beauty,Fitness Tracker,Marketplace,Enterprise,Taylor Patel,4,$28.72,$12.80,0%,$114.88,$0.00,$114.88,$51.20,$63.68,Bank Transfer,5.0,No
104839,2025-12-03,North America,Mexico,Electronics,Smartwatch,Marketplace,Small Business,Diego Weber,20,$164.55,$78.17,0%,"$3,291.00",$0.00,"$3,291.00","$1,563.40","$1,727.60",Credit Card,3.8,No
104840,2025-12-03,Europe,United Kingdom,Apparel,Wool Sweater,Marketplace,Consumer,Wei Dubois,10,$85.11,$34.91,10%,$851.10,$85.11,$765.99,$349.10,$416.89,Debit Card,3.8,Yes
104841,2025-12-04,North America,Canada,Office Supplies,Notebook Set,Online,Enterprise,Sofia Kowalski,3,$357.69,$222.61,0%,"$1,073.07",$0.00,"$1,073.07",$667.83,$405.24,Credit Card,3.1,No
104842,2025-12-04,Asia Pacific,Singapore,Home & Kitchen,Coffee Maker,Marketplace,Consumer,Kenji Haddad,6,$199.88,$96.77,0%,"$1,199.28",$0.00,"$1,199.28",$580.62,$618.66,PayPal,4.0,No
104843,2025-12-04,Latin America,Argentina,Apparel,Denim Jacket,Retail Store,Enterprise,Elena Lindqvist,3,$52.78,$21.40,0%,$158.34,$0.00,$158.34,$64.20,$94.14,Debit Card,5.0,No
104844,2025-12-04,Europe,Spain,Home & Kitchen,Air Fryer,Retail Store,Consumer,Alex Reyes,7,$137.31,$81.48,15%,$961.17,$144.18,$816.99,$570.36,$246.63,Credit Card,4.1,No
104845,2025-12-04,Europe,Germany,Apparel,Sunglasses,Online,Consumer,Priya Rossi,5,$49.33,$27.86,0%,$246.65,$0.00,$246.65,$139.30,$107.35,Credit Card,4.2,No
104846,2025-12-04,Latin America,Argentina,Health & Beauty,Electric Toothbrush,Online,Consumer,Cameron Nakamura,11,$87.63,$43.39,10%,$963.93,$96.39,$867.54,$477.29,$390.25,Bank Transfer,4.3,No
104847,2025-12-04,Europe,United Kingdom,Apparel,Denim Jacket,Online,Small Business,Jamie Johansson,9,$95.76,$43.91,0%,$861.84,$0.00,$861.84,$395.19,$466.65,Debit Card,4.0,No
104848,2025-12-04,Middle East & Africa,Saudi Arabia,Health & Beauty,Fitness Tracker,Online,Consumer,Sam Silva,14,$103.74,$53.64,0%,"$1,452.36",$0.00,"$1,452.36",$750.96,$701.40,Debit Card,3.5,No
104849,2025-12-04,Europe,Netherlands,Health & Beauty,Yoga Mat,Online,Consumer,Noah Santos,13,$13.70,$6.12,0%,$178.10,$0.00,$178.10,$79.56,$98.54,Bank Transfer,4.2,No
104850,2025-12-04,Europe,Germany,Health & Beauty,Electric Toothbrush,Online,Consumer,Lucas Novak,6,$14.73,$5.95,10%,$88.38,$8.84,$79.54,$35.70,$43.84,Bank Transfer,5.0,No
104851,2025-12-04,Europe,Spain,Electronics,Bluetooth Speaker,Online,Consumer,Amara Costa,3,$173.30,$108.33,0%,$519.90,$0.00,$519.90,$324.99,$194.91,Bank Transfer,3.5,No
104852,2025-12-04,Latin America,Colombia,Office Supplies,Desk Organizer,Marketplace,Enterprise,Sam Silva,3,$179.54,$100.81,0%,$538.62,$0.00,$538.62,$302.43,$236.19,Credit Card,5.0,No
104853,2025-12-05,Europe,United Kingdom,Health & Beauty,Fitness Tracker,Retail Store,Small Business,Elena Lindqvist,6,$23.25,$13.30,5%,$139.50,$6.98,$132.52,$79.80,$52.72,PayPal,3.8,Yes
104854,2025-12-05,Asia Pacific,Japan,Apparel,Backpack,Retail Store,Consumer,Noah Santos,5,$48.74,$22.36,0%,$243.70,$0.00,$243.70,$111.80,$131.90,Credit Card,3.6,No
104855,2025-12-05,Asia Pacific,Australia,Apparel,Wool Sweater,Marketplace,Consumer,Taylor Patel,8,$111.18,$70.80,0%,$889.44,$0.00,$889.44,$566.40,$323.04,Debit Card,3.7,No
104856,2025-12-06,North America,United States,Office Supplies,Standing Desk,Online,Consumer,Sofia Kowalski,5,$379.74,$214.54,0%,"$1,898.70",$0.00,"$1,898.70","$1,072.70",$826.00,Credit Card,3.7,No
104857,2025-12-07,Europe,France,Office Supplies,Desk Organizer,Retail Store,Small Business,Taylor Patel,13,$18.99,$9.70,15%,$246.87,$37.03,$209.84,$126.10,$83.74,Credit Card,4.2,No
104858,2025-12-07,Asia Pacific,Singapore,Office Supplies,Ergonomic Chair,Online,Small Business,Amara Costa,6,$40.40,$22.78,0%,$242.40,$0.00,$242.40,$136.68,$105.72,Credit Card,4.8,No
104859,2025-12-07,Europe,United Kingdom,Electronics,Wireless Earbuds,Retail Store,Small Business,Diego Weber,3,$47.64,$30.66,10%,$142.92,$14.29,$128.63,$91.98,$36.65,Credit Card,5.0,No
104860,2025-12-07,Latin America,Colombia,Electronics,Wireless Earbuds,Online,Consumer,Alex Reyes,11,$311.44,$156.50,20%,"$3,425.84",$685.17,"$2,740.67","$1,721.50","$1,019.17",Credit Card,4.3,No
104861,2025-12-08,North America,Mexico,Office Supplies,Notebook Set,Retail Store,Enterprise,Drew Okafor,14,$209.00,$107.70,0%,"$2,926.00",$0.00,"$2,926.00","$1,507.80","$1,418.20",Credit Card,3.7,No
104862,2025-12-08,Asia Pacific,China,Apparel,Wool Sweater,Marketplace,Enterprise,Sofia Kowalski,22,$81.44,$40.46,0%,"$1,791.68",$0.00,"$1,791.68",$890.12,$901.56,PayPal,4.8,No
104863,2025-12-08,Middle East & Africa,Saudi Arabia,Electronics,USB-C Hub,Wholesale,Consumer,Sofia Kowalski,7,$288.76,$165.97,0%,"$2,021.32",$0.00,"$2,021.32","$1,161.79",$859.53,PayPal,4.0,No
104864,2025-12-08,Europe,Germany,Home & Kitchen,Blender,Retail Store,Consumer,Lucas Novak,4,$212.85,$108.75,0%,$851.40,$0.00,$851.40,$435.00,$416.40,Debit Card,3.9,No
104865,2025-12-08,Latin America,Chile,Apparel,Sunglasses,Online,Enterprise,Wei Dubois,2,$21.12,$10.91,0%,$42.24,$0.00,$42.24,$21.82,$20.42,Credit Card,2.8,No
104866,2025-12-09,Asia Pacific,Japan,Office Supplies,Monitor Arm,Marketplace,Consumer,Casey Garcia,17,$218.95,$126.62,0%,"$3,722.15",$0.00,"$3,722.15","$2,152.54","$1,569.61",Credit Card,3.7,No
104867,2025-12-09,Asia Pacific,Japan,Office Supplies,Desk Organizer,Retail Store,Consumer,Priya Rossi,3,$113.88,$65.45,0%,$341.64,$0.00,$341.64,$196.35,$145.29,Bank Transfer,3.1,No
104868,2025-12-09,Europe,Germany,Health & Beauty,Hair Dryer,Online,Enterprise,Elena Lindqvist,8,$159.28,$78.58,0%,"$1,274.24",$0.00,"$1,274.24",$628.64,$645.60,Bank Transfer,4.6,No
104869,2025-12-09,Asia Pacific,Singapore,Electronics,Laptop Stand,Online,Small Business,Jordan Chen,3,$275.61,$157.35,0%,$826.83,$0.00,$826.83,$472.05,$354.78,PayPal,4.1,No
104870,2025-12-09,Middle East & Africa,UAE,Office Supplies,Monitor Arm,Marketplace,Enterprise,Noah Santos,7,$89.08,$37.35,5%,$623.56,$31.18,$592.38,$261.45,$330.93,Credit Card,3.4,No
104871,2025-12-09,Europe,United Kingdom,Office Supplies,Ergonomic Chair,Online,Small Business,Elena Lindqvist,4,$176.34,$97.01,10%,$705.36,$70.54,$634.82,$388.04,$246.78,Bank Transfer,5.0,No
104872,2025-12-09,Europe,Germany,Health & Beauty,Hair Dryer,Online,Consumer,Alex Reyes,11,$47.17,$21.60,5%,$518.87,$25.94,$492.93,$237.60,$255.33,PayPal,4.7,No
104873,2025-12-10,Middle East & Africa,UAE,Office Supplies,Pen Set,Online,Enterprise,Amara Costa,6,$34.78,$15.62,5%,$208.68,$10.43,$198.25,$93.72,$104.53,Credit Card,4.1,No
104874,2025-12-10,Middle East & Africa,South Africa,Office Supplies,Standing Desk,Marketplace,Enterprise,Sofia Kowalski,19,$281.21,$115.57,0%,"$5,342.99",$0.00,"$5,342.99","$2,195.83","$3,147.16",Debit Card,3.1,No
104875,2025-12-10,Europe,France,Electronics,Smartwatch,Online,Small Business,Sofia Kowalski,8,$278.78,$112.74,0%,"$2,230.24",$0.00,"$2,230.24",$901.92,"$1,328.32",Credit Card,3.8,No
104876,2025-12-10,Europe,Spain,Apparel,Wool Sweater,Wholesale,Consumer,Noah Santos,1,$110.34,$56.92,0%,$110.34,$0.00,$110.34,$56.92,$53.42,Credit Card,3.7,No
104877,2025-12-10,North America,United States,Apparel,Denim Jacket,Retail Store,Consumer,Elena Lindqvist,9,$69.06,$40.95,15%,$621.54,$93.23,$528.31,$368.55,$159.76,Bank Transfer,3.9,No
104878,2025-12-10,Asia Pacific,South Korea,Apparel,Backpack,Online,Consumer,Fatima Ahmed,11,$61.82,$36.69,15%,$680.02,$102.00,$578.02,$403.59,$174.43,Debit Card,3.0,No
104879,2025-12-10,Europe,Italy,Home & Kitchen,Vacuum Cleaner,Online,Consumer,Cameron Nakamura,7,$83.78,$34.30,0%,$586.46,$0.00,$586.46,$240.10,$346.36,Credit Card,5.0,No
104880,2025-12-10,North America,Canada,Electronics,Bluetooth Speaker,Marketplace,Consumer,Drew Okafor,1,$137.83,$59.35,0%,$137.83,$0.00,$137.83,$59.35,$78.48,Debit Card,4.4,No
104881,2025-12-11,Asia Pacific,Singapore,Apparel,Yoga Pants,Marketplace,Enterprise,Kenji Haddad,9,$147.54,$65.14,5%,"$1,327.86",$66.39,"$1,261.47",$586.26,$675.21,PayPal,4.5,No
104882,2025-12-11,Asia Pacific,China,Health & Beauty,Hair Dryer,Wholesale,Small Business,Priya Rossi,15,$37.08,$17.56,0%,$556.20,$0.00,$556.20,$263.40,$292.80,Cash,4.2,No
104883,2025-12-11,Asia Pacific,Japan,Office Supplies,Desk Organizer,Retail Store,Consumer,Kenji Haddad,9,$71.70,$29.08,0%,$645.30,$0.00,$645.30,$261.72,$383.58,Credit Card,4.7,No
104884,2025-12-11,Europe,United Kingdom,Office Supplies,Notebook Set,Retail Store,Small Business,Wei Dubois,3,$133.10,$67.07,15%,$399.30,$59.90,$339.40,$201.21,$138.19,Cash,4.1,No
104885,2025-12-12,Asia Pacific,South Korea,Office Supplies,Notebook Set,Online,Consumer,Amara Costa,1,$168.06,$93.25,0%,$168.06,$0.00,$168.06,$93.25,$74.81,Credit Card,4.9,No
104886,2025-12-12,Europe,United Kingdom,Office Supplies,Monitor Arm,Online,Consumer,Wei Dubois,8,$305.21,$126.49,0%,"$2,441.68",$0.00,"$2,441.68","$1,011.92","$1,429.76",Debit Card,5.0,No
104887,2025-12-13,Asia Pacific,South Korea,Office Supplies,Standing Desk,Online,Small Business,Taylor Patel,1,$77.12,$35.65,0%,$77.12,$0.00,$77.12,$35.65,$41.47,Bank Transfer,3.9,No
104888,2025-12-13,Middle East & Africa,UAE,Home & Kitchen,Cookware Set,Online,Consumer,Casey Garcia,5,$47.77,$23.56,0%,$238.85,$0.00,$238.85,$117.80,$121.05,PayPal,5.0,No
104889,2025-12-13,Asia Pacific,China,Office Supplies,Pen Set,Online,Small Business,Jordan Chen,6,$180.02,$113.54,10%,"$1,080.12",$108.01,$972.11,$681.24,$290.87,PayPal,4.3,No
104890,2025-12-13,North America,Mexico,Health & Beauty,Hair Dryer,Retail Store,Consumer,Morgan Kim,2,$14.83,$6.20,0%,$29.66,$0.00,$29.66,$12.40,$17.26,Credit Card,3.9,No
104891,2025-12-13,North America,United States,Electronics,Laptop Stand,Retail Store,Enterprise,Kenji Haddad,4,$110.53,$58.23,5%,$442.12,$22.11,$420.01,$232.92,$187.09,Debit Card,4.4,No
104892,2025-12-14,Europe,France,Office Supplies,Pen Set,Retail Store,Consumer,Wei Dubois,1,$268.00,$124.53,5%,$268.00,$13.40,$254.60,$124.53,$130.07,PayPal,3.7,No
104893,2025-12-14,Europe,Netherlands,Apparel,Yoga Pants,Online,Consumer,Diego Weber,7,$134.36,$87.06,0%,$940.52,$0.00,$940.52,$609.42,$331.10,Cash,3.7,Yes
104894,2025-12-14,Middle East & Africa,UAE,Home & Kitchen,Coffee Maker,Online,Consumer,Lucas Novak,4,$95.42,$45.71,0%,$381.68,$0.00,$381.68,$182.84,$198.84,Credit Card,4.2,No
104895,2025-12-14,Latin America,Colombia,Health & Beauty,Hair Dryer,Marketplace,Small Business,Fatima Ahmed,5,$84.04,$46.28,0%,$420.20,$0.00,$420.20,$231.40,$188.80,Bank Transfer,3.9,No
104896,2025-12-14,Europe,Italy,Home & Kitchen,Coffee Maker,Online,Consumer,Morgan Kim,4,$175.24,$107.05,5%,$700.96,$35.05,$665.91,$428.20,$237.71,Credit Card,4.8,No
104897,2025-12-14,North America,Canada,Apparel,Sunglasses,Online,Consumer,Jamie Johansson,3,$66.37,$33.42,5%,$199.11,$9.96,$189.15,$100.26,$88.89,Credit Card,4.1,No
104898,2025-12-14,Middle East & Africa,Saudi Arabia,Health & Beauty,Hair Dryer,Online,Consumer,Elena Lindqvist,2,$102.57,$51.86,20%,$205.14,$41.03,$164.11,$103.72,$60.39,Credit Card,5.0,No
104899,2025-12-14,North America,Mexico,Home & Kitchen,Blender,Retail Store,Consumer,Alex Reyes,10,$161.13,$96.99,10%,"$1,611.30",$161.13,"$1,450.17",$969.90,$480.27,Credit Card,4.2,No
104900,2025-12-14,Asia Pacific,China,Electronics,USB-C Hub,Online,Consumer,Diego Weber,1,$25.89,$13.68,0%,$25.89,$0.00,$25.89,$13.68,$12.21,Credit Card,3.9,No
104901,2025-12-15,Asia Pacific,Singapore,Electronics,Bluetooth Speaker,Marketplace,Small Business,Drew Okafor,7,$73.21,$30.77,5%,$512.47,$25.62,$486.85,$215.39,$271.46,Credit Card,2.7,No
104902,2025-12-15,North America,Canada,Home & Kitchen,Blender,Online,Consumer,Cameron Nakamura,6,$169.01,$78.15,0%,"$1,014.06",$0.00,"$1,014.06",$468.90,$545.16,PayPal,3.9,No
104903,2025-12-15,Latin America,Colombia,Apparel,Yoga Pants,Online,Consumer,Priya Rossi,5,$138.32,$88.85,10%,$691.60,$69.16,$622.44,$444.25,$178.19,Credit Card,3.9,No
104904,2025-12-15,North America,Mexico,Health & Beauty,Hair Dryer,Marketplace,Enterprise,Jamie Johansson,9,$69.50,$40.99,5%,$625.50,$31.28,$594.22,$368.91,$225.31,Credit Card,3.9,No
104905,2025-12-15,Europe,United Kingdom,Apparel,Sunglasses,Marketplace,Consumer,Lucas Novak,8,$144.25,$78.46,0%,"$1,154.00",$0.00,"$1,154.00",$627.68,$526.32,Credit Card,3.6,No
104906,2025-12-15,Latin America,Colombia,Home & Kitchen,Blender,Wholesale,Consumer,Jamie Johansson,4,$90.24,$36.88,0%,$360.96,$0.00,$360.96,$147.52,$213.44,PayPal,4.0,No
104907,2025-12-16,Europe,United Kingdom,Electronics,USB-C Hub,Wholesale,Consumer,Noah Santos,10,$102.88,$44.09,5%,"$1,028.80",$51.44,$977.36,$440.90,$536.46,Bank Transfer,4.1,No
104908,2025-12-16,Asia Pacific,China,Office Supplies,Monitor Arm,Retail Store,Consumer,Alex Reyes,4,$399.51,$211.89,0%,"$1,598.04",$0.00,"$1,598.04",$847.56,$750.48,Bank Transfer,3.5,Yes
104909,2025-12-16,Europe,United Kingdom,Home & Kitchen,Vacuum Cleaner,Marketplace,Small Business,Morgan Kim,12,$76.07,$38.89,5%,$912.84,$45.64,$867.20,$466.68,$400.52,PayPal,2.9,No
104910,2025-12-16,Latin America,Colombia,Apparel,Yoga Pants,Online,Consumer,Wei Dubois,10,$133.79,$70.08,0%,"$1,337.90",$0.00,"$1,337.90",$700.80,$637.10,PayPal,4.3,No
104911,2025-12-16,Europe,Netherlands,Electronics,Laptop Stand,Online,Consumer,Sofia Kowalski,17,$263.36,$146.76,10%,"$4,477.12",$447.71,"$4,029.41","$2,494.92","$1,534.49",Cash,5.0,No
104912,2025-12-16,Europe,United Kingdom,Health & Beauty,Skincare Set,Online,Consumer,Noah Santos,7,$135.49,$70.14,5%,$948.43,$47.42,$901.01,$490.98,$410.03,Credit Card,3.8,No
104913,2025-12-17,Latin America,Argentina,Office Supplies,Standing Desk,Marketplace,Consumer,Cameron Nakamura,7,$394.65,$252.80,5%,"$2,762.55",$138.13,"$2,624.42","$1,769.60",$854.82,Credit Card,4.0,No
104914,2025-12-17,North America,Mexico,Electronics,Laptop Stand,Retail Store,Consumer,Amara Costa,3,$228.63,$102.68,0%,$685.89,$0.00,$685.89,$308.04,$377.85,Debit Card,3.5,No
104915,2025-12-18,North America,United States,Electronics,Power Bank,Retail Store,Consumer,Priya Rossi,3,$47.43,$27.02,5%,$142.29,$7.11,$135.18,$81.06,$54.12,Credit Card,4.0,No
104916,2025-12-18,Europe,Germany,Health & Beauty,Electric Toothbrush,Online,Small Business,Jamie Johansson,10,$50.87,$31.23,0%,$508.70,$0.00,$508.70,$312.30,$196.40,Debit Card,4.1,No
104917,2025-12-18,North America,Canada,Electronics,USB-C Hub,Online,Consumer,Sam Silva,4,$236.33,$119.53,0%,$945.32,$0.00,$945.32,$478.12,$467.20,Credit Card,3.0,No
104918,2025-12-18,Europe,Spain,Apparel,Wool Sweater,Wholesale,Small Business,Casey Garcia,12,$146.83,$68.31,10%,"$1,761.96",$176.20,"$1,585.76",$819.72,$766.04,Credit Card,3.7,Yes
104919,2025-12-18,Europe,Netherlands,Health & Beauty,Fitness Tracker,Retail Store,Consumer,Cameron Nakamura,7,$163.21,$88.53,0%,"$1,142.47",$0.00,"$1,142.47",$619.71,$522.76,Credit Card,4.1,No
104920,2025-12-19,Asia Pacific,South Korea,Health & Beauty,Hair Dryer,Retail Store,Small Business,Jamie Johansson,1,$14.21,$7.14,5%,$14.21,$0.71,$13.50,$7.14,$6.36,Credit Card,3.5,No
104921,2025-12-19,North America,United States,Office Supplies,Monitor Arm,Online,Small Business,Fatima Ahmed,5,$381.06,$169.65,10%,"$1,905.30",$190.53,"$1,714.77",$848.25,$866.52,Cash,4.7,No
104922,2025-12-19,Asia Pacific,Japan,Electronics,Smartwatch,Marketplace,Enterprise,Jamie Johansson,6,$269.53,$139.48,0%,"$1,617.18",$0.00,"$1,617.18",$836.88,$780.30,Credit Card,4.4,No
104923,2025-12-19,Latin America,Colombia,Apparel,Backpack,Wholesale,Consumer,Taylor Patel,3,$95.29,$54.77,0%,$285.87,$0.00,$285.87,$164.31,$121.56,Debit Card,4.2,No
104924,2025-12-20,Middle East & Africa,UAE,Office Supplies,Standing Desk,Online,Consumer,Taylor Patel,5,$34.77,$16.31,5%,$173.85,$8.69,$165.16,$81.55,$83.61,Debit Card,5.0,No
104925,2025-12-20,North America,Canada,Health & Beauty,Yoga Mat,Online,Consumer,Taylor Patel,7,$44.99,$21.52,10%,$314.93,$31.49,$283.44,$150.64,$132.80,Credit Card,3.8,No
104926,2025-12-20,North America,Mexico,Office Supplies,Notebook Set,Retail Store,Consumer,Lucas Novak,22,$295.93,$125.07,0%,"$6,510.46",$0.00,"$6,510.46","$2,751.54","$3,758.92",Debit Card,5.0,No
104927,2025-12-20,North America,Canada,Electronics,Bluetooth Speaker,Marketplace,Small Business,Morgan Kim,7,$34.46,$21.14,0%,$241.22,$0.00,$241.22,$147.98,$93.24,Credit Card,3.9,No
104928,2025-12-20,Europe,Germany,Apparel,Running Shoes,Marketplace,Small Business,Diego Weber,2,$130.99,$75.15,0%,$261.98,$0.00,$261.98,$150.30,$111.68,Credit Card,3.7,No
104929,2025-12-21,Asia Pacific,Australia,Home & Kitchen,Toaster,Marketplace,Consumer,Sofia Kowalski,2,$175.17,$73.59,5%,$350.34,$17.52,$332.82,$147.18,$185.64,Credit Card,4.6,No
104930,2025-12-21,Asia Pacific,South Korea,Electronics,Bluetooth Speaker,Marketplace,Enterprise,Lucas Novak,10,$144.10,$89.27,0%,"$1,441.00",$0.00,"$1,441.00",$892.70,$548.30,Credit Card,4.1,No
104931,2025-12-21,Asia Pacific,India,Electronics,Power Bank,Online,Small Business,Jordan Chen,4,$329.52,$147.61,15%,"$1,318.08",$197.71,"$1,120.37",$590.44,$529.93,Credit Card,4.0,No
104932,2025-12-21,North America,United States,Health & Beauty,Massage Gun,Online,Consumer,Sofia Kowalski,8,$120.59,$76.43,0%,$964.72,$0.00,$964.72,$611.44,$353.28,Credit Card,3.7,No
104933,2025-12-21,Europe,Netherlands,Health & Beauty,Massage Gun,Online,Enterprise,Jamie Johansson,3,$165.46,$89.55,0%,$496.38,$0.00,$496.38,$268.65,$227.73,Debit Card,3.4,No
104934,2025-12-21,Europe,France,Health & Beauty,Fitness Tracker,Online,Consumer,Amara Costa,22,$53.74,$21.95,0%,"$1,182.28",$0.00,"$1,182.28",$482.90,$699.38,Bank Transfer,3.8,No
104935,2025-12-21,Europe,United Kingdom,Office Supplies,Desk Organizer,Retail Store,Consumer,Kenji Haddad,5,$173.90,$85.18,0%,$869.50,$0.00,$869.50,$425.90,$443.60,PayPal,3.5,No
104936,2025-12-21,North America,United States,Apparel,Yoga Pants,Marketplace,Enterprise,Casey Garcia,6,$52.44,$24.78,0%,$314.64,$0.00,$314.64,$148.68,$165.96,Credit Card,4.5,No
104937,2025-12-22,North America,Mexico,Home & Kitchen,Air Fryer,Online,Consumer,Noah Santos,3,$144.91,$59.76,0%,$434.73,$0.00,$434.73,$179.28,$255.45,Cash,4.0,No
104938,2025-12-22,Europe,Netherlands,Office Supplies,Desk Organizer,Online,Small Business,Wei Dubois,12,$41.20,$23.67,0%,$494.40,$0.00,$494.40,$284.04,$210.36,Debit Card,2.9,No
104939,2025-12-22,Europe,Spain,Electronics,USB-C Hub,Wholesale,Small Business,Casey Garcia,1,$46.73,$26.31,0%,$46.73,$0.00,$46.73,$26.31,$20.42,Debit Card,3.6,No
104940,2025-12-23,North America,United States,Health & Beauty,Massage Gun,Retail Store,Consumer,Amara Costa,1,$169.57,$100.49,0%,$169.57,$0.00,$169.57,$100.49,$69.08,PayPal,4.2,No
104941,2025-12-23,Latin America,Argentina,Apparel,Wool Sweater,Retail Store,Small Business,Wei Dubois,2,$136.88,$69.53,0%,$273.76,$0.00,$273.76,$139.06,$134.70,Credit Card,4.8,No
104942,2025-12-23,Latin America,Brazil,Apparel,Sunglasses,Retail Store,Small Business,Elena Lindqvist,11,$140.67,$70.08,15%,"$1,547.37",$232.11,"$1,315.26",$770.88,$544.38,Bank Transfer,4.4,No
104943,2025-12-24,Asia Pacific,Singapore,Electronics,USB-C Hub,Marketplace,Small Business,Fatima Ahmed,10,$260.85,$113.46,0%,"$2,608.50",$0.00,"$2,608.50","$1,134.60","$1,473.90",Credit Card,4.6,No
104944,2025-12-24,Europe,Germany,Home & Kitchen,Vacuum Cleaner,Marketplace,Consumer,Drew Okafor,9,$31.24,$13.53,0%,$281.16,$0.00,$281.16,$121.77,$159.39,Credit Card,3.5,No
104945,2025-12-24,Europe,United Kingdom,Office Supplies,Monitor Arm,Retail Store,Consumer,Noah Santos,8,$75.25,$48.16,0%,$602.00,$0.00,$602.00,$385.28,$216.72,Credit Card,3.8,No
104946,2025-12-25,Europe,United Kingdom,Electronics,Bluetooth Speaker,Online,Consumer,Drew Okafor,12,$325.12,$205.81,0%,"$3,901.44",$0.00,"$3,901.44","$2,469.72","$1,431.72",PayPal,4.7,No
104947,2025-12-25,North America,United States,Apparel,Sunglasses,Wholesale,Consumer,Sofia Kowalski,5,$32.25,$19.74,0%,$161.25,$0.00,$161.25,$98.70,$62.55,Credit Card,4.9,No
104948,2025-12-25,Europe,Spain,Apparel,Wool Sweater,Marketplace,Consumer,Diego Weber,13,$122.56,$72.92,0%,"$1,593.28",$0.00,"$1,593.28",$947.96,$645.32,Bank Transfer,5.0,No
104949,2025-12-25,Asia Pacific,Singapore,Apparel,Denim Jacket,Marketplace,Enterprise,Cameron Nakamura,8,$93.10,$49.75,20%,$744.80,$148.96,$595.84,$398.00,$197.84,Credit Card,2.2,Yes
104950,2025-12-25,Europe,Spain,Office Supplies,Desk Organizer,Online,Consumer,Jamie Johansson,8,$251.31,$130.48,0%,"$2,010.48",$0.00,"$2,010.48","$1,043.84",$966.64,Bank Transfer,4.6,No
104951,2025-12-25,North America,Mexico,Apparel,Backpack,Online,Consumer,Diego Weber,1,$110.36,$62.47,0%,$110.36,$0.00,$110.36,$62.47,$47.89,Debit Card,4.1,No
104952,2025-12-25,North America,Mexico,Office Supplies,Ergonomic Chair,Marketplace,Consumer,Jordan Chen,20,$290.38,$136.42,5%,"$5,807.60",$290.38,"$5,517.22","$2,728.40","$2,788.82",Bank Transfer,3.9,Yes
104953,2025-12-25,North America,Canada,Home & Kitchen,Cookware Set,Online,Small Business,Cameron Nakamura,20,$167.54,$106.41,5%,"$3,350.80",$167.54,"$3,183.26","$2,128.20","$1,055.06",Credit Card,3.8,No
104954,2025-12-26,North America,Mexico,Office Supplies,Notebook Set,Online,Consumer,Noah Santos,6,$348.88,$183.73,15%,"$2,093.28",$313.99,"$1,779.29","$1,102.38",$676.91,Bank Transfer,4.1,No
104955,2025-12-26,Middle East & Africa,South Africa,Apparel,Backpack,Retail Store,Enterprise,Wei Dubois,9,$78.93,$44.59,0%,$710.37,$0.00,$710.37,$401.31,$309.06,Debit Card,4.1,No
104956,2025-12-26,Asia Pacific,Australia,Apparel,Denim Jacket,Marketplace,Consumer,Riley Muller,6,$39.32,$21.05,0%,$235.92,$0.00,$235.92,$126.30,$109.62,PayPal,3.7,No
104957,2025-12-26,Middle East & Africa,UAE,Apparel,Wool Sweater,Online,Consumer,Sofia Kowalski,12,$88.55,$46.70,5%,"$1,062.60",$53.13,"$1,009.47",$560.40,$449.07,Cash,3.5,No
104958,2025-12-26,Asia Pacific,Australia,Health & Beauty,Massage Gun,Online,Enterprise,Casey Garcia,1,$141.71,$59.24,0%,$141.71,$0.00,$141.71,$59.24,$82.47,Credit Card,4.0,No
104959,2025-12-26,North America,Canada,Home & Kitchen,Blender,Online,Enterprise,Lucas Novak,21,$190.08,$92.74,0%,"$3,991.68",$0.00,"$3,991.68","$1,947.54","$2,044.14",Debit Card,4.1,No
104960,2025-12-26,Latin America,Colombia,Apparel,Yoga Pants,Retail Store,Small Business,Jordan Chen,10,$145.74,$93.61,0%,"$1,457.40",$0.00,"$1,457.40",$936.10,$521.30,Bank Transfer,4.0,No
104961,2025-12-26,Europe,Germany,Health & Beauty,Electric Toothbrush,Online,Consumer,Morgan Kim,5,$56.64,$35.93,5%,$283.20,$14.16,$269.04,$179.65,$89.39,Bank Transfer,3.7,No
104962,2025-12-26,North America,Mexico,Electronics,Smartwatch,Online,Consumer,Jamie Johansson,5,$196.21,$78.89,5%,$981.05,$49.05,$932.00,$394.45,$537.55,Debit Card,3.8,No
104963,2025-12-26,North America,Canada,Electronics,Power Bank,Retail Store,Enterprise,Cameron Nakamura,14,$204.81,$103.35,0%,"$2,867.34",$0.00,"$2,867.34","$1,446.90","$1,420.44",Credit Card,4.2,No
104964,2025-12-26,North America,Canada,Health & Beauty,Skincare Set,Online,Small Business,Morgan Kim,4,$27.75,$13.11,0%,$111.00,$0.00,$111.00,$52.44,$58.56,Credit Card,4.0,No
104965,2025-12-26,North America,Canada,Health & Beauty,Electric Toothbrush,Online,Small Business,Noah Santos,11,$24.30,$10.57,0%,$267.30,$0.00,$267.30,$116.27,$151.03,Debit Card,4.7,No
104966,2025-12-26,North America,United States,Home & Kitchen,Toaster,Marketplace,Consumer,Casey Garcia,12,$34.56,$20.10,0%,$414.72,$0.00,$414.72,$241.20,$173.52,Debit Card,4.0,Yes
104967,2025-12-26,Europe,Netherlands,Apparel,Sunglasses,Wholesale,Consumer,Noah Santos,11,$21.56,$13.43,0%,$237.16,$0.00,$237.16,$147.73,$89.43,Debit Card,4.9,No
104968,2025-12-27,Middle East & Africa,UAE,Electronics,Laptop Stand,Online,Enterprise,Priya Rossi,6,$218.06,$95.78,0%,"$1,308.36",$0.00,"$1,308.36",$574.68,$733.68,Credit Card,3.4,No
104969,2025-12-27,North America,Mexico,Home & Kitchen,Air Fryer,Online,Consumer,Fatima Ahmed,10,$123.46,$71.45,0%,"$1,234.60",$0.00,"$1,234.60",$714.50,$520.10,Credit Card,4.8,No
104970,2025-12-27,North America,Mexico,Electronics,Power Bank,Online,Consumer,Taylor Patel,4,$173.86,$97.57,0%,$695.44,$0.00,$695.44,$390.28,$305.16,Debit Card,3.3,No
104971,2025-12-27,Asia Pacific,South Korea,Home & Kitchen,Blender,Online,Consumer,Taylor Patel,12,$205.80,$101.54,0%,"$2,469.60",$0.00,"$2,469.60","$1,218.48","$1,251.12",Cash,3.7,No
104972,2025-12-27,Latin America,Brazil,Home & Kitchen,Vacuum Cleaner,Retail Store,Consumer,Fatima Ahmed,17,$203.06,$131.85,0%,"$3,452.02",$0.00,"$3,452.02","$2,241.45","$1,210.57",Debit Card,4.6,No
104973,2025-12-27,Middle East & Africa,South Africa,Home & Kitchen,Blender,Online,Consumer,Alex Reyes,23,$143.78,$72.61,0%,"$3,306.94",$0.00,"$3,306.94","$1,670.03","$1,636.91",Bank Transfer,4.7,No
104974,2025-12-27,Europe,Spain,Electronics,Power Bank,Retail Store,Consumer,Elena Lindqvist,9,$319.50,$201.96,5%,"$2,875.50",$143.78,"$2,731.72","$1,817.64",$914.08,Credit Card,4.3,No
104975,2025-12-27,Latin America,Chile,Electronics,Bluetooth Speaker,Marketplace,Consumer,Sofia Kowalski,7,$46.95,$27.74,0%,$328.65,$0.00,$328.65,$194.18,$134.47,Credit Card,4.4,No
104976,2025-12-27,Latin America,Colombia,Apparel,Yoga Pants,Retail Store,Consumer,Diego Weber,10,$82.76,$53.21,0%,$827.60,$0.00,$827.60,$532.10,$295.50,Bank Transfer,4.5,No
104977,2025-12-27,Europe,Spain,Apparel,Sunglasses,Online,Consumer,Lucas Novak,8,$74.60,$43.12,0%,$596.80,$0.00,$596.80,$344.96,$251.84,Cash,3.3,No
104978,2025-12-27,Asia Pacific,China,Apparel,Yoga Pants,Online,Small Business,Sofia Kowalski,7,$73.46,$29.83,0%,$514.22,$0.00,$514.22,$208.81,$305.41,Cash,3.3,No
104979,2025-12-27,North America,Mexico,Apparel,Running Shoes,Marketplace,Consumer,Taylor Patel,12,$60.31,$29.96,0%,$723.72,$0.00,$723.72,$359.52,$364.20,Debit Card,4.8,Yes
104980,2025-12-28,Europe,France,Apparel,Denim Jacket,Marketplace,Consumer,Kenji Haddad,5,$69.60,$32.87,0%,$348.00,$0.00,$348.00,$164.35,$183.65,Credit Card,3.7,No
104981,2025-12-28,Europe,Germany,Office Supplies,Pen Set,Marketplace,Enterprise,Noah Santos,12,$202.87,$95.16,0%,"$2,434.44",$0.00,"$2,434.44","$1,141.92","$1,292.52",PayPal,3.7,No
104982,2025-12-28,North America,Mexico,Electronics,Smartwatch,Online,Consumer,Priya Rossi,14,$48.11,$22.54,20%,$673.54,$134.71,$538.83,$315.56,$223.27,Cash,3.9,No
104983,2025-12-28,Asia Pacific,India,Office Supplies,Notebook Set,Online,Consumer,Casey Garcia,6,$396.45,$169.21,0%,"$2,378.70",$0.00,"$2,378.70","$1,015.26","$1,363.44",Credit Card,4.5,No
104984,2025-12-28,Latin America,Chile,Electronics,Power Bank,Marketplace,Consumer,Lucas Novak,3,$128.92,$56.00,10%,$386.76,$38.68,$348.08,$168.00,$180.08,Credit Card,4.9,No
104985,2025-12-28,Europe,France,Electronics,Smartwatch,Marketplace,Small Business,Alex Reyes,11,$199.10,$115.78,15%,"$2,190.10",$328.52,"$1,861.58","$1,273.58",$588.00,Credit Card,4.0,No
104986,2025-12-28,North America,Mexico,Electronics,Power Bank,Online,Small Business,Drew Okafor,8,$97.87,$44.62,0%,$782.96,$0.00,$782.96,$356.96,$426.00,Credit Card,4.2,No
104987,2025-12-28,North America,United States,Home & Kitchen,Cookware Set,Online,Small Business,Noah Santos,11,$156.93,$97.59,0%,"$1,726.23",$0.00,"$1,726.23","$1,073.49",$652.74,Credit Card,4.0,No
104988,2025-12-29,North America,Canada,Office Supplies,Standing Desk,Online,Consumer,Diego Weber,5,$344.98,$169.11,0%,"$1,724.90",$0.00,"$1,724.90",$845.55,$879.35,Credit Card,4.1,No
104989,2025-12-29,North America,United States,Health & Beauty,Electric Toothbrush,Online,Consumer,Jordan Chen,13,$133.89,$79.28,5%,"$1,740.57",$87.03,"$1,653.54","$1,030.64",$622.90,Bank Transfer,5.0,No
104990,2025-12-29,North America,Mexico,Apparel,Sunglasses,Marketplace,Enterprise,Cameron Nakamura,11,$71.93,$46.00,0%,$791.23,$0.00,$791.23,$506.00,$285.23,PayPal,4.5,No
104991,2025-12-29,Asia Pacific,India,Office Supplies,Ergonomic Chair,Marketplace,Consumer,Sofia Kowalski,18,$71.77,$31.63,0%,"$1,291.86",$0.00,"$1,291.86",$569.34,$722.52,Bank Transfer,4.3,No
104992,2025-12-29,Latin America,Argentina,Electronics,Smartwatch,Online,Consumer,Sam Silva,13,$256.09,$137.64,15%,"$3,329.17",$499.38,"$2,829.79","$1,789.32","$1,040.47",Debit Card,3.6,No
104993,2025-12-29,Asia Pacific,South Korea,Home & Kitchen,Air Fryer,Online,Consumer,Elena Lindqvist,8,$159.06,$81.94,0%,"$1,272.48",$0.00,"$1,272.48",$655.52,$616.96,Debit Card,5.0,No
104994,2025-12-29,Europe,Spain,Home & Kitchen,Blender,Marketplace,Consumer,Jamie Johansson,4,$109.82,$67.75,0%,$439.28,$0.00,$439.28,$271.00,$168.28,Bank Transfer,3.8,No
104995,2025-12-30,Europe,Netherlands,Home & Kitchen,Blender,Retail Store,Small Business,Priya Rossi,9,$84.04,$43.76,0%,$756.36,$0.00,$756.36,$393.84,$362.52,Credit Card,4.8,No
104996,2025-12-30,Europe,Italy,Home & Kitchen,Toaster,Marketplace,Consumer,Jamie Johansson,8,$131.70,$63.96,5%,"$1,053.60",$52.68,"$1,000.92",$511.68,$489.24,Cash,5.0,Yes
104997,2025-12-30,North America,Mexico,Office Supplies,Standing Desk,Retail Store,Consumer,Jordan Chen,3,$282.11,$162.41,10%,$846.33,$84.63,$761.70,$487.23,$274.47,Cash,5.0,No
104998,2025-12-30,North America,United States,Home & Kitchen,Vacuum Cleaner,Retail Store,Consumer,Taylor Patel,6,$80.35,$47.10,0%,$482.10,$0.00,$482.10,$282.60,$199.50,PayPal,3.0,No
104999,2025-12-30,North America,Canada,Health & Beauty,Electric Toothbrush,Online,Consumer,Priya Rossi,5,$153.17,$82.89,10%,$765.85,$76.59,$689.26,$414.45,$274.81,PayPal,3.1,No
105000,2025-12-30,Middle East & Africa,South Africa,Office Supplies,Monitor Arm,Wholesale,Small Business,Amara Costa,4,$194.95,$90.17,15%,$779.80,$116.97,$662.83,$360.68,$302.15,Credit Card,4.5,No
